Record Block ID,Records ID,Beetle Host,Beetle Host IDs,pathogens,categories,organism source,infection site,ecological relationship,identification method,validation type,experimental conditions,country or region,year,source,title,doi or full text,full text
3cd970ea-0cac-81fa-ba94-f7228de6f722,1,Ips typographus,3cd970ea-0cac-81e7-bd37-c7209a5601d7,Beauveria bassiana,Fungi,laboratory cultivated,cuticular contact,pathogen,not stated,virulence test,laboratory,Romania,2013,"Andrei et al., 2013","Andrei, A. M., Lupăştean, D., Ciornei, C., Fătu, A. C., & Dinu, M. M. (2013). Laboratory Beauveria bassiana (Bals.) Vuill. bioassays on spruce bark beetle (Ips typographus L.). IOBC/WPRS Bulletin, 90, 93-96.",https://d1wqtxts1xzle7.cloudfront.net/38148702/F_93-96_Andrei-libre.pdf?1436519753=&response-content-disposition=inline%3B+filename%3DLaboratory_Beauveria_bassiana_Bals_Vuill.pdf&Expires=1784059045&Signature=Lhl6rzlh4PtHA4hHUycn7bsiAo0dBg-86gMJexuzzu71ZOPb4ClYnB0SGsUcJ3lDYPqMYEfq4UVsbiNAivENrL7getYgOnAWzEmDKNdFkfINnTzOHyATnG2jI7CPnfFrJwWzaZ2f5pTJ4K9cvE~ChL7WWtQUu6QR6aZHoKxggcUAyMWq~ylf~U6iP88U-cwvaJ2Vu9TgC1ny3bhQyD25fLPQtqPi-VNP2ltEvSwtrDAr0rBKlG5khokRogsyvzaY8f62W3hb73Wj0KugR0bHzbAoyTdrMFcS1opxsTo6Zcse53Mr1ksBzcdokibFCn9CAIx0txj0G5DhWSJcZN~VWw__&Key-Pair-Id=APKAJLOHF5GGSLRBV4ZA,full text
3cd970ea-0cac-8145-9975-e84062ad6bdb,2,Scolytus ventralis,3cd970ea-0cac-8188-8580-c20e1d961821,Sulphuretylenchus elongatus,Nematode,field collected natural observation,cuticle integument,parasite,not stated,,field natural observation,United States,1970,"Ashraf and Berryman, 1970","Ashraf, M., Berryman, A.A., 1970. Biology of Sulphuretylenchus elongatus (Nematoda: Spaerulariidae) and its effect on its host Scolytus ventralis (Coleoptera: Scolytidae). Can. Entomol. 102, 197–213.",https://doi.org/10.4039/Ent102197-2,full text
3cd970ea-0cac-816f-bec0-e7706bc5fd12,3,Scolytus ventralis,3cd970ea-0cac-8188-8580-c20e1d961821,Sulphuretylenchus elongatus,Nematode,field collected natural observation,cuticle integument,parasite,not stated,,field natural observation,,1968,"Ashraf, 1968","Ashraf, M., 1968. Biological studies of Scolytus ventralis Le Conte (Coleoptera: Scolytidae) with particular reference to nematode parasite Sulphuretylenchus elongatus Massey. Ph.D. thesis, Washington State University, Pullman.",https://www.cabidigitallibrary.org/doi/full/10.5555/19690601073,only English abstract
3cd970ea-0cac-8135-aae7-c97851869429,4,Dendroctonus frontalis,3cd970ea-0cac-81b5-b18d-f10167e662e3,Unikaryon minutum,Microsporidia,samples from traps,,,,,,United States,1979,"Atkinson and Wilkinson, 1979","Atkinson, T.H., Wilkinson, R.C., 1979. Microsporidian and nematode incidence in live-trapped and reared southern pine beetle adults. Fla. Entomol. 62, 169–175.",https://doi.org/10.2307/3494054,full text
3cd970ea-0cac-8187-acbd-c820ec6687bd,5,Dendroctonus frontalis,3cd970ea-0cac-81b5-b18d-f10167e662e3,Contortylenchus brevicomi,Nematode,samples from traps,,parasite,,,,United States,1979,"Atkinson and Wilkinson, 1979","Atkinson, T.H., Wilkinson, R.C., 1979. Microsporidian and nematode incidence in live-trapped and reared southern pine beetle adults. Fla. Entomol. 62, 169–175.",https://doi.org/10.2307/3494054,full text
3cd970ea-0cac-8199-bf1d-f8c7e5ff5f14,6,Xyleborus glabratus,3cd970ea-0cac-81b5-913d-d75e0febd6ed,Beauveria bassiana,Fungi,commercial strain,undetermined,pathogen,,virulence test,laboratory,,2018,"Avery et al., 2018","Avery, P. B., Bojorque, V., Gámez, C., Duncan, R. E., Carrillo, D., & Cave, R. D. (2018). Spore acquisition and survival of ambrosia beetles associated with the laurel wilt pathogen in avocados after exposure to entomopathogenic fungi. Insects, 9(2), 49.",https://doi.org/10.3390/insects9020049,full text
3cd970ea-0cac-814c-95da-c86bc8885f90,7,Xyleborus glabratus,3cd970ea-0cac-81b5-913d-d75e0febd6ed,Metarhizium brunneum,Fungi,commercial strain,undetermined,pathogen,,virulence test,laboratory,,2018,"Avery et al., 2018","Avery, P. B., Bojorque, V., Gámez, C., Duncan, R. E., Carrillo, D., & Cave, R. D. (2018). Spore acquisition and survival of ambrosia beetles associated with the laurel wilt pathogen in avocados after exposure to entomopathogenic fungi. Insects, 9(2), 49.",https://doi.org/10.3390/insects9020049,full text
3cd970ea-0cac-817f-b99b-dbf90b4d662e,8,Xyleborus glabratus,3cd970ea-0cac-81b5-913d-d75e0febd6ed,Isaria fumosorosea,Fungi,commercial strain,undetermined,pathogen,,virulence test,laboratory,,2018,"Avery et al., 2018","Avery, P. B., Bojorque, V., Gámez, C., Duncan, R. E., Carrillo, D., & Cave, R. D. (2018). Spore acquisition and survival of ambrosia beetles associated with the laurel wilt pathogen in avocados after exposure to entomopathogenic fungi. Insects, 9(2), 49.",https://doi.org/10.3390/insects9020049,full text
3cd970ea-0cac-81ac-a839-c47f32552b3a,9,Xylosandrus crassiusculus,3cd970ea-0cac-815f-84ee-ec79540cabee,Beauveria bassiana,Fungi,commercial strain,undetermined,pathogen,,virulence test,laboratory,,2018,"Avery et al., 2018","Avery, P. B., Bojorque, V., Gámez, C., Duncan, R. E., Carrillo, D., & Cave, R. D. (2018). Spore acquisition and survival of ambrosia beetles associated with the laurel wilt pathogen in avocados after exposure to entomopathogenic fungi. Insects, 9(2), 49.",https://doi.org/10.3390/insects9020049,full text
3cd970ea-0cac-8179-8a8b-fce527d61064,10,Xylosandrus crassiusculus,3cd970ea-0cac-815f-84ee-ec79540cabee,Metarhizium brunneum,Fungi,commercial strain,undetermined,pathogen,,virulence test,laboratory,,2018,"Avery et al., 2018","Avery, P. B., Bojorque, V., Gámez, C., Duncan, R. E., Carrillo, D., & Cave, R. D. (2018). Spore acquisition and survival of ambrosia beetles associated with the laurel wilt pathogen in avocados after exposure to entomopathogenic fungi. Insects, 9(2), 49.",https://doi.org/10.3390/insects9020049,full text
3cd970ea-0cac-81e9-9db4-dfb021e9522c,11,Xylosandrus crassiusculus,3cd970ea-0cac-815f-84ee-ec79540cabee,Isaria fumosorosea,Fungi,commercial strain,undetermined,pathogen,,virulence test,laboratory,,2018,"Avery et al., 2018","Avery, P. B., Bojorque, V., Gámez, C., Duncan, R. E., Carrillo, D., & Cave, R. D. (2018). Spore acquisition and survival of ambrosia beetles associated with the laurel wilt pathogen in avocados after exposure to entomopathogenic fungi. Insects, 9(2), 49.",https://doi.org/10.3390/insects9020049,full text
3cd970ea-0cac-8174-b8d0-d069b5660a09,12,Xyleborus volvulus,3cd970ea-0cac-8173-91cf-d920cf5f5be9,Beauveria bassiana,Fungi,commercial strain,undetermined,pathogen,,virulence test,laboratory,,2018,"Avery et al., 2018","Avery, P. B., Bojorque, V., Gámez, C., Duncan, R. E., Carrillo, D., & Cave, R. D. (2018). Spore acquisition and survival of ambrosia beetles associated with the laurel wilt pathogen in avocados after exposure to entomopathogenic fungi. Insects, 9(2), 49.",https://doi.org/10.3390/insects9020049,full text
3cd970ea-0cac-81b4-93e2-cbe3142bdafc,13,Xyleborus volvulus,3cd970ea-0cac-8173-91cf-d920cf5f5be9,Metarhizium brunneum,Fungi,commercial strain,undetermined,pathogen,,virulence test,laboratory,,2018,"Avery et al., 2018","Avery, P. B., Bojorque, V., Gámez, C., Duncan, R. E., Carrillo, D., & Cave, R. D. (2018). Spore acquisition and survival of ambrosia beetles associated with the laurel wilt pathogen in avocados after exposure to entomopathogenic fungi. Insects, 9(2), 49.",https://doi.org/10.3390/insects9020049,full text
3cd970ea-0cac-811a-a748-d143e4192112,14,Xyleborus volvulus,3cd970ea-0cac-8173-91cf-d920cf5f5be9,Isaria fumosorosea,Fungi,commercial strain,undetermined,pathogen,,virulence test,laboratory,,2018,"Avery et al., 2018","Avery, P. B., Bojorque, V., Gámez, C., Duncan, R. E., Carrillo, D., & Cave, R. D. (2018). Spore acquisition and survival of ambrosia beetles associated with the laurel wilt pathogen in avocados after exposure to entomopathogenic fungi. Insects, 9(2), 49.",https://doi.org/10.3390/insects9020049,full text
3cd970ea-0cac-812e-b1ed-db2ef234cab9,15,Xyleborus bispinatus,3cd970ea-0cac-81d8-845a-eb65503f6b35,Beauveria bassiana,Fungi,commercial strain,undetermined,pathogen,,virulence test,laboratory,,2018,"Avery et al., 2018","Avery, P. B., Bojorque, V., Gámez, C., Duncan, R. E., Carrillo, D., & Cave, R. D. (2018). Spore acquisition and survival of ambrosia beetles associated with the laurel wilt pathogen in avocados after exposure to entomopathogenic fungi. Insects, 9(2), 49.",https://doi.org/10.3390/insects9020049,full text
3cd970ea-0cac-8165-9840-d346bdfb54fa,16,Xyleborus bispinatus,3cd970ea-0cac-81d8-845a-eb65503f6b35,Metarhizium brunneum,Fungi,commercial strain,undetermined,pathogen,,virulence test,laboratory,,2018,"Avery et al., 2018","Avery, P. B., Bojorque, V., Gámez, C., Duncan, R. E., Carrillo, D., & Cave, R. D. (2018). Spore acquisition and survival of ambrosia beetles associated with the laurel wilt pathogen in avocados after exposure to entomopathogenic fungi. Insects, 9(2), 49.",https://doi.org/10.3390/insects9020049,full text
3cd970ea-0cac-8113-b19f-ff38adeadb27,17,Xyleborus bispinatus,3cd970ea-0cac-81d8-845a-eb65503f6b35,Isaria fumosorosea,Fungi,commercial strain,undetermined,pathogen,,virulence test,laboratory,,2018,"Avery et al., 2018","Avery, P. B., Bojorque, V., Gámez, C., Duncan, R. E., Carrillo, D., & Cave, R. D. (2018). Spore acquisition and survival of ambrosia beetles associated with the laurel wilt pathogen in avocados after exposure to entomopathogenic fungi. Insects, 9(2), 49.",https://doi.org/10.3390/insects9020049,full text
3cd970ea-0cac-8132-a78e-d47c1eebfe16,18,Scolytus multistriatus,3cd970ea-0cac-81d9-bda0-ca455fdf65b6,Beauveria bassiana,Fungi,,,,,,,,1967,"Balazy et al., 1967","Bałazy, S., Bargielski, J., Ziółkowski, G., & Czerwińska, C. (1967). Śmiertelność dorosłych chrząszczy kornika drukarza–Ips typographus (L.)(Col., Scolytidae) w żerowiskachijej przyczyny. Polskie Pismo Entomologiczne, 37(1), 201-205.",,non full-text
3cd970ea-0cac-817b-a4d0-d9b09d7a25b3,19,Scolytus ratzeburgi,3cd970ea-0cac-81a2-9878-da1338425f66,Beauveria bassiana,Fungi,,,,,,,,1967,"Balazy et al., 1967","Bałazy, S., Bargielski, J., Ziółkowski, G., & Czerwińska, C. (1967). Śmiertelność dorosłych chrząszczy kornika drukarza–Ips typographus (L.)(Col., Scolytidae) w żerowiskachijej przyczyny. Polskie Pismo Entomologiczne, 37(1), 201-205.",,non full-text
3cd970ea-0cac-818e-a0fa-d8a5755d0e08,20,Scolytus scolytus,3cd970ea-0cac-818b-a96b-ee29650d93b8,Beauveria bassiana,Fungi,,,,,,,,1967,"Balazy et al., 1967","Bałazy, S., Bargielski, J., Ziółkowski, G., & Czerwińska, C. (1967). Śmiertelność dorosłych chrząszczy kornika drukarza–Ips typographus (L.)(Col., Scolytidae) w żerowiskachijej przyczyny. Polskie Pismo Entomologiczne, 37(1), 201-205.",,non full-text
3cd970ea-0cac-8198-8225-fc63863ecbf7,21,Scolytus laevis,3cd970ea-0cac-8119-a403-c6e226165996,Beauveria bassiana,Fungi,,,,,,,,1967,"Balazy et al., 1967","Bałazy, S., Bargielski, J., Ziółkowski, G., & Czerwińska, C. (1967). Śmiertelność dorosłych chrząszczy kornika drukarza–Ips typographus (L.)(Col., Scolytidae) w żerowiskachijej przyczyny. Polskie Pismo Entomologiczne, 37(1), 201-205.",,non full-text
3cd970ea-0cac-81b4-9313-d846600a13e3,22,Polygraphus poligraphus,3cd970ea-0cac-8198-96bc-d4687d039075,Beauveria bassiana,Fungi,,,,,,,,1967,"Balazy et al., 1967","Bałazy, S., Bargielski, J., Ziółkowski, G., & Czerwińska, C. (1967). Śmiertelność dorosłych chrząszczy kornika drukarza–Ips typographus (L.)(Col., Scolytidae) w żerowiskachijej przyczyny. Polskie Pismo Entomologiczne, 37(1), 201-205.",,non full-text
3cd970ea-0cac-81b3-80ec-c41110da59c9,23,Hylurgops palliatus,3cd970ea-0cac-816f-b74a-dc5ef373dcda,Beauveria bassiana,Fungi,,,,,,,,1967,"Balazy et al., 1967","Bałazy, S., Bargielski, J., Ziółkowski, G., & Czerwińska, C. (1967). Śmiertelność dorosłych chrząszczy kornika drukarza–Ips typographus (L.)(Col., Scolytidae) w żerowiskachijej przyczyny. Polskie Pismo Entomologiczne, 37(1), 201-205.",,non full-text
3cd970ea-0cac-819d-9ebd-fe6d44278528,24,Hylastes opacus,3cd970ea-0cac-8157-8634-c2f4a969b71c,Beauveria bassiana,Fungi,,,,,,,,1967,"Balazy et al., 1967","Bałazy, S., Bargielski, J., Ziółkowski, G., & Czerwińska, C. (1967). Śmiertelność dorosłych chrząszczy kornika drukarza–Ips typographus (L.)(Col., Scolytidae) w żerowiskachijej przyczyny. Polskie Pismo Entomologiczne, 37(1), 201-205.",,non full-text
3cd970ea-0cac-81ad-bb7d-f15ec0fced03,25,Dryocoetes autographus,3cd970ea-0cac-81b6-87c6-e583eea30425,Beauveria bassiana,Fungi,,,,,,,,1967,"Balazy et al., 1967","Bałazy, S., Bargielski, J., Ziółkowski, G., & Czerwińska, C. (1967). Śmiertelność dorosłych chrząszczy kornika drukarza–Ips typographus (L.)(Col., Scolytidae) w żerowiskachijej przyczyny. Polskie Pismo Entomologiczne, 37(1), 201-205.",,non full-text
3cd970ea-0cac-8158-86ad-ee138efa8a32,26,Leperesinus fraxini,3cd970ea-0cac-81e8-b348-cc3ce20b5b95,Beauveria bassiana,Fungi,,,,,,,,1967,"Balazy et al., 1967","Bałazy, S., Bargielski, J., Ziółkowski, G., & Czerwińska, C. (1967). Śmiertelność dorosłych chrząszczy kornika drukarza–Ips typographus (L.)(Col., Scolytidae) w żerowiskachijej przyczyny. Polskie Pismo Entomologiczne, 37(1), 201-205.",,non full-text
3cd970ea-0cac-8150-81c1-decf5eea982e,27,Ips amitinus,3cd970ea-0cac-815a-a757-ffcc6a0735b5,Beauveria bassiana,Fungi,,,,,,,,1967,"Balazy et al., 1967","Bałazy, S., Bargielski, J., Ziółkowski, G., & Czerwińska, C. (1967). Śmiertelność dorosłych chrząszczy kornika drukarza–Ips typographus (L.)(Col., Scolytidae) w żerowiskachijej przyczyny. Polskie Pismo Entomologiczne, 37(1), 201-205.",,non full-text
3cd970ea-0cac-819f-9d4d-eaee118d155a,28,Ips typographus,3cd970ea-0cac-81e7-bd37-c7209a5601d7,Isaria farinosa,Fungi,,,,,,,,1967,"Balazy et al., 1967","Bałazy, S., Bargielski, J., Ziółkowski, G., & Czerwińska, C. (1967). Śmiertelność dorosłych chrząszczy kornika drukarza–Ips typographus (L.)(Col., Scolytidae) w żerowiskachijej przyczyny. Polskie Pismo Entomologiczne, 37(1), 201-205.",,non full-text
3cd970ea-0cac-818d-9020-d33b6a3283d5,29,Ips acuminatus,3cd970ea-0cac-81e3-9078-eb847964ce01,Beauveria bassiana,Fungi,,,pathogen,,,,Poland,1987,"Balazy et al., 1987","Bałazy, S., Michalski, J., Ratajczak, E., 1987. Contribution to the knowledge of natural enemies of Ips acuminatus Gyll. (Coleoptera; Scolytidae). Polskie Pismo Entomologiczne 57, 735–745.",https://www.cabidigitallibrary.org/doi/full/10.5555/19901181403,only English abstract
3cd970ea-0cac-817d-9d10-f5810ee40d74,30,Ips acuminatus,3cd970ea-0cac-81e3-9078-eb847964ce01,Contortylenchus acuminati,Nematode,,,associate,,,,Poland,1987,"Balazy et al., 1987","Bałazy, S., Michalski, J., Ratajczak, E., 1987. Contribution to the knowledge of natural enemies of Ips acuminatus Gyll. (Coleoptera; Scolytidae). Polskie Pismo Entomologiczne 57, 735–745.",https://www.cabidigitallibrary.org/doi/full/10.5555/19901181403,only English abstract
3cd970ea-0cac-8128-9739-c6ef617db5c5,31,Scolytus multistriatus,3cd970ea-0cac-81d9-bda0-ca455fdf65b6,Beauveria bassiana,Fungi,,,,,,,Poland,1962,"Balazy, 1962","Bałazy, S., 1962. Observations on appearing of some entomogenous fungi of fungi imperfecti group of forest insects. Polskie Pismo Entomologiczne, 149–164, Ser. B, 3–4.",,
3cd970ea-0cac-8176-b9e0-f02abf562330,32,Scolytus ratzeburgi,3cd970ea-0cac-81a2-9878-da1338425f66,Beauveria bassiana,Fungi,,,,,,,Poland,1962,"Balazy, 1962","Bałazy, S., 1962. Observations on appearing of some entomogenous fungi of fungi imperfecti group of forest insects. Polskie Pismo Entomologiczne, 149–164, Ser. B, 3–4.",,
3cd970ea-0cac-817b-98f4-d43811fdfcd1,33,Scolytus scolytus,3cd970ea-0cac-818b-a96b-ee29650d93b8,Beauveria bassiana,Fungi,,,,,,,Poland,1962,"Balazy, 1962","Bałazy, S., 1962. Observations on appearing of some entomogenous fungi of fungi imperfecti group of forest insects. Polskie Pismo Entomologiczne, 149–164, Ser. B, 3–4.",,
3cd970ea-0cac-81c3-9913-d241af81c473,34,Scolytus laevis,3cd970ea-0cac-8119-a403-c6e226165996,Beauveria bassiana,Fungi,,,,,,,Poland,1962,"Balazy, 1962","Bałazy, S., 1962. Observations on appearing of some entomogenous fungi of fungi imperfecti group of forest insects. Polskie Pismo Entomologiczne, 149–164, Ser. B, 3–4.",,
3cd970ea-0cac-8152-9040-ed8a9cafc6c6,35,Polygraphus poligraphus,3cd970ea-0cac-8198-96bc-d4687d039075,Beauveria bassiana,Fungi,,,,,,,Poland,1962,"Balazy, 1962","Bałazy, S., 1962. Observations on appearing of some entomogenous fungi of fungi imperfecti group of forest insects. Polskie Pismo Entomologiczne, 149–164, Ser. B, 3–4.",,
3cd970ea-0cac-817f-9f89-ec3e24377268,36,Hylurgops palliatus,3cd970ea-0cac-816f-b74a-dc5ef373dcda,Beauveria bassiana,Fungi,,,,,,,Poland,1962,"Balazy, 1962","Bałazy, S., 1962. Observations on appearing of some entomogenous fungi of fungi imperfecti group of forest insects. Polskie Pismo Entomologiczne, 149–164, Ser. B, 3–4.",,
3cd970ea-0cac-81e5-8077-d3c525fda669,37,Hylastes opacus,3cd970ea-0cac-8157-8634-c2f4a969b71c,Beauveria bassiana,Fungi,,,,,,,Poland,1962,"Balazy, 1962","Bałazy, S., 1962. Observations on appearing of some entomogenous fungi of fungi imperfecti group of forest insects. Polskie Pismo Entomologiczne, 149–164, Ser. B, 3–4.",,
3cd970ea-0cac-81a7-8d31-e868c1caf15b,38,Dryocoetes autographus,3cd970ea-0cac-81b6-87c6-e583eea30425,Beauveria bassiana,Fungi,,,,,,,Poland,1962,"Balazy, 1962","Bałazy, S., 1962. Observations on appearing of some entomogenous fungi of fungi imperfecti group of forest insects. Polskie Pismo Entomologiczne, 149–164, Ser. B, 3–4.",,
3cd970ea-0cac-8103-ba2a-e539365d353b,39,Leperesinus fraxini,3cd970ea-0cac-81e8-b348-cc3ce20b5b95,Beauveria bassiana,Fungi,,,,,,,Poland,1962,"Balazy, 1962","Bałazy, S., 1962. Observations on appearing of some entomogenous fungi of fungi imperfecti group of forest insects. Polskie Pismo Entomologiczne, 149–164, Ser. B, 3–4.",,
3cd970ea-0cac-815b-a33c-cf9a663ae07b,40,Ips amitinus,3cd970ea-0cac-815a-a757-ffcc6a0735b5,Beauveria bassiana,Fungi,,,,,,,Poland,1962,"Balazy, 1962","Bałazy, S., 1962. Observations on appearing of some entomogenous fungi of fungi imperfecti group of forest insects. Polskie Pismo Entomologiczne, 149–164, Ser. B, 3–4.",,
3cd970ea-0cac-81b6-b182-d1581815f20e,41,Crypturgus pusillus,3cd970ea-0cac-81dc-ae3a-e71210daa3de,Lecanicillium lecanii,Fungi,,,,,,,Poland,1962,"Balazy, 1962","Bałazy, S., 1962. Observations on appearing of some entomogenous fungi of fungi imperfecti group of forest insects. Polskie Pismo Entomologiczne, 149–164, Ser. B, 3–4.",,
3cd970ea-0cac-8142-bb75-c7df949a7cd6,42,Scolytus spp.,3cd970ea-0cac-8141-bf1b-c91cdd7db33f,Beauveria densa,Fungi,,,,,,,Poland,1962,"Balazy, 1962","Bałazy, S., 1962. Observations on appearing of some entomogenous fungi of fungi imperfecti group of forest insects. Polskie Pismo Entomologiczne, 149–164, Ser. B, 3–4.",,
3cd970ea-0cac-81ed-aad0-dccd2bc936f2,43,Polygraphus poligraphus,3cd970ea-0cac-8198-96bc-d4687d039075,Lecanicillium lecanii,Fungi,,,pathogen,,,,Poland,1963,"Balazy, 1963","Bałazy, S., 1963. The fungus Cephalosporium (Acrostalagmus) lecanii Zimm., a pathogen of beetle larvae. Acta Societatis Botanicorum Poloniae 32, 69–80.",https://www.cabidigitallibrary.org/doi/full/10.5555/19630601004,only English abstract
3cd970ea-0cac-817b-b9f6-cccc5718d17e,44,Scolytus ratzeburgi,3cd970ea-0cac-81a2-9878-da1338425f66,Lecanicillium lecanii,Fungi,,,pathogen,,,,Poland,1963,"Balazy, 1963","Bałazy, S., 1963. The fungus Cephalosporium (Acrostalagmus) lecanii Zimm., a pathogen of beetle larvae. Acta Societatis Botanicorum Poloniae 32, 69–80.",https://www.cabidigitallibrary.org/doi/full/10.5555/19630601004,only English abstract
3cd970ea-0cac-81bf-81c5-cf62301705f1,45,Scolytus multistriatus,3cd970ea-0cac-81d9-bda0-ca455fdf65b6,Beauveria bassiana,Fungi,,,,,,,Poland,1965,"Balazy, 1965","Bałazy, S., 1965. Entomopathogenous fungi from the order Hyphomycetes damaging forest insects in Poland. Roczniki Wyzszej Szkoly Rolniczej w Poznaniu 27, 21–30.",,
3cd970ea-0cac-819c-9991-ea01c0ba1834,46,Scolytus ratzeburgi,3cd970ea-0cac-81a2-9878-da1338425f66,Beauveria bassiana,Fungi,,,,,,,Poland,1965,"Balazy, 1965","Bałazy, S., 1965. Entomopathogenous fungi from the order Hyphomycetes damaging forest insects in Poland. Roczniki Wyzszej Szkoly Rolniczej w Poznaniu 27, 21–30.",,
3cd970ea-0cac-8103-8eec-d2e577a7c294,47,Scolytus scolytus,3cd970ea-0cac-818b-a96b-ee29650d93b8,Beauveria bassiana,Fungi,,,,,,,Poland,1965,"Balazy, 1965","Bałazy, S., 1965. Entomopathogenous fungi from the order Hyphomycetes damaging forest insects in Poland. Roczniki Wyzszej Szkoly Rolniczej w Poznaniu 27, 21–30.",,
3cd970ea-0cac-8102-a1d9-cb23ce1426e1,48,Scolytus laevis,3cd970ea-0cac-8119-a403-c6e226165996,Beauveria bassiana,Fungi,,,,,,,Poland,1965,"Balazy, 1965","Bałazy, S., 1965. Entomopathogenous fungi from the order Hyphomycetes damaging forest insects in Poland. Roczniki Wyzszej Szkoly Rolniczej w Poznaniu 27, 21–30.",,
3cd970ea-0cac-812b-b45c-c46618f3fc75,49,Polygraphus poligraphus,3cd970ea-0cac-8198-96bc-d4687d039075,Beauveria bassiana,Fungi,,,,,,,Poland,1965,"Balazy, 1965","Bałazy, S., 1965. Entomopathogenous fungi from the order Hyphomycetes damaging forest insects in Poland. Roczniki Wyzszej Szkoly Rolniczej w Poznaniu 27, 21–30.",,
3cd970ea-0cac-8177-aaae-fa2ba3d5c651,50,Hylurgops palliatus,3cd970ea-0cac-816f-b74a-dc5ef373dcda,Beauveria bassiana,Fungi,,,,,,,Poland,1965,"Balazy, 1965","Bałazy, S., 1965. Entomopathogenous fungi from the order Hyphomycetes damaging forest insects in Poland. Roczniki Wyzszej Szkoly Rolniczej w Poznaniu 27, 21–30.",,
3cd970ea-0cac-816a-98cd-e7ddf84ac12a,51,Hylastes opacus,3cd970ea-0cac-8157-8634-c2f4a969b71c,Beauveria bassiana,Fungi,,,,,,,Poland,1965,"Balazy, 1965","Bałazy, S., 1965. Entomopathogenous fungi from the order Hyphomycetes damaging forest insects in Poland. Roczniki Wyzszej Szkoly Rolniczej w Poznaniu 27, 21–30.",,
3cd970ea-0cac-814f-82fb-c8262dbe582c,52,Dryocoetes autographus,3cd970ea-0cac-81b6-87c6-e583eea30425,Beauveria bassiana,Fungi,,,,,,,Poland,1965,"Balazy, 1965","Bałazy, S., 1965. Entomopathogenous fungi from the order Hyphomycetes damaging forest insects in Poland. Roczniki Wyzszej Szkoly Rolniczej w Poznaniu 27, 21–30.",,
3cd970ea-0cac-81a3-bc81-db075e782a07,53,Leperesinus fraxini,3cd970ea-0cac-81e8-b348-cc3ce20b5b95,Beauveria bassiana,Fungi,,,,,,,Poland,1965,"Balazy, 1965","Bałazy, S., 1965. Entomopathogenous fungi from the order Hyphomycetes damaging forest insects in Poland. Roczniki Wyzszej Szkoly Rolniczej w Poznaniu 27, 21–30.",,
3cd970ea-0cac-8136-b3c9-c00a88d0ca6a,54,Ips amitinus,3cd970ea-0cac-815a-a757-ffcc6a0735b5,Beauveria bassiana,Fungi,,,,,,,Poland,1965,"Balazy, 1965","Bałazy, S., 1965. Entomopathogenous fungi from the order Hyphomycetes damaging forest insects in Poland. Roczniki Wyzszej Szkoly Rolniczej w Poznaniu 27, 21–30.",,
3cd970ea-0cac-810d-a2b3-f3a6410fe720,55,Scolytus multistriatus,3cd970ea-0cac-81d9-bda0-ca455fdf65b6,Beauveria bassiana,Fungi,,,,,,,Poland,1966,"Balazy, 1966","Bałazy, S., 1966. Living organisms regulating population density of bark beetles in spruce forests, with special reference to entomopathogenic fungi I. Poznanskie Towarzystwo Przyjaciol Nauk Wydzial Nauk Rolniczych I Lesnych 21, 3–50.",,
3cd970ea-0cac-81ef-ab60-ec6cbca415e4,56,Scolytus ratzeburgi,3cd970ea-0cac-81a2-9878-da1338425f66,Beauveria bassiana,Fungi,,,,,,,Poland,1966,"Balazy, 1966","Bałazy, S., 1966. Living organisms regulating population density of bark beetles in spruce forests, with special reference to entomopathogenic fungi I. Poznanskie Towarzystwo Przyjaciol Nauk Wydzial Nauk Rolniczych I Lesnych 21, 3–50.",,
3cd970ea-0cac-8187-9973-d0d8bd69b4db,57,Scolytus scolytus,3cd970ea-0cac-818b-a96b-ee29650d93b8,Beauveria bassiana,Fungi,,,,,,,Poland,1966,"Balazy, 1966","Bałazy, S., 1966. Living organisms regulating population density of bark beetles in spruce forests, with special reference to entomopathogenic fungi I. Poznanskie Towarzystwo Przyjaciol Nauk Wydzial Nauk Rolniczych I Lesnych 21, 3–50.",,
3cd970ea-0cac-816f-8b04-d856bfaa4f0c,58,Scolytus laevis,3cd970ea-0cac-8119-a403-c6e226165996,Beauveria bassiana,Fungi,,,,,,,Poland,1966,"Balazy, 1966","Bałazy, S., 1966. Living organisms regulating population density of bark beetles in spruce forests, with special reference to entomopathogenic fungi I. Poznanskie Towarzystwo Przyjaciol Nauk Wydzial Nauk Rolniczych I Lesnych 21, 3–50.",,
3cd970ea-0cac-8194-b5c5-eb2f4d273684,59,Polygraphus poligraphus,3cd970ea-0cac-8198-96bc-d4687d039075,Beauveria bassiana,Fungi,,,,,,,Poland,1966,"Balazy, 1966","Bałazy, S., 1966. Living organisms regulating population density of bark beetles in spruce forests, with special reference to entomopathogenic fungi I. Poznanskie Towarzystwo Przyjaciol Nauk Wydzial Nauk Rolniczych I Lesnych 21, 3–50.",,
3cd970ea-0cac-81cb-8721-f9248b868bd3,60,Hylurgops palliatus,3cd970ea-0cac-816f-b74a-dc5ef373dcda,Beauveria bassiana,Fungi,,,,,,,Poland,1966,"Balazy, 1966","Bałazy, S., 1966. Living organisms regulating population density of bark beetles in spruce forests, with special reference to entomopathogenic fungi I. Poznanskie Towarzystwo Przyjaciol Nauk Wydzial Nauk Rolniczych I Lesnych 21, 3–50.",,
3cd970ea-0cac-815d-b1ad-ecfc8558aff4,61,Hylastes opacus,3cd970ea-0cac-8157-8634-c2f4a969b71c,Beauveria bassiana,Fungi,,,,,,,Poland,1966,"Balazy, 1966","Bałazy, S., 1966. Living organisms regulating population density of bark beetles in spruce forests, with special reference to entomopathogenic fungi I. Poznanskie Towarzystwo Przyjaciol Nauk Wydzial Nauk Rolniczych I Lesnych 21, 3–50.",,
3cd970ea-0cac-81b1-a1f8-c5236fc0321d,62,Dryocoetes autographus,3cd970ea-0cac-81b6-87c6-e583eea30425,Beauveria bassiana,Fungi,,,,,,,Poland,1966,"Balazy, 1966","Bałazy, S., 1966. Living organisms regulating population density of bark beetles in spruce forests, with special reference to entomopathogenic fungi I. Poznanskie Towarzystwo Przyjaciol Nauk Wydzial Nauk Rolniczych I Lesnych 21, 3–50.",,
3cd970ea-0cac-815f-a270-d140e63a7d85,63,Leperesinus fraxini,3cd970ea-0cac-81e8-b348-cc3ce20b5b95,Beauveria bassiana,Fungi,,,,,,,Poland,1966,"Balazy, 1966","Bałazy, S., 1966. Living organisms regulating population density of bark beetles in spruce forests, with special reference to entomopathogenic fungi I. Poznanskie Towarzystwo Przyjaciol Nauk Wydzial Nauk Rolniczych I Lesnych 21, 3–50.",,
3cd970ea-0cac-8160-a81d-d9a3ad190255,64,Ips amitinus,3cd970ea-0cac-815a-a757-ffcc6a0735b5,Beauveria bassiana,Fungi,,,,,,,Poland,1966,"Balazy, 1966","Bałazy, S., 1966. Living organisms regulating population density of bark beetles in spruce forests, with special reference to entomopathogenic fungi I. Poznanskie Towarzystwo Przyjaciol Nauk Wydzial Nauk Rolniczych I Lesnych 21, 3–50.",,
3cd970ea-0cac-81a3-9cc9-ee5f4a158c6c,65,Scolytus intricatus,3cd970ea-0cac-811a-a0d7-fd35a671459e,Lecanicillium lecanii,Fungi,field-collected,cuticular contact,pathogen,,pathogenicity test,laboratory,Poland,1973,"Balazy, 1973","Bałazy, S., 1973. A review of entomopathogenic species of the genus Cephalosporium Corda (Mycota, Hyphomycetales). Bulletin de la societe des Amis des Sciences et des Lettres de Poznan, Ser. D 14, 101–137.",https://www.cabidigitallibrary.org/doi/full/10.5555/19751323070,only English abstract
3cd970ea-0cac-816b-84c7-cebf307396ce,66,Scolytus kirschii,3cd970ea-0cac-812e-a54f-e420e30dae09,Lecanicillium lecanii,Fungi,field-collected,cuticular contact,pathogen,,pathogenicity test,laboratory,Poland,1973,"Balazy, 1973","Bałazy, S., 1973. A review of entomopathogenic species of the genus Cephalosporium Corda (Mycota, Hyphomycetales). Bulletin de la societe des Amis des Sciences et des Lettres de Poznan, Ser. D 14, 101–137.",https://www.cabidigitallibrary.org/doi/full/10.5555/19751323070,only English abstract
3cd970ea-0cac-812b-b4dd-c1fdc153140e,67,Hylesinus crenatus,3cd970ea-0cac-8117-aea2-f2c33e7501ce,Lecanicillium lecanii,Fungi,field-collected,cuticular contact,pathogen,,pathogenicity test,laboratory,Poland,1973,"Balazy, 1973","Bałazy, S., 1973. A review of entomopathogenic species of the genus Cephalosporium Corda (Mycota, Hyphomycetales). Bulletin de la societe des Amis des Sciences et des Lettres de Poznan, Ser. D 14, 101–137.",https://www.cabidigitallibrary.org/doi/full/10.5555/19751323070,only English abstract
3cd970ea-0cac-81d0-9051-d51f9d955404,68,Ips typographus,3cd970ea-0cac-81e7-bd37-c7209a5601d7,Lecanicillium lecanii,Fungi,field-collected,cuticular contact,pathogen,,pathogenicity test,laboratory,Poland,1973,"Balazy, 1973","Bałazy, S., 1973. A review of entomopathogenic species of the genus Cephalosporium Corda (Mycota, Hyphomycetales). Bulletin de la societe des Amis des Sciences et des Lettres de Poznan, Ser. D 14, 101–137.",https://www.cabidigitallibrary.org/doi/full/10.5555/19751323070,only English abstract
3cd970ea-0cac-81c9-85fa-da05bbec6ce0,69,Scolytus scolytus,3cd970ea-0cac-818b-a96b-ee29650d93b8,Lecanicillium lecanii,Fungi,field-collected,cuticular contact,pathogen,,pathogenicity test,laboratory,,1976,"Barson, 1976","Barson, G., 1976. Laboratory studies on the fungus Verticillium lecanii, a larval pathogen of the large elm bark beetle (Scolytus scolytus). Ann. Appl. Biol. 83, 207–214.",https://doi.org/10.1111/j.1744-7348.1976.tb00599.x,full text
3cd970ea-0cac-8117-a949-ddb0a1136b3e,70,Ips typographus,3cd970ea-0cac-81e7-bd37-c7209a5601d7,Beauveria caledonica,Fungi,field-collected,cuticular contact,pathogen,,virulence test,laboratory,Slovakia,2018,"Barta et al., 2018","Barta, M., Kautmanová, I., Čičková, H., Ferenčík, J., Florián, Š., Novotný, J., & Kozánek, M. (2018). Hypocrealean fungi associated with populations of Ips typographus in West Carpathians and selection of local Beauveria strains for effective bark beetle control. Biologia, 73(1), 53-65.",https://doi.org/10.2478/s11756-018-0005-x,full text
3cd970ea-0cac-81da-b27e-d55be5909748,71,Ips typographus,3cd970ea-0cac-81e7-bd37-c7209a5601d7,Beauveria bassiana,Fungi,field-collected,cuticular contact,pathogen,,virulence test,laboratory,Slovakia,2018,"Barta et al., 2018","Barta, M., Kautmanová, I., Čičková, H., Ferenčík, J., Florián, Š., Novotný, J., & Kozánek, M. (2018). Hypocrealean fungi associated with populations of Ips typographus in West Carpathians and selection of local Beauveria strains for effective bark beetle control. Biologia, 73(1), 53-65.",https://doi.org/10.2478/s11756-018-0005-x,full text
3cd970ea-0cac-81b4-a71d-dbf75d225ebf,72,Ips typographus,3cd970ea-0cac-81e7-bd37-c7209a5601d7,Beauveria pseudobassiana,Fungi,field-collected,cuticular contact,pathogen,,virulence test,laboratory,Slovakia,2018,"Barta et al., 2018","Barta, M., Kautmanová, I., Čičková, H., Ferenčík, J., Florián, Š., Novotný, J., & Kozánek, M. (2018). Hypocrealean fungi associated with populations of Ips typographus in West Carpathians and selection of local Beauveria strains for effective bark beetle control. Biologia, 73(1), 53-65.",https://doi.org/10.2478/s11756-018-0005-x,full text
3cd970ea-0cac-81e6-ac81-f58fddea2824,73,Ips typographus,3cd970ea-0cac-81e7-bd37-c7209a5601d7,Lecanicillium lecanii,Fungi,field-collected,,,,,,Slovakia,2018,"Barta et al., 2018","Barta, M., Kautmanová, I., Čičková, H., Ferenčík, J., Florián, Š., Novotný, J., & Kozánek, M. (2018). Hypocrealean fungi associated with populations of Ips typographus in West Carpathians and selection of local Beauveria strains for effective bark beetle control. Biologia, 73(1), 53-65.",https://doi.org/10.2478/s11756-018-0005-x,full text
3cd970ea-0cac-81b1-bad2-e17c76743fe0,74,Ips typographus,3cd970ea-0cac-81e7-bd37-c7209a5601d7,Isaria farinosa,Fungi,field-collected,,,,,,Slovakia,2018,"Barta et al., 2018","Barta, M., Kautmanová, I., Čičková, H., Ferenčík, J., Florián, Š., Novotný, J., & Kozánek, M. (2018). Hypocrealean fungi associated with populations of Ips typographus in West Carpathians and selection of local Beauveria strains for effective bark beetle control. Biologia, 73(1), 53-65.",https://doi.org/10.2478/s11756-018-0005-x,full text
3cd970ea-0cac-81e9-bf62-fd46c0a3ed1b,75,Ips typographus,3cd970ea-0cac-81e7-bd37-c7209a5601d7,Beauveria bassiana,Fungi,field-collected,cuticular contact,pathogen,,virulence test,laboratory and field,Slovakia,2018,"Barta et al., 2018","Barta, M., Kautmanová, I., Čičková, H., Ferenčík, J., Florián, Š., Novotný, J., & Kozánek, M. (2018). The potential of Beauveria bassiana inoculum formulated into a polymeric matrix for a microbial control of spruce bark beetle. Biocontrol Science and Technology, 28(7), 718-735.",https://doi.org/10.1080/09583157.2018.1487027,full text
3cd970ea-0cac-811e-9f6f-c4770ef7fae2,76,Ips typographus,3cd970ea-0cac-81e7-bd37-c7209a5601d7,Beauveria bassiana,Fungi,field-collected and laboratory cultivated,cuticular contact,pathogen,,virulence test,laboratory,Bulgaria,2020,"Barta et al., 2020","Barta, M., Takov, D., Pilarska, D., Doychev, D., & Horáková, M. K. (2020). Entomopathogenic fungi of the genus Beauveria and their pathogenicity to Ips typographus (Coleoptera: Curculionidae) in the Vitosha National Park, Bulgaria. Journal of Forest Science, 66(10), 420.",https://doi.org/10.17221/123/2020-JFS,full text
3cd970ea-0cac-81c3-9ea2-d212dd2bb132,77,Ips typographus,3cd970ea-0cac-81e7-bd37-c7209a5601d7,Beauveria caledonica,Fungi,field-collected and laboratory cultivated,cuticular contact,pathogen,,virulence test,laboratory,Bulgaria,2020,"Barta et al., 2020","Barta, M., Takov, D., Pilarska, D., Doychev, D., & Horáková, M. K. (2020). Entomopathogenic fungi of the genus Beauveria and their pathogenicity to Ips typographus (Coleoptera: Curculionidae) in the Vitosha National Park, Bulgaria. Journal of Forest Science, 66(10), 420.",https://doi.org/10.17221/123/2020-JFS,full text
3cd970ea-0cac-81f4-b439-e60de6ed3ca8,78,Dendroctonus micans,3cd970ea-0cac-818b-bd09-d27467805361,Metarhizium anisopliae,Fungi,isolated from cadaver,cuticular contact,pathogen,morphological and molecular,virulence test,laboratory,Turkey,2024,"Biryol et al., 2024","Biryol, S., Soydinç, A., & İşık, S. (2024). Morphological, molecular identification and virulence of entomopathogenic fungi isolated from Dendroctonus micans (Kugelann, 1794)(Coleoptera: Curculionidae). Sakarya University Journal of Science, 28(2), 381-391.",https://doi.org/10.16984/saufenbilder.1382917,full text
3cd970ea-0cac-8167-90e4-fa848eaed525,79,Dendroctonus micans,3cd970ea-0cac-818b-bd09-d27467805361,Metarhizium robertsii,Fungi,isolated from cadaver,cuticular contact,pathogen,morphological and molecular,virulence test,laboratory,Turkey,2024,"Biryol et al., 2024","Biryol, S., Soydinç, A., & İşık, S. (2024). Morphological, molecular identification and virulence of entomopathogenic fungi isolated from Dendroctonus micans (Kugelann, 1794)(Coleoptera: Curculionidae). Sakarya University Journal of Science, 28(2), 381-391.",https://doi.org/10.16984/saufenbilder.1382917,full text
3cd970ea-0cac-8109-89ed-ddc9dee7ff29,80,Dendroctonus micans,3cd970ea-0cac-818b-bd09-d27467805361,Metarhizium pinghaense,Fungi,isolated from cadaver,cuticular contact,pathogen,morphological and molecular,virulence test,laboratory,Turkey,2024,"Biryol et al., 2024","Biryol, S., Soydinç, A., & İşık, S. (2024). Morphological, molecular identification and virulence of entomopathogenic fungi isolated from Dendroctonus micans (Kugelann, 1794)(Coleoptera: Curculionidae). Sakarya University Journal of Science, 28(2), 381-391.",https://doi.org/10.16984/saufenbilder.1382917,full text
3cd970ea-0cac-8124-ac88-d8b5ea606d54,81,Dendroctonus micans,3cd970ea-0cac-818b-bd09-d27467805361,Clonostachys rosea,Fungi,isolated from cadaver,cuticular contact,pathogen,morphological and molecular,virulence test,laboratory,Turkey,2024,"Biryol et al., 2024","Biryol, S., Soydinç, A., & İşık, S. (2024). Morphological, molecular identification and virulence of entomopathogenic fungi isolated from Dendroctonus micans (Kugelann, 1794)(Coleoptera: Curculionidae). Sakarya University Journal of Science, 28(2), 381-391.",https://doi.org/10.16984/saufenbilder.1382917,full text
3cd970ea-0cac-8180-b819-ccb7f638f633,82,Dendroctonus frontalis,3cd970ea-0cac-81b5-b18d-f10167e662e3,Unikaryon minutum,Microsporidia,isolated from infected beetle,,parasite,,,,United States,1987,"Bridges, 1987","Bridges, J.R., 1987. Prevalence of Unikaryon minutum (Microsporidia: Nosematidae) infection in outbreak populations of the southern pine beetle (Coleoptera: Scolytidae). J. Invertebr. Pathol. 49, 334–335.",https://doi.org/10.1016/0022-2011(87)90066-8,full text
3cd970ea-0cac-81df-a973-f539e7d961d7,83,Hylastes ater,3cd970ea-0cac-81ae-9426-f1fe79be2612,Metarhizium flavoviride var. pemphigi,Fungi,isolated from cadaver,,pathogen,morphological and molecular,pathogenicity test on Tenebrio molitor,laboratory,New Zealand,2010,"Brownbridge et al., 2010","Brownbridge, M., Reay, S.D., Cummings, N.J., 2010. Association of entomopathogenic fungi with exotic bark beetles in New Zealand pine plantations. Mycopathologia 169, 75–80.",https://doi.org/10.1007/s11046-009-9229-1,full text
3cd970ea-0cac-8199-b76d-e04714555390,84,Hylastes ater,3cd970ea-0cac-81ae-9426-f1fe79be2612,Hirsutella guignardii,Fungi,isolated from cadaver,,pathogen,morphological and molecular,pathogenicity test on Tenebrio molitor,laboratory,New Zealand,2010,"Brownbridge et al., 2010","Brownbridge, M., Reay, S.D., Cummings, N.J., 2010. Association of entomopathogenic fungi with exotic bark beetles in New Zealand pine plantations. Mycopathologia 169, 75–80.",https://doi.org/10.1007/s11046-009-9229-1,full text
3cd970ea-0cac-81e0-9df9-d51248e085b2,85,Ips typographus,3cd970ea-0cac-81e7-bd37-c7209a5601d7,ItEPV,Virus,isolated from living or slowly moving beetle,epithelial cells of the gut,pathogen,morphological,,,Georgia,2009,"Burjanadze and Goginashvili, 2009","Burjanadze, M., Goginashvili, N., 2009. Occurrence of pathogens and nematodes in the spruce bark beetle, Ips typographus (Col., Scolytidae) in Borjomi Gorge. Bull. Georgian Natl. Acad. Sci. 3, 145–150.",https://d1wqtxts1xzle7.cloudfront.net/80541653/Burjanadze-libre.pdf?1644445505=&response-content-disposition=inline%3B+filename%3DOccurrence_of_Pathogens_and_Nematodes_in.pdf&Expires=1784062403&Signature=cdSHDP6W-8t-Wv6V2fd80Dx7L2pnVZ3Cqzz4wgHLlQZKRYSoFucylQupqtbonH0~cQzLh39I~SqkkIkoyPm~YziOXlW2CE4SGqYV~1-AqjxokDVVEozqaNmqCNInsj1PzA9psQ6duraJCjXekSlphhJeXYhWYS2PjIEYIkTutlo26YTaAgxhwuol6t-wB1odyvoijdxdlljOItvNwMNYqzZZn8vRs4qQIgsHi9~3R1ueSnMFD8TqpMJiJCv2UfzwGYRHbgT5C87uW5ESTPfPOoieaUqP6AjcUPrCjEBOh-mZDiNpqoHlRCUZG8sm~kGAHI1gdoIZ91jVWKXzj7AScw__&Key-Pair-Id=APKAJLOHF5GGSLRBV4ZA,full text
3cd970ea-0cac-8154-920d-e0e80bf8c26f,86,Ips typographus,3cd970ea-0cac-81e7-bd37-c7209a5601d7,Gregarina typographi,Protist,isolated from living or slowly moving beetle,mid-gut lumen,pathogen,morphological,,,Georgia,2009,"Burjanadze and Goginashvili, 2009","Burjanadze, M., Goginashvili, N., 2009. Occurrence of pathogens and nematodes in the spruce bark beetle, Ips typographus (Col., Scolytidae) in Borjomi Gorge. Bull. Georgian Natl. Acad. Sci. 3, 145–150.",https://d1wqtxts1xzle7.cloudfront.net/80541653/Burjanadze-libre.pdf?1644445505=&response-content-disposition=inline%3B+filename%3DOccurrence_of_Pathogens_and_Nematodes_in.pdf&Expires=1784062403&Signature=cdSHDP6W-8t-Wv6V2fd80Dx7L2pnVZ3Cqzz4wgHLlQZKRYSoFucylQupqtbonH0~cQzLh39I~SqkkIkoyPm~YziOXlW2CE4SGqYV~1-AqjxokDVVEozqaNmqCNInsj1PzA9psQ6duraJCjXekSlphhJeXYhWYS2PjIEYIkTutlo26YTaAgxhwuol6t-wB1odyvoijdxdlljOItvNwMNYqzZZn8vRs4qQIgsHi9~3R1ueSnMFD8TqpMJiJCv2UfzwGYRHbgT5C87uW5ESTPfPOoieaUqP6AjcUPrCjEBOh-mZDiNpqoHlRCUZG8sm~kGAHI1gdoIZ91jVWKXzj7AScw__&Key-Pair-Id=APKAJLOHF5GGSLRBV4ZA,full text
3cd970ea-0cac-8174-b06e-e71f329e1db9,87,Ips typographus,3cd970ea-0cac-81e7-bd37-c7209a5601d7,Chytridiopsis typographi,Microsporidia,isolated from living or slowly moving beetle,midgut epithelium,pathogen,morphological,,,Georgia,2009,"Burjanadze and Goginashvili, 2009","Burjanadze, M., Goginashvili, N., 2009. Occurrence of pathogens and nematodes in the spruce bark beetle, Ips typographus (Col., Scolytidae) in Borjomi Gorge. Bull. Georgian Natl. Acad. Sci. 3, 145–150.",https://d1wqtxts1xzle7.cloudfront.net/80541653/Burjanadze-libre.pdf?1644445505=&response-content-disposition=inline%3B+filename%3DOccurrence_of_Pathogens_and_Nematodes_in.pdf&Expires=1784062403&Signature=cdSHDP6W-8t-Wv6V2fd80Dx7L2pnVZ3Cqzz4wgHLlQZKRYSoFucylQupqtbonH0~cQzLh39I~SqkkIkoyPm~YziOXlW2CE4SGqYV~1-AqjxokDVVEozqaNmqCNInsj1PzA9psQ6duraJCjXekSlphhJeXYhWYS2PjIEYIkTutlo26YTaAgxhwuol6t-wB1odyvoijdxdlljOItvNwMNYqzZZn8vRs4qQIgsHi9~3R1ueSnMFD8TqpMJiJCv2UfzwGYRHbgT5C87uW5ESTPfPOoieaUqP6AjcUPrCjEBOh-mZDiNpqoHlRCUZG8sm~kGAHI1gdoIZ91jVWKXzj7AScw__&Key-Pair-Id=APKAJLOHF5GGSLRBV4ZA,full text
3cd970ea-0cac-819f-bb8e-e93549b42800,88,Ips typographus,3cd970ea-0cac-81e7-bd37-c7209a5601d7,Contortylenchus diplogaster,Nematode,isolated from living or slowly moving beetle,"gut, on the surface of body, and under elytra",parasite,morphological,,,Georgia,2009,"Burjanadze and Goginashvili, 2009","Burjanadze, M., Goginashvili, N., 2009. Occurrence of pathogens and nematodes in the spruce bark beetle, Ips typographus (Col., Scolytidae) in Borjomi Gorge. Bull. Georgian Natl. Acad. Sci. 3, 145–150.",https://d1wqtxts1xzle7.cloudfront.net/80541653/Burjanadze-libre.pdf?1644445505=&response-content-disposition=inline%3B+filename%3DOccurrence_of_Pathogens_and_Nematodes_in.pdf&Expires=1784062403&Signature=cdSHDP6W-8t-Wv6V2fd80Dx7L2pnVZ3Cqzz4wgHLlQZKRYSoFucylQupqtbonH0~cQzLh39I~SqkkIkoyPm~YziOXlW2CE4SGqYV~1-AqjxokDVVEozqaNmqCNInsj1PzA9psQ6duraJCjXekSlphhJeXYhWYS2PjIEYIkTutlo26YTaAgxhwuol6t-wB1odyvoijdxdlljOItvNwMNYqzZZn8vRs4qQIgsHi9~3R1ueSnMFD8TqpMJiJCv2UfzwGYRHbgT5C87uW5ESTPfPOoieaUqP6AjcUPrCjEBOh-mZDiNpqoHlRCUZG8sm~kGAHI1gdoIZ91jVWKXzj7AScw__&Key-Pair-Id=APKAJLOHF5GGSLRBV4ZA,full text
3cd970ea-0cac-8138-ac45-ed070489d01a,89,Ips typographus,3cd970ea-0cac-81e7-bd37-c7209a5601d7,Parasitorhabditis sp.,Nematode,isolated from living or slowly moving beetle,"gut, on the surface of body, and under elytra",parasite,morphological,,,Georgia,2009,"Burjanadze and Goginashvili, 2009","Burjanadze, M., Goginashvili, N., 2009. Occurrence of pathogens and nematodes in the spruce bark beetle, Ips typographus (Col., Scolytidae) in Borjomi Gorge. Bull. Georgian Natl. Acad. Sci. 3, 145–150.",https://d1wqtxts1xzle7.cloudfront.net/80541653/Burjanadze-libre.pdf?1644445505=&response-content-disposition=inline%3B+filename%3DOccurrence_of_Pathogens_and_Nematodes_in.pdf&Expires=1784062403&Signature=cdSHDP6W-8t-Wv6V2fd80Dx7L2pnVZ3Cqzz4wgHLlQZKRYSoFucylQupqtbonH0~cQzLh39I~SqkkIkoyPm~YziOXlW2CE4SGqYV~1-AqjxokDVVEozqaNmqCNInsj1PzA9psQ6duraJCjXekSlphhJeXYhWYS2PjIEYIkTutlo26YTaAgxhwuol6t-wB1odyvoijdxdlljOItvNwMNYqzZZn8vRs4qQIgsHi9~3R1ueSnMFD8TqpMJiJCv2UfzwGYRHbgT5C87uW5ESTPfPOoieaUqP6AjcUPrCjEBOh-mZDiNpqoHlRCUZG8sm~kGAHI1gdoIZ91jVWKXzj7AScw__&Key-Pair-Id=APKAJLOHF5GGSLRBV4ZA,full text
3cd970ea-0cac-81e1-b1a9-d7d38abe2946,90,Ips typographus,3cd970ea-0cac-81e7-bd37-c7209a5601d7,Bursaphelenchus sp.,Nematode,isolated from living or slowly moving beetle,"gut, on the surface of body, and under elytra",parasite,morphological,,,Georgia,2009,"Burjanadze and Goginashvili, 2009","Burjanadze, M., Goginashvili, N., 2009. Occurrence of pathogens and nematodes in the spruce bark beetle, Ips typographus (Col., Scolytidae) in Borjomi Gorge. Bull. Georgian Natl. Acad. Sci. 3, 145–150.",https://d1wqtxts1xzle7.cloudfront.net/80541653/Burjanadze-libre.pdf?1644445505=&response-content-disposition=inline%3B+filename%3DOccurrence_of_Pathogens_and_Nematodes_in.pdf&Expires=1784062403&Signature=cdSHDP6W-8t-Wv6V2fd80Dx7L2pnVZ3Cqzz4wgHLlQZKRYSoFucylQupqtbonH0~cQzLh39I~SqkkIkoyPm~YziOXlW2CE4SGqYV~1-AqjxokDVVEozqaNmqCNInsj1PzA9psQ6duraJCjXekSlphhJeXYhWYS2PjIEYIkTutlo26YTaAgxhwuol6t-wB1odyvoijdxdlljOItvNwMNYqzZZn8vRs4qQIgsHi9~3R1ueSnMFD8TqpMJiJCv2UfzwGYRHbgT5C87uW5ESTPfPOoieaUqP6AjcUPrCjEBOh-mZDiNpqoHlRCUZG8sm~kGAHI1gdoIZ91jVWKXzj7AScw__&Key-Pair-Id=APKAJLOHF5GGSLRBV4ZA,full text
3cd970ea-0cac-8161-8ebf-d16d64269ae3,91,Ips typographus,3cd970ea-0cac-81e7-bd37-c7209a5601d7,Nosema sp.,Microsporidia,isolated from living or slowly moving beetle,fat body,pathogen,morphological,,,Georgia,2009,"Burjanadze and Goginashvili, 2009","Burjanadze, M., Goginashvili, N., 2009. Occurrence of pathogens and nematodes in the spruce bark beetle, Ips typographus (Col., Scolytidae) in Borjomi Gorge. Bull. Georgian Natl. Acad. Sci. 3, 145–150.",https://d1wqtxts1xzle7.cloudfront.net/80541653/Burjanadze-libre.pdf?1644445505=&response-content-disposition=inline%3B+filename%3DOccurrence_of_Pathogens_and_Nematodes_in.pdf&Expires=1784062403&Signature=cdSHDP6W-8t-Wv6V2fd80Dx7L2pnVZ3Cqzz4wgHLlQZKRYSoFucylQupqtbonH0~cQzLh39I~SqkkIkoyPm~YziOXlW2CE4SGqYV~1-AqjxokDVVEozqaNmqCNInsj1PzA9psQ6duraJCjXekSlphhJeXYhWYS2PjIEYIkTutlo26YTaAgxhwuol6t-wB1odyvoijdxdlljOItvNwMNYqzZZn8vRs4qQIgsHi9~3R1ueSnMFD8TqpMJiJCv2UfzwGYRHbgT5C87uW5ESTPfPOoieaUqP6AjcUPrCjEBOh-mZDiNpqoHlRCUZG8sm~kGAHI1gdoIZ91jVWKXzj7AScw__&Key-Pair-Id=APKAJLOHF5GGSLRBV4ZA,full text
3cd970ea-0cac-8171-83b3-c267f0488711,92,Ips typographus,3cd970ea-0cac-81e7-bd37-c7209a5601d7,Gregarina typographi,Protist,,,pathogen,,,,Georgia,2011,"Burjanadze et al., 2011","Burjanadze, M., Lortkipanidze, M., Supatashvili, A., Gorgadze, O., 2011. Occurrence of pathogens and nematodes of bark beetles (Coleoptera, Scolytidae) from coniferous forests in different region of Georgia. IOBC/wprs Bull. 66, 351–354.",https://www.cabidigitallibrary.org/doi/full/10.5555/20113280364,only English abstract
3cd970ea-0cac-81ca-9e47-f8126ae5d2e5,93,Ips sexdentatus,3cd970ea-0cac-81b2-b8a3-d4a7253b9941,Gregarina typographi,Protist,,,pathogen,,,,Georgia,2011,"Burjanadze et al., 2011","Burjanadze, M., Lortkipanidze, M., Supatashvili, A., Gorgadze, O., 2011. Occurrence of pathogens and nematodes of bark beetles (Coleoptera, Scolytidae) from coniferous forests in different region of Georgia. IOBC/wprs Bull. 66, 351–354.",https://www.cabidigitallibrary.org/doi/full/10.5555/20113280364,only English abstract
3cd970ea-0cac-81b5-824d-c8b5723782de,94,Ips typographus,3cd970ea-0cac-81e7-bd37-c7209a5601d7,Chytridiopsis typographi,Fungi,,,pathogen,,,,Georgia,2011,"Burjanadze et al., 2011","Burjanadze, M., Lortkipanidze, M., Supatashvili, A., Gorgadze, O., 2011. Occurrence of pathogens and nematodes of bark beetles (Coleoptera, Scolytidae) from coniferous forests in different region of Georgia. IOBC/wprs Bull. 66, 351–354.",https://www.cabidigitallibrary.org/doi/full/10.5555/20113280364,only English abstract
3cd970ea-0cac-81b6-beb4-f2b6e60ac3ea,95,Tomicus piniperda,3cd970ea-0cac-8130-bbd3-e29afac9abf6,Chytridiopsis typographi,Fungi,,,pathogen,,,,Georgia,2011,"Burjanadze et al., 2011","Burjanadze, M., Lortkipanidze, M., Supatashvili, A., Gorgadze, O., 2011. Occurrence of pathogens and nematodes of bark beetles (Coleoptera, Scolytidae) from coniferous forests in different region of Georgia. IOBC/wprs Bull. 66, 351–354.",https://www.cabidigitallibrary.org/doi/full/10.5555/20113280364,only English abstract
3cd970ea-0cac-815b-8e80-fc6f53d15662,96,Ips typographus,3cd970ea-0cac-81e7-bd37-c7209a5601d7,Menzbieria sp.,Protist,,,pathogen,,,,Georgia,2011,"Burjanadze et al., 2011","Burjanadze, M., Lortkipanidze, M., Supatashvili, A., Gorgadze, O., 2011. Occurrence of pathogens and nematodes of bark beetles (Coleoptera, Scolytidae) from coniferous forests in different region of Georgia. IOBC/wprs Bull. 66, 351–354.",https://www.cabidigitallibrary.org/doi/full/10.5555/20113280364,only English abstract
3cd970ea-0cac-815f-8a22-f968b1d5a1be,97,Ips typographus,3cd970ea-0cac-81e7-bd37-c7209a5601d7,Contortylenchus diplogaster,Nematode,,,parasite,,,,Georgia,2011,"Burjanadze et al., 2011","Burjanadze, M., Lortkipanidze, M., Supatashvili, A., Gorgadze, O., 2011. Occurrence of pathogens and nematodes of bark beetles (Coleoptera, Scolytidae) from coniferous forests in different region of Georgia. IOBC/wprs Bull. 66, 351–354.",https://www.cabidigitallibrary.org/doi/full/10.5555/20113280364,only English abstract
3cd970ea-0cac-8111-ae55-cc3fdd7795ca,98,Ips sexdentatus,3cd970ea-0cac-81b2-b8a3-d4a7253b9941,Contortylenchus pseudodiplogaster,Nematode,,,parasite,,,,Georgia,2011,"Burjanadze et al., 2011","Burjanadze, M., Lortkipanidze, M., Supatashvili, A., Gorgadze, O., 2011. Occurrence of pathogens and nematodes of bark beetles (Coleoptera, Scolytidae) from coniferous forests in different region of Georgia. IOBC/wprs Bull. 66, 351–354.",https://www.cabidigitallibrary.org/doi/full/10.5555/20113280364,only English abstract
3cd970ea-0cac-816c-92bf-cb58dc920bec,99,Ips typographus,3cd970ea-0cac-81e7-bd37-c7209a5601d7,Bursaphelenchus teratospicularis,Nematode,,,,,,,Georgia,2012,"Burjanadze et al., 2012","Burjanadze, M., Lortkipanidze, M., Gorgadze, O., 2012. Influence of ecological factors on the formation of nematode fauna of bark beetles (Coleoptera Scolytidae). Bull. Georgian Natl. Acad. Sci 6, 133–136.",http://science.org.ge/old/moambe/6-1/Burjanadze.pdf,full text
3cd970ea-0cac-814d-b504-f19623944923,100,Ips typographus,3cd970ea-0cac-81e7-bd37-c7209a5601d7,Parasitorhabditis bicoloris,Nematode,,,,,,,Georgia,2012,"Burjanadze et al., 2012","Burjanadze, M., Lortkipanidze, M., Gorgadze, O., 2012. Influence of ecological factors on the formation of nematode fauna of bark beetles (Coleoptera Scolytidae). Bull. Georgian Natl. Acad. Sci 6, 133–136.",http://science.org.ge/old/moambe/6-1/Burjanadze.pdf,full text
3cd970ea-0cac-8112-8167-f07df3ed0527,101,Ips typographus,3cd970ea-0cac-81e7-bd37-c7209a5601d7,Parasitaphelenchus bicoloris,Nematode,,,,,,,Georgia,2012,"Burjanadze et al., 2012","Burjanadze, M., Lortkipanidze, M., Gorgadze, O., 2012. Influence of ecological factors on the formation of nematode fauna of bark beetles (Coleoptera Scolytidae). Bull. Georgian Natl. Acad. Sci 6, 133–136.",http://science.org.ge/old/moambe/6-1/Burjanadze.pdf,full text
3cd970ea-0cac-81d2-b3da-c4b7d1a8614f,102,Ips typographus,3cd970ea-0cac-81e7-bd37-c7209a5601d7,Cryptaphelenchus bicoloris,Nematode,,,,,,,Georgia,2012,"Burjanadze et al., 2012","Burjanadze, M., Lortkipanidze, M., Gorgadze, O., 2012. Influence of ecological factors on the formation of nematode fauna of bark beetles (Coleoptera Scolytidae). Bull. Georgian Natl. Acad. Sci 6, 133–136.",http://science.org.ge/old/moambe/6-1/Burjanadze.pdf,full text
3cd970ea-0cac-810f-afb8-ce94e1d6a260,103,Ips typographus,3cd970ea-0cac-81e7-bd37-c7209a5601d7,Panagrolaimus scheucherae,Nematode,,,,,,,Georgia,2012,"Burjanadze et al., 2012","Burjanadze, M., Lortkipanidze, M., Gorgadze, O., 2012. Influence of ecological factors on the formation of nematode fauna of bark beetles (Coleoptera Scolytidae). Bull. Georgian Natl. Acad. Sci 6, 133–136.",http://science.org.ge/old/moambe/6-1/Burjanadze.pdf,full text
3cd970ea-0cac-8146-af25-c0dd3c5fba78,104,Ips typographus,3cd970ea-0cac-81e7-bd37-c7209a5601d7,Parasitorhabditis obtusa,Nematode,,,,,,,Georgia,2012,"Burjanadze et al., 2012","Burjanadze, M., Lortkipanidze, M., Gorgadze, O., 2012. Influence of ecological factors on the formation of nematode fauna of bark beetles (Coleoptera Scolytidae). Bull. Georgian Natl. Acad. Sci 6, 133–136.",http://science.org.ge/old/moambe/6-1/Burjanadze.pdf,full text
3cd970ea-0cac-8188-8ee6-e91cdfe227ff,105,Ips typographus,3cd970ea-0cac-81e7-bd37-c7209a5601d7,Ektaphelenchus typographi,Nematode,,,,,,,Georgia,2012,"Burjanadze et al., 2012","Burjanadze, M., Lortkipanidze, M., Gorgadze, O., 2012. Influence of ecological factors on the formation of nematode fauna of bark beetles (Coleoptera Scolytidae). Bull. Georgian Natl. Acad. Sci 6, 133–136.",http://science.org.ge/old/moambe/6-1/Burjanadze.pdf,full text
3cd970ea-0cac-8199-adaa-e9031e54e99e,106,Ips typographus,3cd970ea-0cac-81e7-bd37-c7209a5601d7,Cryptaphelenchus macrogaster,Nematode,,,,,,,Georgia,2012,"Burjanadze et al., 2012","Burjanadze, M., Lortkipanidze, M., Gorgadze, O., 2012. Influence of ecological factors on the formation of nematode fauna of bark beetles (Coleoptera Scolytidae). Bull. Georgian Natl. Acad. Sci 6, 133–136.",http://science.org.ge/old/moambe/6-1/Burjanadze.pdf,full text
3cd970ea-0cac-8107-9634-f2aa364352c9,107,Ips typographus,3cd970ea-0cac-81e7-bd37-c7209a5601d7,Bursaphelenchus eidmani,Nematode,,,,,,,Georgia,2012,"Burjanadze et al., 2012","Burjanadze, M., Lortkipanidze, M., Gorgadze, O., 2012. Influence of ecological factors on the formation of nematode fauna of bark beetles (Coleoptera Scolytidae). Bull. Georgian Natl. Acad. Sci 6, 133–136.",http://science.org.ge/old/moambe/6-1/Burjanadze.pdf,full text
3cd970ea-0cac-815c-b35e-e4a4a6d5fc93,108,Ips typographus,3cd970ea-0cac-81e7-bd37-c7209a5601d7,Micoletzkya buetschlii,Nematode,,,,,,,Georgia,2012,"Burjanadze et al., 2012","Burjanadze, M., Lortkipanidze, M., Gorgadze, O., 2012. Influence of ecological factors on the formation of nematode fauna of bark beetles (Coleoptera Scolytidae). Bull. Georgian Natl. Acad. Sci 6, 133–136.",http://science.org.ge/old/moambe/6-1/Burjanadze.pdf,full text
3cd970ea-0cac-819b-b8ec-f283de107afa,109,Ips typographus,3cd970ea-0cac-81e7-bd37-c7209a5601d7,Beauveria bassiana,Fungi,,,,,,,Georgia,2007,"Burjanadze, 2007","Burjanadze, M. (2007). Entomopathogenic fungi found on Ips typographus in Georgia. IOBC WPRS BULLETIN, 30(1), 155.",,
3cd970ea-0cac-814e-9b68-dd9dadf0d695,110,Ips typographus,3cd970ea-0cac-81e7-bd37-c7209a5601d7,Metarhizium sp.,Fungi,,,,,,,Georgia,2007,"Burjanadze, 2007","Burjanadze, M. (2007). Entomopathogenic fungi found on Ips typographus in Georgia. IOBC WPRS BULLETIN, 30(1), 155.",,
3cd970ea-0cac-8157-b959-fbb6cb9afe2a,111,Tomicus piniperda,3cd970ea-0cac-8130-bbd3-e29afac9abf6,Beauveria bassiana,Fungi,isolated from  beetle,cuticular contact,pathogen,,virulence test,laboratory,,2010,"Burjanadze, 2010","Burjanadze, M., 2010. Efficacy of Beauveria bassiana isolate against pine shoot beetle Tomicus piniperda L. (Coleoptera, Scolytidae) in laboratory. Bull. Georgian Natl. Acad. Sci. 4, 119–122.",https://d1wqtxts1xzle7.cloudfront.net/78301483/Burjanadze-libre.pdf?1641574819=&response-content-disposition=inline%3B+filename%3DEfficacy_of_Beauveria_bassiana_Isolate_a.pdf&Expires=1784062846&Signature=NwMlaHll7itSOBwIUCQCwCD86SKE0d3yJc4fhwfPPwbbMB5U4wdiQAnKm3RY8SScg3OwdOsKKidB4wQybtUCVMsvGupQjEk7UFfF9FfG5-JVGipEz3sLXlCBDRQNfIL42MvB7J9iOIawL7TF6tQ7pjmm0UaUZhxibpa3vvbnWaVfKCwKQPjaC-fQGVMMBjIvGlS62q9KWGGxCVz87fWauKHq03lygtvSTBOCzVwWx8rt0FRyPgwXv-G1NBsw5xzZk7xq0sc4y9kDMkpB~9mN-7kx--cU29TprfB300XQnkNBLpU9lgQTmaWkJkqkzT1qEm65vtSXUmlWXlrJ9LQ~bg__&Key-Pair-Id=APKAJLOHF5GGSLRBV4ZA,full text
3cd970ea-0cac-8132-8553-e210c052dc85,112,Ips calligraphus,3cd970ea-0cac-8173-bd2a-d18690870555,Bacillus thuringiensis,Bacteria,culture collection,gut,,,"pathogenicity test; toxicity bioassay, not effective",laboratory,,1995,"Cane et al., 1995","Cane, J.H., Cox, H.E., Moar, W.J., 1995. Susceptibility of Ips calligraphus (Germar) and Dendroctonus frontalis (Zimmermann) (Coleoptera: Scolytidae) to coleopteran-active Bacillus thuringiensis, a Bacillus metabolite, and Avermectin B1. Can. Entomol. 127, 831–837.",https://www.cambridge.org/core/journals/canadian-entomologist/article/abs/susceptibility-of-ips-calligraphus-germar-and-dendroctonus-frontalis-zimmermann-coleoptera-scolytidae-to-coleopteranactive-bacillus-thuringiensis-a-bacillus-metabolite-and-avermectin-b1/4B844A662110D4035C8E30CF86B87CA1,full text
3cd970ea-0cac-8177-b430-f230c1fa5a2b,113,Dendroctonus frontalis,3cd970ea-0cac-81b5-b18d-f10167e662e3,Bacillus thuringiensis,Bacteria,culture collection,gut,,,"pathogenicity test; toxicity bioassay, not effective",laboratory,,1995,"Cane et al., 1995","Cane, J.H., Cox, H.E., Moar, W.J., 1995. Susceptibility of Ips calligraphus (Germar) and Dendroctonus frontalis (Zimmermann) (Coleoptera: Scolytidae) to coleopteran-active Bacillus thuringiensis, a Bacillus metabolite, and Avermectin B1. Can. Entomol. 127, 831–837.",https://www.cambridge.org/core/journals/canadian-entomologist/article/abs/susceptibility-of-ips-calligraphus-germar-and-dendroctonus-frontalis-zimmermann-coleoptera-scolytidae-to-coleopteranactive-bacillus-thuringiensis-a-bacillus-metabolite-and-avermectin-b1/4B844A662110D4035C8E30CF86B87CA1,full text
3cd970ea-0cac-8182-a18a-fb773d635cb0,114,Dendroctonus ponderosae,3cd970ea-0cac-8190-bc06-f7745f245114,Beauveria bassiana,Fungi,isolated from beetle mouthpart,,,morphological and molecular,,,United States,2009,"Cardoza et al., 2009","Cardoza, Y. J., Vasanthakumar, A., Suazo, A., & Raffa, K. F. (2009). Survey and phylogenetic analysis of culturable microbes in the oral secretions of three bark beetle species. Entomologia experimentalis et applicata, 131(2), 138-147.",https://doi.org/10.1111/j.1570-7458.2009.00844.x,full text
3cd970ea-0cac-8101-8c26-ff13c8711798,115,Dendroctonus rufipennis,3cd970ea-0cac-8134-a2c9-c7fa5c20155e,Beauveria bassiana,Fungi,isolated from beetle mouthpart,,,morphological and molecular,,,United States,2009,"Cardoza et al., 2009","Cardoza, Y. J., Vasanthakumar, A., Suazo, A., & Raffa, K. F. (2009). Survey and phylogenetic analysis of culturable microbes in the oral secretions of three bark beetle species. Entomologia experimentalis et applicata, 131(2), 138-147.",https://doi.org/10.1111/j.1570-7458.2009.00844.x,full text
3cd970ea-0cac-817e-8382-cb81c4b7eaac,116,Xyleborus glabratus,3cd970ea-0cac-81b5-913d-d75e0febd6ed,Beauveria bassiana,Fungi,commercial strain,cuticular contact,pathogen,,virulence test,laboratory,United States,2015,"Carrillo et al., 2015","Carrillo, D., Dunlap, C. A., Avery, P. B., Navarrete, J., Duncan, R. E., Jackson, M. A., ... & Peña, J. E. (2015). Entomopathogenic fungi as biological control agents for the vector of the laurel wilt disease, the redbay ambrosia beetle, Xyleborus glabratus (Coleoptera: Curculionidae). Biological Control, 81, 44-50.",https://doi.org/10.1016/j.biocontrol.2014.10.009,full text
3cd970ea-0cac-818f-99bd-cefacda005d6,117,Xyleborus glabratus,3cd970ea-0cac-81b5-913d-d75e0febd6ed,Isaria fumosorosea,Fungi,isolated from Bemisia tabaci and commercial strain,cuticular contact,pathogen,,pathogenicity test,laboratory,United States,2015,"Carrillo et al., 2015","Carrillo, D., Dunlap, C. A., Avery, P. B., Navarrete, J., Duncan, R. E., Jackson, M. A., ... & Peña, J. E. (2015). Entomopathogenic fungi as biological control agents for the vector of the laurel wilt disease, the redbay ambrosia beetle, Xyleborus glabratus (Coleoptera: Curculionidae). Biological Control, 81, 44-50.",https://doi.org/10.1016/j.biocontrol.2014.10.009,full text
3cd970ea-0cac-81a0-a7db-c0e64a30a379,118,Xyleborus affinis,3cd970ea-0cac-815e-9824-c468cb48f77b,Beauveria bassiana,Fungi,coleoptera-isolated B. bassiana strains from the EPF collection,cuticular contact,pathogen,,pathogenicity test,laboratory,México,2020,"Castrejón-Antonio et al., 2020","Castrejón-Antonio, J. E., Tamez-Guerra, P., Montesinos-Matías, R., Ek-Ramos, M. J., Garza-López, P. M., & Arredondo-Bernal, H. C. (2020). Selection of Beauveria bassiana (Hypocreales: Cordycipitaceae) strains to control Xyleborus affinis (Curculionidae: Scolytinae) females. PeerJ, 8, e9472.",https://doi.org/10.7717/peerj.9472,full text
3cd970ea-0cac-815f-b55f-f3deeb8329c8,119,Xyleborus affinis,3cd970ea-0cac-815e-9824-c468cb48f77b,Beauveria bassiana,Fungi,culture collection,cuticular contact,pathogen,,pathogenicity test,laboratory,México,2023,"Castrejón-Antonio et al., 2023","Castrejón-Antonio, J. E., Tamez-Guerra, P., García-Ortiz, N., Muñiz-Paredes, F., Sánchez-Rangel, J. C., & Montesinos-Matías, R. (2023). Biocontrol of Xyleborus affinis (Curculionidae: Scolitinae) females and progeny by Beauveria bassiana (Hypocreales: Cordycipitaceae) in a sawdust artificial diet model. Insects, 14(5), 477.",https://doi.org/10.3390/insects14050477,full text
3cd970ea-0cac-81ba-a644-e90729dc37a9,120,Xyleborus affinis,3cd970ea-0cac-815e-9824-c468cb48f77b,Beauveria bassiana,Fungi,culture collection,cuticular contact,pathogen,,pathogenicity test with inverted emulsion,laboratory,,2025,"Castrejón-Antonio et al., 2025","Castrejón-Antonio, J. E., Tamez-Guerra, P., Montesinos-Matías, R., Sánchez-Rangel, J. C., & Mendoza-Muñoz, N. (2025). Compatibility of Beauveria bassiana with Inverted Emulsions in Contaminated Surface Tests Against Xyleborus affinis1. Southwestern Entomologist, 50(1), 1-18.",https://doi.org/10.3958/059.050.0107,full text
3cd970ea-0cac-8162-99bc-fc97afbba8c3,121,Xylosandrus crassiusculus,3cd970ea-0cac-815f-84ee-ec79540cabee,Beauveria bassiana,Fungi,culture collection; commercial strain,cuticular contact,pathogen,,virulence test,laboratory,United States,2013,"Castrillo et al., 2013","Castrillo, L. A., Griggs, M. H., & Vandenberg, J. D. (2013). Granulate ambrosia beetle, Xylosandrus crassiusculus (Coleoptera: Curculionidae), survival and brood production following exposure to entomopathogenic and mycoparasitic fungi. Biological control, 67(2), 220-226.",https://doi.org/10.1016/j.biocontrol.2013.07.015,full text
3cd970ea-0cac-81c6-a7e7-e2d7e63b19a0,122,Xylosandrus crassiusculus,3cd970ea-0cac-815f-84ee-ec79540cabee,Metarhizium brunneum,Fungi,culture collection; commercial strain,cuticular contact,pathogen,,virulence test,laboratory,United States,2013,"Castrillo et al., 2013","Castrillo, L. A., Griggs, M. H., & Vandenberg, J. D. (2013). Granulate ambrosia beetle, Xylosandrus crassiusculus (Coleoptera: Curculionidae), survival and brood production following exposure to entomopathogenic and mycoparasitic fungi. Biological control, 67(2), 220-226.",https://doi.org/10.1016/j.biocontrol.2013.07.015,full text
3cd970ea-0cac-8101-89db-cc231ff055ed,123,Xylosandrus germanus,3cd970ea-0cac-8125-a3b0-e16e95c7e865,Beauveria bassiana,Fungi,culture collection; commercial strain,cuticular contact,pathogen,,virulence test,laboratory,United States,2011,"Castrillo et al., 2011","Castrillo, L. A., Griggs, M. H., Ranger, C. M., Reding, M. E., & Vandenberg, J. D. (2011). Virulence of commercial strains of Beauveria bassiana and Metarhizium brunneum (Ascomycota: Hypocreales) against adult Xylosandrus germanus (Coleoptera: Curculionidae) and impact on brood. Biological Control, 58(2), 121-126.",https://doi.org/10.1016/j.biocontrol.2011.04.010,full text
3cd970ea-0cac-8193-ba9d-c3d02adbe14a,124,Xylosandrus germanus,3cd970ea-0cac-8125-a3b0-e16e95c7e865,Metarhizium brunneum,Fungi,culture collection; commercial strain,cuticular contact,pathogen,,virulence test,laboratory,United States,2011,"Castrillo et al., 2011","Castrillo, L. A., Griggs, M. H., Ranger, C. M., Reding, M. E., & Vandenberg, J. D. (2011). Virulence of commercial strains of Beauveria bassiana and Metarhizium brunneum (Ascomycota: Hypocreales) against adult Xylosandrus germanus (Coleoptera: Curculionidae) and impact on brood. Biological Control, 58(2), 121-126.",https://doi.org/10.1016/j.biocontrol.2011.04.010,full text
3cd970ea-0cac-81d9-a187-c5c82a56366b,125,Xylosandrus crassiusculus,3cd970ea-0cac-815f-84ee-ec79540cabee,Beauveria bassiana,Fungi,culture collection; commercial strain,cuticular contact,pathogen,,pathogenicity test,laboratory,United States,2016,"Castrillo et al., 2016","Castrillo, L. A., Griggs, M. H., & Vandenberg, J. D. (2016). Competition between biological control fungi and fungal symbionts of ambrosia beetles Xylosandrus crassiusculus and X. germanus (Coleoptera: Curculionidae): mycelial interactions and impact on beetle brood production. Biological Control, 103, 138-146.",https://doi.org/10.1016/j.biocontrol.2016.09.005,full text
3cd970ea-0cac-81d1-a0c7-ce2749dc4974,126,Xylosandrus crassiusculus,3cd970ea-0cac-815f-84ee-ec79540cabee,Metarhizium brunneum,Fungi,culture collection; commercial strain,cuticular contact,pathogen,,pathogenicity test,laboratory,United States,2016,"Castrillo et al., 2016","Castrillo, L. A., Griggs, M. H., & Vandenberg, J. D. (2016). Competition between biological control fungi and fungal symbionts of ambrosia beetles Xylosandrus crassiusculus and X. germanus (Coleoptera: Curculionidae): mycelial interactions and impact on beetle brood production. Biological Control, 103, 138-146.",https://doi.org/10.1016/j.biocontrol.2016.09.005,full text
3cd970ea-0cac-815b-963c-c51fa91c692a,127,Xylosandrus germanus,3cd970ea-0cac-8125-a3b0-e16e95c7e865,Beauveria bassiana,Fungi,culture collection; commercial strain,cuticular contact,pathogen,,pathogenicity test,laboratory,,2016,"Castrillo et al., 2016","Castrillo, L. A., Griggs, M. H., & Vandenberg, J. D. (2016). Competition between biological control fungi and fungal symbionts of ambrosia beetles Xylosandrus crassiusculus and X. germanus (Coleoptera: Curculionidae): mycelial interactions and impact on beetle brood production. Biological Control, 103, 138-146.",https://doi.org/10.1016/j.biocontrol.2016.09.005,full text
3cd970ea-0cac-813a-a1ee-e9ea00698539,128,Xylosandrus germanus,3cd970ea-0cac-8125-a3b0-e16e95c7e865,Metarhizium brunneum,Fungi,culture collection; commercial strain,cuticular contact,pathogen,,pathogenicity test,laboratory,,2016,"Castrillo et al., 2016","Castrillo, L. A., Griggs, M. H., & Vandenberg, J. D. (2016). Competition between biological control fungi and fungal symbionts of ambrosia beetles Xylosandrus crassiusculus and X. germanus (Coleoptera: Curculionidae): mycelial interactions and impact on beetle brood production. Biological Control, 103, 138-146.",https://doi.org/10.1016/j.biocontrol.2016.09.005,full text
3cd970ea-0cac-81e1-8b50-d103fc7bd396,129,Hypothenemus hampei,3cd970ea-0cac-81f7-998c-d66f5aa14d2a,Beauveria bassiana,Fungi,isolated from infected beetle,,pathogen,morphological and molecular,,,"Hawaii, United States",2020,"Castrillo et al., 2020","Castrillo, L. A., Wraight, S. P., Galaini-Wraight, S., Matsumoto, T. K., Howes, R. L., & Keith, L. M. (2020). Genetic diversity among naturally-occurring strains of Beauveria bassiana associated with the introduced coffee berry borer, Hypothenemus hampei,(Coleoptera: Curculionidae) on Hawai ‘i Island. Journal of invertebrate pathology, 175, 107456.",https://doi.org/10.1016/j.jip.2020.107456,full text
3cd970ea-0cac-8107-a03b-e248f4385b3a,130,Euwallacea perbrevis,3cd970ea-0cac-8162-9a6c-dec68931958c,Beauveria bassiana,Fungi,culture collection; commercial strain,cuticular contact,pathogen,,,laboratory,,2023,"Chavez et al., 2023","Chavez, A. V., Duren, E. B., Avery, P. B., Pitino, M., Duncan, R. E., Cruz, L. F., ... & Cave, R. D. (2023). Evaluation of spore acquisition, spore production, and host survival time for tea shot-hole borer, Euwallacea perbrevis, adults after exposure to four commercial products containing Beauveria bassiana. Insects, 14(9), 726.",https://doi.org/10.3390/insects14090726,full text
3cd970ea-0cac-8197-887f-ebad357704f2,131,Hylesinus varius,3cd970ea-0cac-8100-81ec-dbe86183c712,Paecilomyces variotii,Fungi,,,,,,,,1957,"Chararas, 1957","Chararas C. 1957. Rev.Path.Veg.d’Ent.Agr.Fr. 36, 145-155; cit.: Postner, M. (1974): Scolytidae
(=Ipidae), Borkenkäfer. In: Die Forstschädlinge Europas, Bd. 2.W. Schwenke (Ed), P. Parey.",,
3cd970ea-0cac-810d-8d7f-c3777f0ff60c,132,Dryocoetes autographus,3cd970ea-0cac-81b6-87c6-e583eea30425,Paecilomyces variotii,Fungi,,,,,,,,1962,"Chararas, 1962","Chararas C. 1962. Encyclopedie Entomologique A, 38, Lechevalier, Paris; cit.: Postner, M. (1974): Scolytidae (=Ipidae), Borkenkäfer. In: Die Forstschädlinge Europas, Bd. 2. W. Schwenke (Ed), P. Parey.",,
3cd970ea-0cac-81b7-ac6c-fad820762bcf,133,Ips paraconfusus,3cd970ea-0cac-81c2-bcf5-c84972c89298,Parasitorhabditis sp.,Nematode,,gut,parasite,,,,United States,1987,"Choo et al., 1987","Choo, H.Y., Kaya, H.K., Shea, P., Noffsinger, E.M., 1987. Ecological study of nematode parasitism in Ips beetles from California and Idaho. J. Nematol. 19, 495–502.",https://pubmed.ncbi.nlm.nih.gov/19290176/,full text
3cd970ea-0cac-819d-90b6-c03e9b112ddc,134,Ips paraconfusus,3cd970ea-0cac-81c2-bcf5-c84972c89298,Parasitaphelenchus sp.,Nematode,,hemocoel,parasite,,,,United States,1987,"Choo et al., 1987","Choo, H.Y., Kaya, H.K., Shea, P., Noffsinger, E.M., 1987. Ecological study of nematode parasitism in Ips beetles from California and Idaho. J. Nematol. 19, 495–502.",https://pubmed.ncbi.nlm.nih.gov/19290176/,full text
3cd970ea-0cac-8171-9379-e4f22d174334,135,Ips paraconfusus,3cd970ea-0cac-81c2-bcf5-c84972c89298,Contortylenchus elongatus,Nematode,,hemocoel,parasite,,,,United States,1987,"Choo et al., 1987","Choo, H.Y., Kaya, H.K., Shea, P., Noffsinger, E.M., 1987. Ecological study of nematode parasitism in Ips beetles from California and Idaho. J. Nematol. 19, 495–502.",https://pubmed.ncbi.nlm.nih.gov/19290176/,full text
3cd970ea-0cac-811b-a048-df4f9a9c5d5b,136,Ips paraconfusus,3cd970ea-0cac-81c2-bcf5-c84972c89298,Contortylenchus reversus,Nematode,,hemocoel,parasite,,,,United States,1987,"Choo et al., 1987","Choo, H.Y., Kaya, H.K., Shea, P., Noffsinger, E.M., 1987. Ecological study of nematode parasitism in Ips beetles from California and Idaho. J. Nematol. 19, 495–502.",https://pubmed.ncbi.nlm.nih.gov/19290176/,full text
3cd970ea-0cac-81b0-9191-d90963f82d3d,137,Ips paraconfusus,3cd970ea-0cac-81c2-bcf5-c84972c89298,Contortylenchus brevicomi,Nematode,,hemocoel,parasite,,,,United States,1987,"Choo et al., 1987","Choo, H.Y., Kaya, H.K., Shea, P., Noffsinger, E.M., 1987. Ecological study of nematode parasitism in Ips beetles from California and Idaho. J. Nematol. 19, 495–502.",https://pubmed.ncbi.nlm.nih.gov/19290176/,full text
3cd970ea-0cac-81c8-98cc-ca1ab64ccce7,138,Ips pini,3cd970ea-0cac-81f0-9fd5-cb33623bff72,Parasitaphelenchus sp.,Nematode,,hemocoel,parasite,,,,United States,1987,"Choo et al., 1987","Choo, H.Y., Kaya, H.K., Shea, P., Noffsinger, E.M., 1987. Ecological study of nematode parasitism in Ips beetles from California and Idaho. J. Nematol. 19, 495–502.",https://pubmed.ncbi.nlm.nih.gov/19290176/,full text
3cd970ea-0cac-8144-bed9-f0c8440ee2ff,139,Ips pini,3cd970ea-0cac-81f0-9fd5-cb33623bff72,Contortylenchus reversus,Nematode,,hemocoel,parasite,,,,United States,1987,"Choo et al., 1987","Choo, H.Y., Kaya, H.K., Shea, P., Noffsinger, E.M., 1987. Ecological study of nematode parasitism in Ips beetles from California and Idaho. J. Nematol. 19, 495–502.",https://pubmed.ncbi.nlm.nih.gov/19290176/,full text
3cd970ea-0cac-81f6-b5ee-d1bace64639f,140,Ips pini,3cd970ea-0cac-81f0-9fd5-cb33623bff72,Contortylenchus sp1.,Nematode,,hemocoel,parasite,,,,United States,1987,"Choo et al., 1987","Choo, H.Y., Kaya, H.K., Shea, P., Noffsinger, E.M., 1987. Ecological study of nematode parasitism in Ips beetles from California and Idaho. J. Nematol. 19, 495–502.",https://pubmed.ncbi.nlm.nih.gov/19290176/,full text
3cd970ea-0cac-813c-bf35-e85cc8b47473,141,Ips pini,3cd970ea-0cac-81f0-9fd5-cb33623bff72,Contortylenchus sp2.,Nematode,,hemocoel,parasite,,,,United States,1987,"Choo et al., 1987","Choo, H.Y., Kaya, H.K., Shea, P., Noffsinger, E.M., 1987. Ecological study of nematode parasitism in Ips beetles from California and Idaho. J. Nematol. 19, 495–502.",https://pubmed.ncbi.nlm.nih.gov/19290176/,full text
3cd970ea-0cac-81bc-9bfa-c38e324d9c96,142,Ips pini,3cd970ea-0cac-81f0-9fd5-cb33623bff72,Parasitylenchus ovarius,Nematode,,hemocoel,parasite,,,,United States,1987,"Choo et al., 1987","Choo, H.Y., Kaya, H.K., Shea, P., Noffsinger, E.M., 1987. Ecological study of nematode parasitism in Ips beetles from California and Idaho. J. Nematol. 19, 495–502.",https://pubmed.ncbi.nlm.nih.gov/19290176/,full text
3cd970ea-0cac-8103-9255-ca06facbda96,143,Dendroctonus rufipennis,3cd970ea-0cac-8134-a2c9-c7fa5c20155e,Beauveria bassiana,Fungi,isolated from  beetle,cuticular contact,parasite,morphological,pathogenicity test,laboratory and field,"Wyoming, United States",2018,"Davis et al., 2018","Davis, T. S., Mann, A. J., Malesky, D., Jankowski, E., & Bradley, C. (2018). Laboratory and field evaluation of the entomopathogenic fungus Beauveria bassiana (Deuteromycotina: Hyphomycetes) for population management of spruce beetle, Dendroctonus rufipennis (Coleoptera: Scolytinae), in felled trees and factors limiting pathogen success. Environmental entomology, 47(3), 594-602.",https://doi.org/10.1093/ee/nvy036,full text
3cd970ea-0cac-81ce-80c0-cc92064bb3a3,144,Dendroctonus rufipennis,3cd970ea-0cac-8134-a2c9-c7fa5c20155e,Beauveria bassiana,Fungi,"isolated from  beetle, tree, soil",,,,,,United States,2019,"Davis et al., 2019","Davis, T. S., Stewart, J. E., Mann, A., Bradley, C., & Hofstetter, R. W. (2019). Evidence for multiple ecological roles of Leptographium abietinum, a symbiotic fungus associated with the North American spruce beetle. Fungal Ecology, 38, 62-70.",https://doi.org/10.1016/j.funeco.2018.04.008,full text
3cd970ea-0cac-8170-9316-d5a06e052c10,145,Hylurgus ligniperda,3cd970ea-0cac-8168-b077-f1c598e6fefd,Isaria farinosa,Fungi,isolated from  beetle,,,,,,Ukraine,2014,"Davydenko et al., 2014","Davydenko, K., Vasaitis, R., Meshkova, V., & Menkis, A. (2014). Fungi associated with the red-haired bark beetle, Hylurgus ligniperda (Coleoptera: Curculionidae) in the forest-steppe zone in eastern Ukraine. European Journal of Entomology, 111(4), 561.",https://doi.org/10.14411/eje.2014.070,full text
3cd970ea-0cac-81f5-95ac-efc6dac59c43,146,Hylurgus ligniperda,3cd970ea-0cac-8168-b077-f1c598e6fefd,Beauveria bassiana,Fungi,isolated from  beetle,,,,,,Ukraine,2014,"Davydenko et al., 2014","Davydenko, K., Vasaitis, R., Meshkova, V., & Menkis, A. (2014). Fungi associated with the red-haired bark beetle, Hylurgus ligniperda (Coleoptera: Curculionidae) in the forest-steppe zone in eastern Ukraine. European Journal of Entomology, 111(4), 561.",https://doi.org/10.14411/eje.2014.070,full text
3cd970ea-0cac-81e4-be04-cd7085e33563,147,Ips duplicatus,3cd970ea-0cac-8141-8c9c-eda2a1055c4c,Beauveria bassiana,Fungi,isolated from infected beetle,cuticular contact,pathogen,,pathogenicity test,laboratory,Romania,2012,"Dinu et al., 2012","Dinu, M. M., Lupăştean, D., Cardaş, G., & Andrei, A. M. (2012). New Beauveria bassiana (Bals.) Vuill. isolate from Ips duplicatus (Sahlberg). Romanian Journal of Plant Protection, 5, 12-15.",https://d1wqtxts1xzle7.cloudfront.net/83453896/NEW_BEAUVERIA_BASSIANA_Bals._Vuill._IS20220408-31581-189uf8.pdf?1738488608=&response-content-disposition=inline%3B+filename%3DNEW_BEAUVERIA_BASSIANA_Bals_Vuill_ISOLAT.pdf&Expires=1784230183&Signature=WDG6KYHlD1o3PjtIn9oOjSWrtnkj3A9rYvLlpEgbdmzFXBRzQJixISL1MP-JxMkNRA1uzcdhUYHpr44sKV~FyMTjUcUaeCx61C4CYZAUVlhKOXnEujuBs30bMYbuSRZtO~ftZXriX-65JVaUs~WKN2C55-EHLn3Ki3ibjpDj9Li3z2TJPfU2cJqdcl9uqlrARLZN9Nihb6a1T-cAgm4m3tHS3QnxHAvf1Hq~pgMNPOTV1nUjocsmKqYWz857czOCT5ImwUfh1dSkOGBF-bLmuPGkmF-pnh3uEujjmn9iGmCWBxzs4qLxwYIpukgaB2H83fdifdpaiiOp8PrURd4s~g__&Key-Pair-Id=APKAJLOHF5GGSLRBV4ZA,full text
3cd970ea-0cac-8137-a772-c12aa22f7689,148,Scolytus multistriatus,3cd970ea-0cac-81d9-bda0-ca455fdf65b6,Beauveria bassiana,Fungi,pathogen; isolated from  beetle,pathogenicity test,,,morphological,laboratory,United States,1959,"Doane, 1959","Doane C.C. 1959. Beauveria bassiana as a pathogen of Scolytus multistriatus. Annals Entomological Society of America 52, 109-11.",https://doi.org/10.1093/aesa/52.1.109,full text
3cd970ea-0cac-8163-8d8a-c24d901644d5,149,Scolytus multistriatus,3cd970ea-0cac-81d9-bda0-ca455fdf65b6,Serratia marcescens,Bacteria,pathogen,pathogenicity test,,,,,,1960,"Doane, 1960","Doane C.C. 1960. Bacterial Pathogens of Scolytus multistriatus Marsham as related to crowding. Journal of Insect Pathology 2, 24.29.",https://www.cabidigitallibrary.org/doi/full/10.5555/19610500352,full text
3cd970ea-0cac-8174-bd62-f83e28d600b3,150,Scolytus multistriatus,3cd970ea-0cac-81d9-bda0-ca455fdf65b6,Aerobacter scolyti,Bacteria,pathogen,pathogenicity test,,,,,,1960,"Doane, 1960","Doane C.C. 1960. Bacterial Pathogens of Scolytus multistriatus Marsham as related to crowding. Journal of Insect Pathology 2, 24.29.",https://www.cabidigitallibrary.org/doi/full/10.5555/19610500352,full text
3cd970ea-0cac-81d9-ba36-e69aa6606caa,151,Scolytus multistriatus,3cd970ea-0cac-81d9-bda0-ca455fdf65b6,Escherichia klebsiellaeformis,Bacteria,pathogen,pathogenicity test,,,,,,1960,"Doane, 1960","Doane C.C. 1960. Bacterial Pathogens of Scolytus multistriatus Marsham as related to crowding. Journal of Insect Pathology 2, 24.29.",https://www.cabidigitallibrary.org/doi/full/10.5555/19610500352,full text
3cd970ea-0cac-81c7-8544-e3f28901899f,152,Scolytus scolytus,3cd970ea-0cac-818b-a96b-ee29650d93b8,Beauveria bassiana,Fungi,,pathogenicity test,,,,laboratory,England,1981,"Doberski, 1981a","Doberski J.W. 1981. Comparative laboratory studies on three fungal pathogens of the elm bark beetle, Scolytus scolytus: Pathogenicity of Beauveria bassiana, Metarhizium anisopliae, and Paecilomyces farinosus to larvae and adults of S. scolytus. Journal of Invertebrate Pathology 37, 188-94.",https://doi.org/10.1016/0022-2011(81)90074-4,full text
3cd970ea-0cac-810a-a2f6-ce3b1a87036a,153,Scolytus scolytus,3cd970ea-0cac-818b-a96b-ee29650d93b8,Metarhizium anisopliae,Fungi,,pathogenicity test,,,,laboratory,England,1981,"Doberski, 1981a","Doberski J.W. 1981. Comparative laboratory studies on three fungal pathogens of the elm bark beetle, Scolytus scolytus: Pathogenicity of Beauveria bassiana, Metarhizium anisopliae, and Paecilomyces farinosus to larvae and adults of S. scolytus. Journal of Invertebrate Pathology 37, 188-94.",https://doi.org/10.1016/0022-2011(81)90074-4,full text
3cd970ea-0cac-816a-9c17-f0c98a853dc2,154,Scolytus scolytus,3cd970ea-0cac-818b-a96b-ee29650d93b8,Paecilomyces farinosus,Fungi,,pathogenicity test,,,,laboratory,England,1981,"Doberski, 1981a","Doberski J.W. 1981. Comparative laboratory studies on three fungal pathogens of the elm bark beetle, Scolytus scolytus: Pathogenicity of Beauveria bassiana, Metarhizium anisopliae, and Paecilomyces farinosus to larvae and adults of S. scolytus. Journal of Invertebrate Pathology 37, 188-94.",https://doi.org/10.1016/0022-2011(81)90074-4,full text
3cd970ea-0cac-813a-b603-e9a4152052de,155,Scolytus scolytus,3cd970ea-0cac-818b-a96b-ee29650d93b8,Beauveria bassiana,Fungi,,pathogenicity test,,,,laboratory,England,1981,"Doberski, 1981b","Doberski J.W. 1981. Comparative laboratory studies on three fungal pathogens of the elm bark beetle, Scolytus scolytus: effects of temperature and humidity on infection by Beauveria bassiana, Metarhizium anisopliae, and Paecilomyces farinosus. Journal of Invertebrate Pathology 37, 195-200.",https://doi.org/10.1016/0022-2011(81)90075-6,full text
3cd970ea-0cac-81db-a1ae-ee0e41f588d0,156,Scolytus scolytus,3cd970ea-0cac-818b-a96b-ee29650d93b8,Metarhizium anisopliae,Fungi,,pathogenicity test,,,,laboratory,England,1981,"Doberski, 1981b","Doberski J.W. 1981. Comparative laboratory studies on three fungal pathogens of the elm bark beetle, Scolytus scolytus: effects of temperature and humidity on infection by Beauveria bassiana, Metarhizium anisopliae, and Paecilomyces farinosus. Journal of Invertebrate Pathology 37, 195-200.",https://doi.org/10.1016/0022-2011(81)90075-6,full text
3cd970ea-0cac-8104-b02a-defb98036f45,157,Scolytus scolytus,3cd970ea-0cac-818b-a96b-ee29650d93b8,Paecilomyces farinosus,Fungi,,pathogenicity test,,,,laboratory,England,1981,"Doberski, 1981b","Doberski J.W. 1981. Comparative laboratory studies on three fungal pathogens of the elm bark beetle, Scolytus scolytus: effects of temperature and humidity on infection by Beauveria bassiana, Metarhizium anisopliae, and Paecilomyces farinosus. Journal of Invertebrate Pathology 37, 195-200.",https://doi.org/10.1016/0022-2011(81)90075-6,full text
3cd970ea-0cac-814e-8308-f0ed0db75f47,158,Dryocoetes autographus,3cd970ea-0cac-81b6-87c6-e583eea30425,Beauveria bassiana,Fungi,isolated from cadaver,,,,morphological,,Bulgaria,2010,"Draganova et al., 2010","Draganova, S. A., Takov, D. I., & Doychev, D. D. (2010). Naturally-occurring entomopathogenic fungi on three bark beetle species (Coleoptera: Curculionidae) in Bulgaria. Pesticidi i fitomedicina, 25(1), 59-63.",https://doi.org/10.2298/PIF1001059D,full text
3cd970ea-0cac-813c-be3d-fd2296854c33,159,Ips sexdentatus,3cd970ea-0cac-81b2-b8a3-d4a7253b9941,Beauveria bassiana,Fungi,isolated from cadaver,,,,morphological,,Bulgaria,2010,"Draganova et al., 2010","Draganova, S. A., Takov, D. I., & Doychev, D. D. (2010). Naturally-occurring entomopathogenic fungi on three bark beetle species (Coleoptera: Curculionidae) in Bulgaria. Pesticidi i fitomedicina, 25(1), 59-63.",https://doi.org/10.2298/PIF1001059D,full text
3cd970ea-0cac-812d-af2c-cce3473bad56,160,Ips typographus,3cd970ea-0cac-81e7-bd37-c7209a5601d7,Beauveria bassiana,Fungi,isolated from cadaver,,,,morphological,,Bulgaria,2010,"Draganova et al., 2010","Draganova, S. A., Takov, D. I., & Doychev, D. D. (2010). Naturally-occurring entomopathogenic fungi on three bark beetle species (Coleoptera: Curculionidae) in Bulgaria. Pesticidi i fitomedicina, 25(1), 59-63.",https://doi.org/10.2298/PIF1001059D,full text
3cd970ea-0cac-81df-8abb-c3d92e271561,161,Ips typographus,3cd970ea-0cac-81e7-bd37-c7209a5601d7,Beauveria brongniartii,Fungi,isolated from cadaver,,,,morphological,,Bulgaria,2010,"Draganova et al., 2010","Draganova, S. A., Takov, D. I., & Doychev, D. D. (2010). Naturally-occurring entomopathogenic fungi on three bark beetle species (Coleoptera: Curculionidae) in Bulgaria. Pesticidi i fitomedicina, 25(1), 59-63.",https://doi.org/10.2298/PIF1001059D,full text
3cd970ea-0cac-81e1-8741-c5d0ac15c396,162,Ips sexdentatus,3cd970ea-0cac-81b2-b8a3-d4a7253b9941,Isaria farinosa,Fungi,isolated from cadaver,,,,morphological,,Bulgaria,2010,"Draganova et al., 2010","Draganova, S. A., Takov, D. I., & Doychev, D. D. (2010). Naturally-occurring entomopathogenic fungi on three bark beetle species (Coleoptera: Curculionidae) in Bulgaria. Pesticidi i fitomedicina, 25(1), 59-63.",https://doi.org/10.2298/PIF1001059D,full text
3cd970ea-0cac-8126-82cf-edf2263c8274,163,Hylurgops palliatus,3cd970ea-0cac-816f-b74a-dc5ef373dcda,Beauveria bassiana,Fungi,,,,,,,Bulgaria,2011,"Draganova et al., 2011","Draganova, S., Pilarska, D., Takov, D., & Doychev, D. (2011). Utilization of carbohydrates by Beauveria bassiana isolates obtained from forest pests. Journal of Plant Protection Research.",https://journals.pan.pl/dlibra/show-content?id=88505,full text
3cd970ea-0cac-81ee-ac41-e8614623470d,164,Ips typographus,3cd970ea-0cac-81e7-bd37-c7209a5601d7,Beauveria bassiana,Fungi,,,,,,,Bulgaria,2011,"Draganova et al., 2011","Draganova, S., Pilarska, D., Takov, D., & Doychev, D. (2011). Utilization of carbohydrates by Beauveria bassiana isolates obtained from forest pests. Journal of Plant Protection Research.",https://journals.pan.pl/dlibra/show-content?id=88505,full text
3cd970ea-0cac-81df-8a22-c9ece1db29f1,165,Ips sexdentatus,3cd970ea-0cac-81b2-b8a3-d4a7253b9941,Beauveria bassiana,Fungi,,,,,,,Bulgaria,2011,"Draganova et al., 2011","Draganova, S., Pilarska, D., Takov, D., & Doychev, D. (2011). Utilization of carbohydrates by Beauveria bassiana isolates obtained from forest pests. Journal of Plant Protection Research.",https://journals.pan.pl/dlibra/show-content?id=88505,full text
3cd970ea-0cac-81c0-b7fa-e83e0c2c17ee,166,Dryocoetes autographus,3cd970ea-0cac-81b6-87c6-e583eea30425,Beauveria bassiana,Fungi,,,,,,,Bulgaria,2011,"Draganova et al., 2011","Draganova, S., Pilarska, D., Takov, D., & Doychev, D. (2011). Utilization of carbohydrates by Beauveria bassiana isolates obtained from forest pests. Journal of Plant Protection Research.",https://journals.pan.pl/dlibra/show-content?id=88505,full text
3cd970ea-0cac-81eb-98a3-c05730abbe1e,167,Hylastes ater,3cd970ea-0cac-81ae-9426-f1fe79be2612,Beauveria bassiana,Fungi,,cuticular contact,pathogen,,pathogenicity test,laboratory,,2008,"Reay et al., 2008","Reay, S. D., Brownbridge, M., Cummings, N. J., Nelson, T. L., Souffre, B., Lignon, C., & Glare, T. R. (2008). Isolation and characterization of Beauveria spp. associated with exotic bark beetles in New Zealand Pinus radiata plantation forests. Biological Control, 46(3), 484-494.",https://doi.org/10.2478/v10045-011-0057-1,full text
3cd970ea-0cac-8127-83a5-e6cd642409d6,168,Hylastes ater,3cd970ea-0cac-81ae-9426-f1fe79be2612,Beauveria caledonica,Fungi,,cuticular contact,pathogen,,pathogenicity test,laboratory,,2008,"Reay et al., 2008","Reay, S. D., Brownbridge, M., Cummings, N. J., Nelson, T. L., Souffre, B., Lignon, C., & Glare, T. R. (2008). Isolation and characterization of Beauveria spp. associated with exotic bark beetles in New Zealand Pinus radiata plantation forests. Biological Control, 46(3), 484-494.",https://doi.org/10.2478/v10045-011-0057-1,full text
3cd970ea-0cac-8134-98f3-dfe2cf563183,169,Hylastes ater,3cd970ea-0cac-81ae-9426-f1fe79be2612,Beauveria malawiensis,Fungi,,cuticular contact,pathogen,,pathogenicity test,laboratory,,2008,"Reay et al., 2008","Reay, S. D., Brownbridge, M., Cummings, N. J., Nelson, T. L., Souffre, B., Lignon, C., & Glare, T. R. (2008). Isolation and characterization of Beauveria spp. associated with exotic bark beetles in New Zealand Pinus radiata plantation forests. Biological Control, 46(3), 484-494.",https://doi.org/10.2478/v10045-011-0057-1,full text
3cd970ea-0cac-81b0-b74c-f8893d31ffe3,170,Hylurgus ligniperda,3cd970ea-0cac-8168-b077-f1c598e6fefd,Beauveria bassiana,Fungi,,cuticular contact,pathogen,,pathogenicity test,laboratory,,2008,"Reay et al., 2008","Reay, S. D., Brownbridge, M., Cummings, N. J., Nelson, T. L., Souffre, B., Lignon, C., & Glare, T. R. (2008). Isolation and characterization of Beauveria spp. associated with exotic bark beetles in New Zealand Pinus radiata plantation forests. Biological Control, 46(3), 484-494.",https://doi.org/10.2478/v10045-011-0057-1,full text
3cd970ea-0cac-81f6-bf69-e25bece12823,171,Hylurgus ligniperda,3cd970ea-0cac-8168-b077-f1c598e6fefd,Beauveria caledonica,Fungi,,cuticular contact,pathogen,,pathogenicity test,laboratory,,2008,"Reay et al., 2008","Reay, S. D., Brownbridge, M., Cummings, N. J., Nelson, T. L., Souffre, B., Lignon, C., & Glare, T. R. (2008). Isolation and characterization of Beauveria spp. associated with exotic bark beetles in New Zealand Pinus radiata plantation forests. Biological Control, 46(3), 484-494.",https://doi.org/10.2478/v10045-011-0057-1,full text
3cd970ea-0cac-818c-982c-fd1c2f20efb2,172,Hylurgus ligniperda,3cd970ea-0cac-8168-b077-f1c598e6fefd,Beauveria malawiensis,Fungi,,cuticular contact,pathogen,,pathogenicity test,laboratory,,2008,"Reay et al., 2008","Reay, S. D., Brownbridge, M., Cummings, N. J., Nelson, T. L., Souffre, B., Lignon, C., & Glare, T. R. (2008). Isolation and characterization of Beauveria spp. associated with exotic bark beetles in New Zealand Pinus radiata plantation forests. Biological Control, 46(3), 484-494.",https://doi.org/10.2478/v10045-011-0057-1,full text
3cd970ea-0cac-81a4-8502-cfdb32efc76f,173,Ips typographus,3cd970ea-0cac-81e7-bd37-c7209a5601d7,Beauveria bassiana,Fungi,culture collection; isolated from cadaver,cuticular contact,pathogen,,pathogenicity test,laboratory and field,Bulgaria,2017,"Draganova et al., 2017","Draganova, S. A., Doychev, D. D., Pilarska, D. K., & Takov, D. I. (2017). Bioassays of entomopathogenic fungi against xylophagous insects in Bulgaria: laboratory and field experiments. Acta Zool. Bulg, 69, 411-419.",https://www.researchgate.net/publication/322148616_Bioassays_of_Entomopathogenic_Fungi_against_Xylophagous_Insects_in_Bulgaria_Laboratory_and_Field_Experiments,full text
3cd970ea-0cac-81e7-bf59-c8bf4ff77565,174,Ips typographus,3cd970ea-0cac-81e7-bd37-c7209a5601d7,Metarhizium anisopliae,Fungi,culture collection; isolated from cadaver,cuticular contact,pathogen,,pathogenicity test,laboratory and field,Bulgaria,2017,"Draganova et al., 2017","Draganova, S. A., Doychev, D. D., Pilarska, D. K., & Takov, D. I. (2017). Bioassays of entomopathogenic fungi against xylophagous insects in Bulgaria: laboratory and field experiments. Acta Zool. Bulg, 69, 411-419.",https://www.researchgate.net/publication/322148616_Bioassays_of_Entomopathogenic_Fungi_against_Xylophagous_Insects_in_Bulgaria_Laboratory_and_Field_Experiments,full text
3cd970ea-0cac-8197-8da3-ec2b50981082,175,Tomicus piniperda,3cd970ea-0cac-8130-bbd3-e29afac9abf6,Beauveria bassiana,Fungi,,,pathogen,,pathogenicity test; toxicity bioassay,,China,2014,"Du et al., 2014",Toxicity test of several strains of Beauveria bassiana against Tomicus piniperda,几株球孢白僵菌对纵坑切梢小蠹毒力测定,full text
3cd970ea-0cac-818e-83d5-c7bcb8af8515,176,Dendroctonus armandi,3cd970ea-0cac-818e-9b30-f4eeca5ef54d,Entomopoxvirus,Virus,,,,,,,China,1988,"Fan et al., 1988","Fan, M.; C. Kuo & X. Lu 1988. Tentative study on entomopoxvirus of Dendroctonus armandi Tsai et Li. Journal Disinsectional Microorganism 1, 140-41.",华山松大小蠹痘病毒初步研究,full text
3cd970ea-0cac-8134-8131-f2419746ea39,177,Scolytus schevyrewi,3cd970ea-0cac-8188-a8e6-d0e90bf8bf56,Beauveria bassiana,Fungi,,cuticular contact,pathogen,,virulence test,,China,2014,"Fan et al., 2014",Screening of highly virulent strains of fungi entomopathogenic to Scolytus schevyrewi Semenov,脐腹小蠹高致病力虫生真菌菌株的筛选,full text
3cd970ea-0cac-8142-b298-fdbc1b23b359,178,Scolytus schevyrewi,3cd970ea-0cac-8188-a8e6-d0e90bf8bf56,Metarhizium anisopliae,Fungi,,cuticular contact,pathogen,,virulence test,,China,2014,"Fan et al., 2014",Screening of highly virulent strains of fungi entomopathogenic to Scolytus schevyrewi Semenov,脐腹小蠹高致病力虫生真菌菌株的筛选,full text
3cd970ea-0cac-81fa-9a28-d0f186292379,179,Scolytus schevyrewi,3cd970ea-0cac-8188-a8e6-d0e90bf8bf56,Paecilomyces cateni,Fungi,,cuticular contact,pathogen,,virulence test,,China,2014,"Fan et al., 2014",Screening of highly virulent strains of fungi entomopathogenic to Scolytus schevyrewi Semenov,脐腹小蠹高致病力虫生真菌菌株的筛选,full text
3cd970ea-0cac-813a-b948-ebef1ed60ca5,180,Ips typographus,3cd970ea-0cac-81e7-bd37-c7209a5601d7,Beauveria bassiana,Fungi,,cuticular contact,pathogen,,pathogenicity test,laboratory,Romania,2022,"Fora et al., 2022","Fora, C. G., Boja, N., Moatăr, M., Tóth, F., & Balog, A. (2022). Effect of entomopathogenic fungi, Beauveria bassiana (Cordycipitaceae), on the bark beetle, Ips typographus (L.), under field conditions. Insects, 13(10), 885.",https://doi.org/10.3390/insects13100885,full text
3cd970ea-0cac-81cb-9f0a-d2bed69f8a56,181,Ips curvidens,3cd970ea-0cac-81b3-8b05-ddcf26762825,Tylenchus dispar curvidentis,Nematode,,,,,,,Germany,1914,"Fuchs, 1914a","Fuchs, G., 1914a. Tylenchus dispar curvidentis m. und Tylenchus dispar cryphali m. Zool. Anz. 45, 195–207.",,
3cd970ea-0cac-8190-87bd-de1aa91c7b73,182,Cryphalus piceae,3cd970ea-0cac-8127-8699-fc85f19203f8,Tylenchus dispar cryphali,Nematode,,,,,,,Germany,1914,"Fuchs, 1914a","Fuchs, G., 1914a. Tylenchus dispar curvidentis m. und Tylenchus dispar cryphali m. Zool. Anz. 45, 195–207.",,
3cd970ea-0cac-81b5-8133-de1a4a4b9199,183,Ips typographus,3cd970ea-0cac-81e7-bd37-c7209a5601d7,Tylenchus dispar curvidentis,Nematode,,,parasite,,,,Germany,1915,"Fuchs, 1915","Fuchs G. 1915. Die Naturgeschichte der Nematoden und einiger anderer Parasiten 1. des Ips typographus L. 2. des Hylobius abietis L. Zoologische Jahrbücher, Abteilung für Systematik 38, 109-222.",,
3cd970ea-0cac-8190-90d5-f7c2d4388a1a,184,Ips typographus,3cd970ea-0cac-81e7-bd37-c7209a5601d7,Tylenchus contortus typographi,Nematode,,,parasite,,,,Germany,1915,"Fuchs, 1915","Fuchs G. 1915. Die Naturgeschichte der Nematoden und einiger anderer Parasiten 1. des Ips typographus L. 2. des Hylobius abietis L. Zoologische Jahrbücher, Abteilung für Systematik 38, 109-222.",,
3cd970ea-0cac-81ff-80f4-c6bfe9729153,185,Ips typographus,3cd970ea-0cac-81e7-bd37-c7209a5601d7,Rhabditis obtusa,Nematode,,,parasite,,,,Germany,1915,"Fuchs, 1915","Fuchs G. 1915. Die Naturgeschichte der Nematoden und einiger anderer Parasiten 1. des Ips typographus L. 2. des Hylobius abietis L. Zoologische Jahrbücher, Abteilung für Systematik 38, 109-222.",,
3cd970ea-0cac-819e-b7e9-cf578a1b0284,186,Ips typographus,3cd970ea-0cac-81e7-bd37-c7209a5601d7,Diplogaster hütchlii,Nematode,,,parasite,,,,Germany,1915,"Fuchs, 1915","Fuchs G. 1915. Die Naturgeschichte der Nematoden und einiger anderer Parasiten 1. des Ips typographus L. 2. des Hylobius abietis L. Zoologische Jahrbücher, Abteilung für Systematik 38, 109-222.",,
3cd970ea-0cac-81d0-9dce-c321ae42c915,187,Ips typographus,3cd970ea-0cac-81e7-bd37-c7209a5601d7,Tylenchus major,Nematode,,,parasite,,,,Germany,1915,"Fuchs, 1915","Fuchs G. 1915. Die Naturgeschichte der Nematoden und einiger anderer Parasiten 1. des Ips typographus L. 2. des Hylobius abietis L. Zoologische Jahrbücher, Abteilung für Systematik 38, 109-222.",,
3cd970ea-0cac-8121-84da-e5943d06cab9,188,Ips typographus,3cd970ea-0cac-81e7-bd37-c7209a5601d7,Tylenchus macrogaster,Nematode,,,parasite,,,,Germany,1915,"Fuchs, 1915","Fuchs G. 1915. Die Naturgeschichte der Nematoden und einiger anderer Parasiten 1. des Ips typographus L. 2. des Hylobius abietis L. Zoologische Jahrbücher, Abteilung für Systematik 38, 109-222.",,
3cd970ea-0cac-8152-b0d1-ece3630298a0,189,Ips typographus,3cd970ea-0cac-81e7-bd37-c7209a5601d7,Rhabditolaimus halleri,Nematode,,,parasite,,,,Germany,1915,"Fuchs, 1915","Fuchs G. 1915. Die Naturgeschichte der Nematoden und einiger anderer Parasiten 1. des Ips typographus L. 2. des Hylobius abietis L. Zoologische Jahrbücher, Abteilung für Systematik 38, 109-222.",,
3cd970ea-0cac-8167-86c2-e29c2621a6d7,190,Ips typographus,3cd970ea-0cac-81e7-bd37-c7209a5601d7,Gregarina typographi,Protist,,gut,parasite,,,,Germany,1915,"Fuchs, 1915","Fuchs G. 1915. Die Naturgeschichte der Nematoden und einiger anderer Parasiten 1. des Ips typographus L. 2. des Hylobius abietis L. Zoologische Jahrbücher, Abteilung für Systematik 38, 109-222.",,
3cd970ea-0cac-81a1-8f30-ee31ca04f1b9,191,Ips typographus,3cd970ea-0cac-81e7-bd37-c7209a5601d7,Telosporidium typographi,Protist,,,parasite,,,,Germany,1915,"Fuchs, 1915","Fuchs G. 1915. Die Naturgeschichte der Nematoden und einiger anderer Parasiten 1. des Ips typographus L. 2. des Hylobius abietis L. Zoologische Jahrbücher, Abteilung für Systematik 38, 109-222.",,
3cd970ea-0cac-8100-92ff-ec3467cd9831,192,Ips typographus,3cd970ea-0cac-81e7-bd37-c7209a5601d7,Diplochis omnivorus,Protist,,,parasite,,,,Germany,1915,"Fuchs, 1915","Fuchs G. 1915. Die Naturgeschichte der Nematoden und einiger anderer Parasiten 1. des Ips typographus L. 2. des Hylobius abietis L. Zoologische Jahrbücher, Abteilung für Systematik 38, 109-222.",,
3cd970ea-0cac-816b-a338-d75cc46600ab,193,Ips typographus,3cd970ea-0cac-81e7-bd37-c7209a5601d7,ItEPV,Virus,,,,,,,,2002,"Gasperl, 2002","Gasperl H. 2002. Grundlegende Erhebungen zum Borkenkäferauftreten an Fichten-Fangbäumen und zum Pathogenauftreten in Borkenkäfern aus dem geplanten Nationalpark Gesäuse. Diploma thesis, Universität für Bodenkultur Wien.",,non full-text
3cd970ea-0cac-8176-936d-ee09ac661e79,194,Hylastes ater,3cd970ea-0cac-81ae-9426-f1fe79be2612,Beauveria caledonica,Fungi,isolated from cadaver,,,,,,New Zealand,2008,"Glare et al., 2008","Glare, T. R., Reay, S. D., Nelson, T. L., & Moore, R. (2008). Beauveria caledonica is a naturally occurring pathogen of forest beetles. Mycological Research, 112(3), 352-360.",https://doi.org/10.1016/j.mycres.2007.10.015,full text
3cd970ea-0cac-8135-8891-ecff312f61f3,195,Hylurgus ligniperda,3cd970ea-0cac-8168-b077-f1c598e6fefd,Beauveria caledonica,Fungi,isolated from cadaver,,,,pathogenicity test,laboratory,New Zealand,2008,"Glare et al., 2008","Glare, T. R., Reay, S. D., Nelson, T. L., & Moore, R. (2008). Beauveria caledonica is a naturally occurring pathogen of forest beetles. Mycological Research, 112(3), 352-360.",,"were identical in morphology and conserved DNA region (rDNA, elongation factor α) sequence"
3cd970ea-0cac-8120-8a56-dfefb6b00b84,196,Ips typographus,3cd970ea-0cac-81e7-bd37-c7209a5601d7,ItEPV,Virus,,,,,,,Turkey,2010,"Gokturk et al., 2010","Gokturk, T., Burjanadze, M., Aksu, Y., Supatashvili, A., 2010. Nature enemies—predators, pathogens and parasitic nematodes of bark beetles in Hatila Valley National Park of Turkey. Proc. Georgian Acad. Sci., Biol. Ser. Bull. Am. Meteorol. Soc. 8, 59–71.",,non full-text
3cd970ea-0cac-814e-b11a-e03d0d741372,197,Ips subelongatus,3cd970ea-0cac-812e-8ec2-e73472efb5ce,Beauveria bassiana,Fungi,,,,,,,,1980,"Gusteleva, 1980","Gusteleva, L.A., 1980. Beauveria bassiana (Bals) Vuill preparation effect on Ips subelongatus Motsch. Leatsch results of the test. Izvestiya Sibirskogo Otdeleniya Akademii Nauk Sssr Seriya Biologicheskikh Nauk 1980, 49–54.",,
3cd970ea-0cac-8169-b702-e962046ab2ce,198,Ips subelongatus,3cd970ea-0cac-812e-8ec2-e73472efb5ce,Bacillus thuringiensis var. insectus,Bacteria,,,,,pathogenicity test,,,1982,"Gusteleva, 1982a","Gusteleva L.A. 1982a. Prospects for using microbial preparations against Ips subelongatus. Lesnoe Khozyaistvo 9, 67.",https://www.cabidigitallibrary.org/doi/full/10.5555/19830688336,only English abstract
3cd970ea-0cac-81f7-ac8d-dd5c660f2bda,199,Ips subelongatus,3cd970ea-0cac-812e-8ec2-e73472efb5ce,Beauveria bassiana,Fungi,,,,,pathogenicity test,,,1982,"Gusteleva, 1982a","Gusteleva L.A. 1982a. Prospects for using microbial preparations against Ips subelongatus. Lesnoe Khozyaistvo 9, 67.",https://www.cabidigitallibrary.org/doi/full/10.5555/19830688336,only English abstract
3cd970ea-0cac-81db-b28f-fed6665a00f3,200,Ips subelongatus,3cd970ea-0cac-812e-8ec2-e73472efb5ce,Beauveria bassiana,Fungi,,,,,pathogenicity test,,,1982,"Gusteleva, 1982b","Gusteleva L.A. 1982b. The interaction of wood decomposing insects with microorganisms. In: Konsortivnye svyazi dereva i dendrofil nykh nasekomykh, ed.: A.S. Isaev, 56-67.",https://www.cabidigitallibrary.org/doi/full/10.5555/19860610478,only English abstract
3cd970ea-0cac-816e-abd4-f98521dd6539,201,Ips subelongatus,3cd970ea-0cac-812e-8ec2-e73472efb5ce,Beauveria bassiana,Fungi,,,,,,,,1984,"Gusteleva, 1984","Gusteleva L.A. 1984. Virulence of Beauveria bassiana (Bals.) Vuill to the larvae of the bark beetle Ips subelongatus Motsch. (Coleoptera, Scolytidae). Revue d’Entomologie de l’Urss 63, 40-42.",,
3cd970ea-0cac-8164-a4e8-d55f510e7db7,202,Ips typographus,3cd970ea-0cac-81e7-bd37-c7209a5601d7,ItEPV,Virus,,,,,,,,1998,"Haidler et al., 1998","Haidler B. 1998. Pathogene und Parasiten von ichtenborkenkäfern in einem Fichtenbestand am Achner Kogel bei Tamsweg. Diploma thesis, Formal- und Naturwissenschaftliche Fakultät der niversität Wien.",,non full-text
3cd970ea-0cac-810a-a9f0-dcab0519cac1,203,Ips typographus,3cd970ea-0cac-81e7-bd37-c7209a5601d7,ItEPV,Virus,evaluation of pathogen infections of all emerged beetles,,pathogen,morphological,,,Austria,2003,"Haidler et al., 2003","Haidler, B.,Wegensteiner, R., Weiser, J., 2003. Occurrence of microsporidia and other pathogens in associated living spruce bark beetles (Coleoptera: Scolytidae) in an Austrian forest. IOBC/wprs Bull. 26, 257–260.",https://www.researchgate.net/profile/Lelde-Grantina-Ievina/publication/236021337_Genetic_variation_among_Latvian_isolates_of_Beauveria_bassiana/links/0deec515d28777f878000000/Genetic-variation-among-Latvian-isolates-of-Beauveria-bassiana.pdf#page=277,full text
3cd970ea-0cac-8111-8723-f9110b08447f,204,Ips typographus,3cd970ea-0cac-81e7-bd37-c7209a5601d7,Malamoeba scolyti,Protist,evaluation of pathogen infections of all emerged beetles,,pathogen,morphological,,,Austria,2003,"Haidler et al., 2003","Haidler, B.,Wegensteiner, R., Weiser, J., 2003. Occurrence of microsporidia and other pathogens in associated living spruce bark beetles (Coleoptera: Scolytidae) in an Austrian forest. IOBC/wprs Bull. 26, 257–260.",https://www.researchgate.net/profile/Lelde-Grantina-Ievina/publication/236021337_Genetic_variation_among_Latvian_isolates_of_Beauveria_bassiana/links/0deec515d28777f878000000/Genetic-variation-among-Latvian-isolates-of-Beauveria-bassiana.pdf#page=277,full text
3cd970ea-0cac-8151-9f87-fecaf3158c4d,205,Ips typographus,3cd970ea-0cac-81e7-bd37-c7209a5601d7,Gregarina sp.,Microsporidia,evaluation of pathogen infections of all emerged beetles,,pathogen,morphological,,,Austria,2003,"Haidler et al., 2003","Haidler, B.,Wegensteiner, R., Weiser, J., 2003. Occurrence of microsporidia and other pathogens in associated living spruce bark beetles (Coleoptera: Scolytidae) in an Austrian forest. IOBC/wprs Bull. 26, 257–260.",https://www.researchgate.net/profile/Lelde-Grantina-Ievina/publication/236021337_Genetic_variation_among_Latvian_isolates_of_Beauveria_bassiana/links/0deec515d28777f878000000/Genetic-variation-among-Latvian-isolates-of-Beauveria-bassiana.pdf#page=277,full text
3cd970ea-0cac-81f6-ba3c-e5fd09403a88,206,Ips typographus,3cd970ea-0cac-81e7-bd37-c7209a5601d7,Chytridiopsis cf. typographi,Microsporidia,evaluation of pathogen infections of all emerged beetles,,pathogen,morphological,,,Austria,2003,"Haidler et al., 2003","Haidler, B.,Wegensteiner, R., Weiser, J., 2003. Occurrence of microsporidia and other pathogens in associated living spruce bark beetles (Coleoptera: Scolytidae) in an Austrian forest. IOBC/wprs Bull. 26, 257–260.",https://www.researchgate.net/profile/Lelde-Grantina-Ievina/publication/236021337_Genetic_variation_among_Latvian_isolates_of_Beauveria_bassiana/links/0deec515d28777f878000000/Genetic-variation-among-Latvian-isolates-of-Beauveria-bassiana.pdf#page=277,full text
3cd970ea-0cac-81a5-9c21-fe9c2cb8fbb8,207,Hylastes cunicularius,3cd970ea-0cac-8107-bd7c-ffe754efa813,Gregarina sp.,Protist,evaluation of pathogen infections of all emerged beetles,,pathogen,morphological,,,Austria,2003,"Haidler et al., 2003","Haidler, B.,Wegensteiner, R., Weiser, J., 2003. Occurrence of microsporidia and other pathogens in associated living spruce bark beetles (Coleoptera: Scolytidae) in an Austrian forest. IOBC/wprs Bull. 26, 257–260.",https://www.researchgate.net/profile/Lelde-Grantina-Ievina/publication/236021337_Genetic_variation_among_Latvian_isolates_of_Beauveria_bassiana/links/0deec515d28777f878000000/Genetic-variation-among-Latvian-isolates-of-Beauveria-bassiana.pdf#page=277,full text
3cd970ea-0cac-81fd-9ead-ee0c7e1c0440,208,Hylastes cunicularius,3cd970ea-0cac-8107-bd7c-ffe754efa813,Chytridiopsis cf. typographi,Microsporidia,evaluation of pathogen infections of all emerged beetles,,pathogen,morphological,,,Austria,2003,"Haidler et al., 2003","Haidler, B.,Wegensteiner, R., Weiser, J., 2003. Occurrence of microsporidia and other pathogens in associated living spruce bark beetles (Coleoptera: Scolytidae) in an Austrian forest. IOBC/wprs Bull. 26, 257–260.",https://www.researchgate.net/profile/Lelde-Grantina-Ievina/publication/236021337_Genetic_variation_among_Latvian_isolates_of_Beauveria_bassiana/links/0deec515d28777f878000000/Genetic-variation-among-Latvian-isolates-of-Beauveria-bassiana.pdf#page=277,full text
3cd970ea-0cac-8100-84f6-dc737939d10b,209,Hylastes cunicularius,3cd970ea-0cac-8107-bd7c-ffe754efa813,unidentified microsporidia,Microsporidia,evaluation of pathogen infections of all emerged beetles,,pathogen,morphological,,,Austria,2003,"Haidler et al., 2003","Haidler, B.,Wegensteiner, R., Weiser, J., 2003. Occurrence of microsporidia and other pathogens in associated living spruce bark beetles (Coleoptera: Scolytidae) in an Austrian forest. IOBC/wprs Bull. 26, 257–260.",https://www.researchgate.net/profile/Lelde-Grantina-Ievina/publication/236021337_Genetic_variation_among_Latvian_isolates_of_Beauveria_bassiana/links/0deec515d28777f878000000/Genetic-variation-among-Latvian-isolates-of-Beauveria-bassiana.pdf#page=277,full text
3cd970ea-0cac-81a1-adeb-ff820d280c8b,210,Hylurgops glabratus,3cd970ea-0cac-8114-b685-f25497a409df,Malamoeba scolyti,Microsporidia,evaluation of pathogen infections of all emerged beetles,,pathogen,morphological,,,Austria,2003,"Haidler et al., 2003","Haidler, B.,Wegensteiner, R., Weiser, J., 2003. Occurrence of microsporidia and other pathogens in associated living spruce bark beetles (Coleoptera: Scolytidae) in an Austrian forest. IOBC/wprs Bull. 26, 257–260.",https://www.researchgate.net/profile/Lelde-Grantina-Ievina/publication/236021337_Genetic_variation_among_Latvian_isolates_of_Beauveria_bassiana/links/0deec515d28777f878000000/Genetic-variation-among-Latvian-isolates-of-Beauveria-bassiana.pdf#page=277,full text
3cd970ea-0cac-8198-a4b6-fb13d1e4086b,211,Hylurgops glabratus,3cd970ea-0cac-8114-b685-f25497a409df,Gregarina sp.,Protist,evaluation of pathogen infections of all emerged beetles,,pathogen,morphological,,,Austria,2003,"Haidler et al., 2003","Haidler, B.,Wegensteiner, R., Weiser, J., 2003. Occurrence of microsporidia and other pathogens in associated living spruce bark beetles (Coleoptera: Scolytidae) in an Austrian forest. IOBC/wprs Bull. 26, 257–260.",https://www.researchgate.net/profile/Lelde-Grantina-Ievina/publication/236021337_Genetic_variation_among_Latvian_isolates_of_Beauveria_bassiana/links/0deec515d28777f878000000/Genetic-variation-among-Latvian-isolates-of-Beauveria-bassiana.pdf#page=277,full text
3cd970ea-0cac-8184-90f7-d4b167d0a0e9,212,Hylurgops glabratus,3cd970ea-0cac-8114-b685-f25497a409df,Chytridiopsis cf. typographi,Microsporidia,evaluation of pathogen infections of all emerged beetles,,pathogen,morphological,,,Austria,2003,"Haidler et al., 2003","Haidler, B.,Wegensteiner, R., Weiser, J., 2003. Occurrence of microsporidia and other pathogens in associated living spruce bark beetles (Coleoptera: Scolytidae) in an Austrian forest. IOBC/wprs Bull. 26, 257–260.",https://www.researchgate.net/profile/Lelde-Grantina-Ievina/publication/236021337_Genetic_variation_among_Latvian_isolates_of_Beauveria_bassiana/links/0deec515d28777f878000000/Genetic-variation-among-Latvian-isolates-of-Beauveria-bassiana.pdf#page=277,full text
3cd970ea-0cac-810a-994c-fc17ea9f4226,213,Hylurgops glabratus,3cd970ea-0cac-8114-b685-f25497a409df,unidentified microsporidia,Microsporidia,evaluation of pathogen infections of all emerged beetles,,pathogen,morphological,,,Austria,2003,"Haidler et al., 2003","Haidler, B.,Wegensteiner, R., Weiser, J., 2003. Occurrence of microsporidia and other pathogens in associated living spruce bark beetles (Coleoptera: Scolytidae) in an Austrian forest. IOBC/wprs Bull. 26, 257–260.",https://www.researchgate.net/profile/Lelde-Grantina-Ievina/publication/236021337_Genetic_variation_among_Latvian_isolates_of_Beauveria_bassiana/links/0deec515d28777f878000000/Genetic-variation-among-Latvian-isolates-of-Beauveria-bassiana.pdf#page=277,full text
3cd970ea-0cac-8111-a6ab-fb6554a3d9c0,214,Hylurgops palliatus,3cd970ea-0cac-816f-b74a-dc5ef373dcda,unidentified microsporidia,Microsporidia,evaluation of pathogen infections of all emerged beetles,,pathogen,morphological,,,Austria,2003,"Haidler et al., 2003","Haidler, B.,Wegensteiner, R., Weiser, J., 2003. Occurrence of microsporidia and other pathogens in associated living spruce bark beetles (Coleoptera: Scolytidae) in an Austrian forest. IOBC/wprs Bull. 26, 257–260.",https://www.researchgate.net/profile/Lelde-Grantina-Ievina/publication/236021337_Genetic_variation_among_Latvian_isolates_of_Beauveria_bassiana/links/0deec515d28777f878000000/Genetic-variation-among-Latvian-isolates-of-Beauveria-bassiana.pdf#page=277,full text
3cd970ea-0cac-81b1-84ad-dff23f2606f5,215,Dryocoetes autographus,3cd970ea-0cac-81b6-87c6-e583eea30425,Malamoeba scolyti,Microsporidia,evaluation of pathogen infections of all emerged beetles,,pathogen,morphological,,,Austria,2003,"Haidler et al., 2003","Haidler, B.,Wegensteiner, R., Weiser, J., 2003. Occurrence of microsporidia and other pathogens in associated living spruce bark beetles (Coleoptera: Scolytidae) in an Austrian forest. IOBC/wprs Bull. 26, 257–260.",https://www.researchgate.net/profile/Lelde-Grantina-Ievina/publication/236021337_Genetic_variation_among_Latvian_isolates_of_Beauveria_bassiana/links/0deec515d28777f878000000/Genetic-variation-among-Latvian-isolates-of-Beauveria-bassiana.pdf#page=277,full text
3cd970ea-0cac-8197-9d4e-c6defc0cc9db,216,Dryocoetes autographus,3cd970ea-0cac-81b6-87c6-e583eea30425,Gregarina sp.,Protist,evaluation of pathogen infections of all emerged beetles,,pathogen,morphological,,,Austria,2003,"Haidler et al., 2003","Haidler, B.,Wegensteiner, R., Weiser, J., 2003. Occurrence of microsporidia and other pathogens in associated living spruce bark beetles (Coleoptera: Scolytidae) in an Austrian forest. IOBC/wprs Bull. 26, 257–260.",https://www.researchgate.net/profile/Lelde-Grantina-Ievina/publication/236021337_Genetic_variation_among_Latvian_isolates_of_Beauveria_bassiana/links/0deec515d28777f878000000/Genetic-variation-among-Latvian-isolates-of-Beauveria-bassiana.pdf#page=277,full text
3cd970ea-0cac-8135-a2a8-ff5c8b3f8a00,217,Dryocoetes autographus,3cd970ea-0cac-81b6-87c6-e583eea30425,unidentified microsporidia,Microsporidia,evaluation of pathogen infections of all emerged beetles,,pathogen,morphological,,,Austria,2003,"Haidler et al., 2003","Haidler, B.,Wegensteiner, R., Weiser, J., 2003. Occurrence of microsporidia and other pathogens in associated living spruce bark beetles (Coleoptera: Scolytidae) in an Austrian forest. IOBC/wprs Bull. 26, 257–260.",https://www.researchgate.net/profile/Lelde-Grantina-Ievina/publication/236021337_Genetic_variation_among_Latvian_isolates_of_Beauveria_bassiana/links/0deec515d28777f878000000/Genetic-variation-among-Latvian-isolates-of-Beauveria-bassiana.pdf#page=277,full text
3cd970ea-0cac-81ad-8159-d2122c9d9df4,218,Pityophthorus pityographus,3cd970ea-0cac-8146-8693-dd98d3a384a6,Chytridiopsis cf. typographi,Microsporidia,evaluation of pathogen infections of all emerged beetles,,pathogen,morphological,,,Austria,2003,"Haidler et al., 2003","Haidler, B.,Wegensteiner, R., Weiser, J., 2003. Occurrence of microsporidia and other pathogens in associated living spruce bark beetles (Coleoptera: Scolytidae) in an Austrian forest. IOBC/wprs Bull. 26, 257–260.",https://www.researchgate.net/profile/Lelde-Grantina-Ievina/publication/236021337_Genetic_variation_among_Latvian_isolates_of_Beauveria_bassiana/links/0deec515d28777f878000000/Genetic-variation-among-Latvian-isolates-of-Beauveria-bassiana.pdf#page=277,full text
3cd970ea-0cac-81a2-b9a6-e54ff18577cf,219,Pityogenes chalcographus,3cd970ea-0cac-81ae-b124-f43044691162,Gregarina sp.,Protist,evaluation of pathogen infections of all emerged beetles,,pathogen,morphological,,,Austria,2003,"Haidler et al., 2003","Haidler, B.,Wegensteiner, R., Weiser, J., 2003. Occurrence of microsporidia and other pathogens in associated living spruce bark beetles (Coleoptera: Scolytidae) in an Austrian forest. IOBC/wprs Bull. 26, 257–260.",https://www.researchgate.net/profile/Lelde-Grantina-Ievina/publication/236021337_Genetic_variation_among_Latvian_isolates_of_Beauveria_bassiana/links/0deec515d28777f878000000/Genetic-variation-among-Latvian-isolates-of-Beauveria-bassiana.pdf#page=277,full text
3cd970ea-0cac-8185-81ea-d0b6ce1406ca,220,Pityogenes chalcographus,3cd970ea-0cac-81ae-b124-f43044691162,Chytridiopsis cf. typographi,Microsporidia,evaluation of pathogen infections of all emerged beetles,,pathogen,morphological,,,Austria,2003,"Haidler et al., 2003","Haidler, B.,Wegensteiner, R., Weiser, J., 2003. Occurrence of microsporidia and other pathogens in associated living spruce bark beetles (Coleoptera: Scolytidae) in an Austrian forest. IOBC/wprs Bull. 26, 257–260.",https://www.researchgate.net/profile/Lelde-Grantina-Ievina/publication/236021337_Genetic_variation_among_Latvian_isolates_of_Beauveria_bassiana/links/0deec515d28777f878000000/Genetic-variation-among-Latvian-isolates-of-Beauveria-bassiana.pdf#page=277,full text
3cd970ea-0cac-8154-a59d-c454c0b3574f,221,Pityogenes chalcographus,3cd970ea-0cac-81ae-b124-f43044691162,unidentified microsporidia,Microsporidia,evaluation of pathogen infections of all emerged beetles,,pathogen,morphological,,,Austria,2003,"Haidler et al., 2003","Haidler, B.,Wegensteiner, R., Weiser, J., 2003. Occurrence of microsporidia and other pathogens in associated living spruce bark beetles (Coleoptera: Scolytidae) in an Austrian forest. IOBC/wprs Bull. 26, 257–260.",https://www.researchgate.net/profile/Lelde-Grantina-Ievina/publication/236021337_Genetic_variation_among_Latvian_isolates_of_Beauveria_bassiana/links/0deec515d28777f878000000/Genetic-variation-among-Latvian-isolates-of-Beauveria-bassiana.pdf#page=277,full text
3cd970ea-0cac-816b-8e9d-c69c9e3fd545,222,Ips amitinus,3cd970ea-0cac-815a-a757-ffcc6a0735b5,Gregarina sp.,Protist,evaluation of pathogen infections of all emerged beetles,,pathogen,morphological,,,Austria,2003,"Haidler et al., 2003","Haidler, B.,Wegensteiner, R., Weiser, J., 2003. Occurrence of microsporidia and other pathogens in associated living spruce bark beetles (Coleoptera: Scolytidae) in an Austrian forest. IOBC/wprs Bull. 26, 257–260.",https://www.researchgate.net/profile/Lelde-Grantina-Ievina/publication/236021337_Genetic_variation_among_Latvian_isolates_of_Beauveria_bassiana/links/0deec515d28777f878000000/Genetic-variation-among-Latvian-isolates-of-Beauveria-bassiana.pdf#page=277,full text
3cd970ea-0cac-812d-8c7b-f467bb2f32f3,223,Ips amitinus,3cd970ea-0cac-815a-a757-ffcc6a0735b5,Chytridiopsis cf. typographi,Microsporidia,evaluation of pathogen infections of all emerged beetles,,pathogen,morphological,,,Austria,2003,"Haidler et al., 2003","Haidler, B.,Wegensteiner, R., Weiser, J., 2003. Occurrence of microsporidia and other pathogens in associated living spruce bark beetles (Coleoptera: Scolytidae) in an Austrian forest. IOBC/wprs Bull. 26, 257–260.",https://www.researchgate.net/profile/Lelde-Grantina-Ievina/publication/236021337_Genetic_variation_among_Latvian_isolates_of_Beauveria_bassiana/links/0deec515d28777f878000000/Genetic-variation-among-Latvian-isolates-of-Beauveria-bassiana.pdf#page=277,full text
3cd970ea-0cac-81a5-8d78-db9b25b76203,224,Ips amitinus,3cd970ea-0cac-815a-a757-ffcc6a0735b5,unidentified microsporidia,Microsporidia,evaluation of pathogen infections of all emerged beetles,,pathogen,morphological,,,Austria,2003,"Haidler et al., 2003","Haidler, B.,Wegensteiner, R., Weiser, J., 2003. Occurrence of microsporidia and other pathogens in associated living spruce bark beetles (Coleoptera: Scolytidae) in an Austrian forest. IOBC/wprs Bull. 26, 257–260.",https://www.researchgate.net/profile/Lelde-Grantina-Ievina/publication/236021337_Genetic_variation_among_Latvian_isolates_of_Beauveria_bassiana/links/0deec515d28777f878000000/Genetic-variation-among-Latvian-isolates-of-Beauveria-bassiana.pdf#page=277,full text
3cd970ea-0cac-81f8-96d6-feff8f67ac63,225,Ips typographus,3cd970ea-0cac-81e7-bd37-c7209a5601d7,Beauveria bassiana,Fungi,,,,,,,,1994,"Hallet et al., 1994","Hallet S., J.C. Gregoire & J. Coremans-Pelseneer 1994. Prospects in the use of the entomopathogenous
fungus Beauveria bassiana (Bals.) Vuill. (Deuteromycetes: Hyphomycetes) to control the spruce
bark beetle Ips typographus L. (Coleoptera: Scolytidae). Mededelingen Faculteit Landbouwkundige
en Toegepaste Biologische Wetenschappen Universiteit Gent 59, 379-83.",,non full-text
3cd970ea-0cac-8189-b1c7-e796be0595c0,226,Ips amitinus,3cd970ea-0cac-815a-a757-ffcc6a0735b5,Gregarina typographi,Protist,evaluation of pathogen infections of all emerged beetles,,pathogen,,,,Austria,2005,"Händel and Wegensteiner, 2005","Handel, U., Wegensteiner, R., 2005. Occurrence of pathogens in bark beetles (Coleoptera, Scolytidae) from Alpine pine (Pinus cembra L.). IOBC/wprs Bull 28, 155–158.",https://www.cabidigitallibrary.org/doi/full/10.5555/20073017345,only English abstract
3cd970ea-0cac-817e-825c-defdbf9e0247,227,Ips amitinus,3cd970ea-0cac-815a-a757-ffcc6a0735b5,Malamoeba scolyti,Microsporidia,evaluation of pathogen infections of all emerged beetles,,pathogen,,,,Austria,2005,"Händel and Wegensteiner, 2005","Handel, U., Wegensteiner, R., 2005. Occurrence of pathogens in bark beetles (Coleoptera, Scolytidae) from Alpine pine (Pinus cembra L.). IOBC/wprs Bull 28, 155–158.",https://www.cabidigitallibrary.org/doi/full/10.5555/20073017345,only English abstract
3cd970ea-0cac-81a4-83ad-f1fbd41e017c,228,Ips amitinus,3cd970ea-0cac-815a-a757-ffcc6a0735b5,Mattesia sp.,Protist,evaluation of pathogen infections of all emerged beetles,,pathogen,,,,Austria,2005,"Händel and Wegensteiner, 2005","Handel, U., Wegensteiner, R., 2005. Occurrence of pathogens in bark beetles (Coleoptera, Scolytidae) from Alpine pine (Pinus cembra L.). IOBC/wprs Bull 28, 155–158.",https://www.cabidigitallibrary.org/doi/full/10.5555/20073017345,only English abstract
3cd970ea-0cac-8144-8d20-fc9eb63dbcfb,229,Ips amitinus,3cd970ea-0cac-815a-a757-ffcc6a0735b5,Chytridiopsis typographi,Microsporidia,evaluation of pathogen infections of all emerged beetles,,pathogen,,,,Austria,2005,"Händel and Wegensteiner, 2005","Handel, U., Wegensteiner, R., 2005. Occurrence of pathogens in bark beetles (Coleoptera, Scolytidae) from Alpine pine (Pinus cembra L.). IOBC/wprs Bull 28, 155–158.",https://www.cabidigitallibrary.org/doi/full/10.5555/20073017345,only English abstract
3cd970ea-0cac-81eb-a669-e135411eb6be,230,Pityogenes conjunctus,3cd970ea-0cac-819f-a858-d3ccf8a3d570,Gregarina sp.,Protist,evaluation of pathogen infections of all emerged beetles,,pathogen,,,,Austria,2005,"Händel and Wegensteiner, 2005","Handel, U., Wegensteiner, R., 2005. Occurrence of pathogens in bark beetles (Coleoptera, Scolytidae) from Alpine pine (Pinus cembra L.). IOBC/wprs Bull 28, 155–158.",https://www.cabidigitallibrary.org/doi/full/10.5555/20073017345,only English abstract
3cd970ea-0cac-816c-bb90-cf64be6b6e62,231,Ips typographus,3cd970ea-0cac-81e7-bd37-c7209a5601d7,Chytridiopsis typographi,Microsporidia,,,,,,,,2001,"Händel et al., 2001","Händel U., M. Kenis & R. Wegensteiner 2001. Untersuchungen zum Vorkommen von Pathogenen und Parasiten in Populationen überwinternder Fichtenborkenkäfer (Col., Scolytidae). Mitteilungen der Deutschen Gesellschaft für allgemeine und angewandte Entomologie 13, 423-28.",,non full-text
3cd970ea-0cac-81bf-b252-ed6040b99235,232,Ips typographus,3cd970ea-0cac-81e7-bd37-c7209a5601d7,Unikaryon montanum,Microsporidia,,,,,,,,2001,"Händel et al., 2001","Händel U., M. Kenis & R. Wegensteiner 2001. Untersuchungen zum Vorkommen von Pathogenen und Parasiten in Populationen überwinternder Fichtenborkenkäfer (Col., Scolytidae). Mitteilungen der Deutschen Gesellschaft für allgemeine und angewandte Entomologie 13, 423-28.",,non full-text
3cd970ea-0cac-817c-b3e1-f9f92fda45c9,233,Ips amitinus,3cd970ea-0cac-815a-a757-ffcc6a0735b5,similar to the ItEPV,Virus,,,,,,,,2001,"Händel et al., 2001","Händel U., M. Kenis & R. Wegensteiner 2001. Untersuchungen zum Vorkommen von Pathogenen und Parasiten in Populationen überwinternder Fichtenborkenkäfer (Col., Scolytidae). Mitteilungen der Deutschen Gesellschaft für allgemeine und angewandte Entomologie 13, 423-28.",,non full-text
3cd970ea-0cac-81ac-bff8-cbb88457cbe2,234,Polygraphus poligraphus,3cd970ea-0cac-8198-96bc-d4687d039075,baculovirus-like particles,Virus,,,,,,,,2001,"Händel et al., 2001","Händel U., M. Kenis & R. Wegensteiner 2001. Untersuchungen zum Vorkommen von Pathogenen und Parasiten in Populationen überwinternder Fichtenborkenkäfer (Col., Scolytidae). Mitteilungen der Deutschen Gesellschaft für allgemeine und angewandte Entomologie 13, 423-28.",,non full-text
3cd970ea-0cac-81e2-ba6e-e5fb38a996fb,235,Ips typographus,3cd970ea-0cac-81e7-bd37-c7209a5601d7,ItEPV,Virus,evaluation of pathogen infections of emerged beetles,midgut epithelium,pathogen,,,,Austria,2003,"Händel et al., 2003","Händel, U., Wegensteiner, R., Weiser, J., & Zizka, Z. (2003). Occurrence of pathogens in associated living bark beetles (Col., Scolytidae) from different spruce stands in Austria. Anzeiger für Schädlingskunde= Journal of pest science, 76(1), 22-32.",https://doi.org/10.1046/j.1439-0280.2003.03007.x,full text
3cd970ea-0cac-81c9-b7e3-ceeb7f45eda4,236,Ips typographus,3cd970ea-0cac-81e7-bd37-c7209a5601d7,Malamoeba scolyti,Microsporidia,evaluation of pathogen infections of emerged beetles,midgut epithelium; malpighian tubules,pathogen,,,,Austria,2003,"Händel et al., 2003","Händel, U., Wegensteiner, R., Weiser, J., & Zizka, Z. (2003). Occurrence of pathogens in associated living bark beetles (Col., Scolytidae) from different spruce stands in Austria. Anzeiger für Schädlingskunde= Journal of pest science, 76(1), 22-32.",https://doi.org/10.1046/j.1439-0280.2003.03007.x,full text
3cd970ea-0cac-8149-95ef-caa8216c67be,237,Ips typographus,3cd970ea-0cac-81e7-bd37-c7209a5601d7,Mattesia sp.,Protist,evaluation of pathogen infections of emerged beetles,fat body,pathogen,,,,Austria,2003,"Händel et al., 2003","Händel, U., Wegensteiner, R., Weiser, J., & Zizka, Z. (2003). Occurrence of pathogens in associated living bark beetles (Col., Scolytidae) from different spruce stands in Austria. Anzeiger für Schädlingskunde= Journal of pest science, 76(1), 22-32.",https://doi.org/10.1046/j.1439-0280.2003.03007.x,full text
3cd970ea-0cac-81a8-b472-ee8ff92a963d,238,Ips typographus,3cd970ea-0cac-81e7-bd37-c7209a5601d7,Gregarina typographi,Protist,evaluation of pathogen infections of emerged beetles,midgut lumen,pathogen,,,,Austria,2003,"Händel et al., 2003","Händel, U., Wegensteiner, R., Weiser, J., & Zizka, Z. (2003). Occurrence of pathogens in associated living bark beetles (Col., Scolytidae) from different spruce stands in Austria. Anzeiger für Schädlingskunde= Journal of pest science, 76(1), 22-32.",https://doi.org/10.1046/j.1439-0280.2003.03007.x,full text
3cd970ea-0cac-8191-8969-d993803f90a6,239,Ips typographus,3cd970ea-0cac-81e7-bd37-c7209a5601d7,Chytridiopsis typographi,Microsporidia,evaluation of pathogen infections of emerged beetles,midgut epithelium,pathogen,,,,Austria,2003,"Händel et al., 2003","Händel, U., Wegensteiner, R., Weiser, J., & Zizka, Z. (2003). Occurrence of pathogens in associated living bark beetles (Col., Scolytidae) from different spruce stands in Austria. Anzeiger für Schädlingskunde= Journal of pest science, 76(1), 22-32.",https://doi.org/10.1046/j.1439-0280.2003.03007.x,full text
3cd970ea-0cac-8148-9b2c-dad205cc9f26,240,Ips typographus,3cd970ea-0cac-81e7-bd37-c7209a5601d7,Nosema typographi,Microsporidia,evaluation of pathogen infections of emerged beetles,midgut epithelium; fat body; gonads,pathogen,,,,Austria,2003,"Händel et al., 2003","Händel, U., Wegensteiner, R., Weiser, J., & Zizka, Z. (2003). Occurrence of pathogens in associated living bark beetles (Col., Scolytidae) from different spruce stands in Austria. Anzeiger für Schädlingskunde= Journal of pest science, 76(1), 22-32.",https://doi.org/10.1046/j.1439-0280.2003.03007.x,full text
3cd970ea-0cac-81f8-8a2c-e1f3086cc168,241,Ips typographus,3cd970ea-0cac-81e7-bd37-c7209a5601d7,Unikaryon montanum,Microsporidia,evaluation of pathogen infections of emerged beetles,midgut epithelium; fat body; gonads,pathogen,,,,Austria,2003,"Händel et al., 2003","Händel, U., Wegensteiner, R., Weiser, J., & Zizka, Z. (2003). Occurrence of pathogens in associated living bark beetles (Col., Scolytidae) from different spruce stands in Austria. Anzeiger für Schädlingskunde= Journal of pest science, 76(1), 22-32.",https://doi.org/10.1046/j.1439-0280.2003.03007.x,full text
3cd970ea-0cac-8175-a38a-c40f8bb7f4e7,242,Ips typographus,3cd970ea-0cac-81e7-bd37-c7209a5601d7,Metschnikowia sp.,Fungi,evaluation of pathogen infections of emerged beetles,midgut epithelium,pathogen,,,,Austria,2003,"Händel et al., 2003","Händel, U., Wegensteiner, R., Weiser, J., & Zizka, Z. (2003). Occurrence of pathogens in associated living bark beetles (Col., Scolytidae) from different spruce stands in Austria. Anzeiger für Schädlingskunde= Journal of pest science, 76(1), 22-32.",https://doi.org/10.1046/j.1439-0280.2003.03007.x,full text
3cd970ea-0cac-81a6-853a-ccbb311853dc,243,Pityogenes chalcographus,3cd970ea-0cac-81ae-b124-f43044691162,Gregarina cf. typographi,Protist,evaluation of pathogen infections of emerged beetles,midgut lumen,pathogen,,,,Austria,2003,"Händel et al., 2003","Händel, U., Wegensteiner, R., Weiser, J., & Zizka, Z. (2003). Occurrence of pathogens in associated living bark beetles (Col., Scolytidae) from different spruce stands in Austria. Anzeiger für Schädlingskunde= Journal of pest science, 76(1), 22-32.",https://doi.org/10.1046/j.1439-0280.2003.03007.x,full text
3cd970ea-0cac-81cb-af36-ce6879b40ea7,244,Pityogenes chalcographus,3cd970ea-0cac-81ae-b124-f43044691162,Menzbieria chalcographi,Protist,evaluation of pathogen infections of emerged beetles,fat body,pathogen,,,,Austria,2003,"Händel et al., 2003","Händel, U., Wegensteiner, R., Weiser, J., & Zizka, Z. (2003). Occurrence of pathogens in associated living bark beetles (Col., Scolytidae) from different spruce stands in Austria. Anzeiger für Schädlingskunde= Journal of pest science, 76(1), 22-32.",https://doi.org/10.1046/j.1439-0280.2003.03007.x,full text
3cd970ea-0cac-81c1-8d89-d78e480dbdae,245,Pityogenes chalcographus,3cd970ea-0cac-81ae-b124-f43044691162,Mattesia sp.,Protist,evaluation of pathogen infections of emerged beetles,fat body,pathogen,,,,Austria,2003,"Händel et al., 2003","Händel, U., Wegensteiner, R., Weiser, J., & Zizka, Z. (2003). Occurrence of pathogens in associated living bark beetles (Col., Scolytidae) from different spruce stands in Austria. Anzeiger für Schädlingskunde= Journal of pest science, 76(1), 22-32.",https://doi.org/10.1046/j.1439-0280.2003.03007.x,full text
3cd970ea-0cac-81ef-a237-e0a5fbf5153d,246,Pityogenes chalcographus,3cd970ea-0cac-81ae-b124-f43044691162,Chytridiopsis cf. typographi,Microsporidia,evaluation of pathogen infections of emerged beetles,midgut epithelium,pathogen,,,,Austria,2003,"Händel et al., 2003","Händel, U., Wegensteiner, R., Weiser, J., & Zizka, Z. (2003). Occurrence of pathogens in associated living bark beetles (Col., Scolytidae) from different spruce stands in Austria. Anzeiger für Schädlingskunde= Journal of pest science, 76(1), 22-32.",https://doi.org/10.1046/j.1439-0280.2003.03007.x,full text
3cd970ea-0cac-8132-9cf9-f63b89f9f97f,247,Pityogenes chalcographus,3cd970ea-0cac-81ae-b124-f43044691162,Unikaryon-type microsporidium,Microsporidia,evaluation of pathogen infections of emerged beetles,midgut epithelium; malpighian tubules; gonads,pathogen,,,,Austria,2003,"Händel et al., 2003","Händel, U., Wegensteiner, R., Weiser, J., & Zizka, Z. (2003). Occurrence of pathogens in associated living bark beetles (Col., Scolytidae) from different spruce stands in Austria. Anzeiger für Schädlingskunde= Journal of pest science, 76(1), 22-32.",https://doi.org/10.1046/j.1439-0280.2003.03007.x,full text
3cd970ea-0cac-8191-b833-ffe4e44e5b31,248,Ips amitinus,3cd970ea-0cac-815a-a757-ffcc6a0735b5,ItEPV,Virus,evaluation of pathogen infections of emerged beetles,midgut epithelium,pathogen,,,,Austria,2003,"Händel et al., 2003","Händel, U., Wegensteiner, R., Weiser, J., & Zizka, Z. (2003). Occurrence of pathogens in associated living bark beetles (Col., Scolytidae) from different spruce stands in Austria. Anzeiger für Schädlingskunde= Journal of pest science, 76(1), 22-32.",https://doi.org/10.1046/j.1439-0280.2003.03007.x,full text
3cd970ea-0cac-81ba-ae00-e836ef9b8174,249,Ips amitinus,3cd970ea-0cac-815a-a757-ffcc6a0735b5,Gregarina cf. typographi,Protist,evaluation of pathogen infections of emerged beetles,midgut lumen,pathogen,,,,Austria,2003,"Händel et al., 2003","Händel, U., Wegensteiner, R., Weiser, J., & Zizka, Z. (2003). Occurrence of pathogens in associated living bark beetles (Col., Scolytidae) from different spruce stands in Austria. Anzeiger für Schädlingskunde= Journal of pest science, 76(1), 22-32.",https://doi.org/10.1046/j.1439-0280.2003.03007.x,full text
3cd970ea-0cac-8153-9852-c472a952af1c,250,Ips amitinus,3cd970ea-0cac-815a-a757-ffcc6a0735b5,Chytridiopsis cf. typographi,Microsporidia,evaluation of pathogen infections of emerged beetles,midgut epithelium,pathogen,,,,Austria,2003,"Händel et al., 2003","Händel, U., Wegensteiner, R., Weiser, J., & Zizka, Z. (2003). Occurrence of pathogens in associated living bark beetles (Col., Scolytidae) from different spruce stands in Austria. Anzeiger für Schädlingskunde= Journal of pest science, 76(1), 22-32.",https://doi.org/10.1046/j.1439-0280.2003.03007.x,full text
3cd970ea-0cac-8161-b32a-db0872fa22d6,251,Ips amitinus,3cd970ea-0cac-815a-a757-ffcc6a0735b5,Unikaryon-type microsporidium,Microsporidia,evaluation of pathogen infections of emerged beetles,midgut epithelium; fat body; gonads,pathogen,,,,Austria,2003,"Händel et al., 2003","Händel, U., Wegensteiner, R., Weiser, J., & Zizka, Z. (2003). Occurrence of pathogens in associated living bark beetles (Col., Scolytidae) from different spruce stands in Austria. Anzeiger für Schädlingskunde= Journal of pest science, 76(1), 22-32.",https://doi.org/10.1046/j.1439-0280.2003.03007.x,full text
3cd970ea-0cac-8198-940d-f2fc8cfae426,252,Ips amitinus,3cd970ea-0cac-815a-a757-ffcc6a0735b5,Metschnikowia sp.,Fungi,evaluation of pathogen infections of emerged beetles,midgut epithelium,pathogen,,,,Austria,2003,"Händel et al., 2003","Händel, U., Wegensteiner, R., Weiser, J., & Zizka, Z. (2003). Occurrence of pathogens in associated living bark beetles (Col., Scolytidae) from different spruce stands in Austria. Anzeiger für Schädlingskunde= Journal of pest science, 76(1), 22-32.",https://doi.org/10.1046/j.1439-0280.2003.03007.x,full text
3cd970ea-0cac-81a0-b550-f31e3f24606e,253,Hylastes cunicularius,3cd970ea-0cac-8107-bd7c-ffe754efa813,Malamoeba cf. scolyti,Microsporidia,evaluation of pathogen infections of emerged beetles,malpighian tubules,pathogen,,,,Austria,2003,"Händel et al., 2003","Händel, U., Wegensteiner, R., Weiser, J., & Zizka, Z. (2003). Occurrence of pathogens in associated living bark beetles (Col., Scolytidae) from different spruce stands in Austria. Anzeiger für Schädlingskunde= Journal of pest science, 76(1), 22-32.",https://doi.org/10.1046/j.1439-0280.2003.03007.x,full text
3cd970ea-0cac-813f-b9e1-d87d45ee2d51,254,Hylastes cunicularius,3cd970ea-0cac-8107-bd7c-ffe754efa813,Gregarina hylastidis,Protist,evaluation of pathogen infections of emerged beetles,midgut lumen,pathogen,,,,Austria,2003,"Händel et al., 2003","Händel, U., Wegensteiner, R., Weiser, J., & Zizka, Z. (2003). Occurrence of pathogens in associated living bark beetles (Col., Scolytidae) from different spruce stands in Austria. Anzeiger für Schädlingskunde= Journal of pest science, 76(1), 22-32.",https://doi.org/10.1046/j.1439-0280.2003.03007.x,full text
3cd970ea-0cac-8185-a9d4-e232b39fdf7b,255,Hylurgops palliatus,3cd970ea-0cac-816f-b74a-dc5ef373dcda,Malamoeba scolyti,Microsporidia,evaluation of pathogen infections of emerged beetles,malpighian tubules,pathogen,,,,Austria,2003,"Händel et al., 2003","Händel, U., Wegensteiner, R., Weiser, J., & Zizka, Z. (2003). Occurrence of pathogens in associated living bark beetles (Col., Scolytidae) from different spruce stands in Austria. Anzeiger für Schädlingskunde= Journal of pest science, 76(1), 22-32.",https://doi.org/10.1046/j.1439-0280.2003.03007.x,full text
3cd970ea-0cac-8121-b4e7-cfb05fbd45f4,256,Hylurgops palliatus,3cd970ea-0cac-816f-b74a-dc5ef373dcda,Nosema-type microsporidium,Microsporidia,evaluation of pathogen infections of emerged beetles,midgut epithelium; fat body,pathogen,,,,Austria,2003,"Händel et al., 2003","Händel, U., Wegensteiner, R., Weiser, J., & Zizka, Z. (2003). Occurrence of pathogens in associated living bark beetles (Col., Scolytidae) from different spruce stands in Austria. Anzeiger für Schädlingskunde= Journal of pest science, 76(1), 22-32.",https://doi.org/10.1046/j.1439-0280.2003.03007.x,full text
3cd970ea-0cac-813a-bdc7-c0215b3324c2,257,Hylurgops glabratus,3cd970ea-0cac-8114-b685-f25497a409df,Gregarina cf. typographi,Protist,evaluation of pathogen infections of emerged beetles,midgut lumen,pathogen,,,,Austria,2003,"Händel et al., 2003","Händel, U., Wegensteiner, R., Weiser, J., & Zizka, Z. (2003). Occurrence of pathogens in associated living bark beetles (Col., Scolytidae) from different spruce stands in Austria. Anzeiger für Schädlingskunde= Journal of pest science, 76(1), 22-32.",https://doi.org/10.1046/j.1439-0280.2003.03007.x,full text
3cd970ea-0cac-81fc-bf7f-eb456125fadd,258,Polygraphus poligraphus,3cd970ea-0cac-8198-96bc-d4687d039075,Entomopoxvirus-like particles,Virus,evaluation of pathogen infections of emerged beetles,midgut epithelium,pathogen,,,,Austria,2003,"Händel et al., 2003","Händel, U., Wegensteiner, R., Weiser, J., & Zizka, Z. (2003). Occurrence of pathogens in associated living bark beetles (Col., Scolytidae) from different spruce stands in Austria. Anzeiger für Schädlingskunde= Journal of pest science, 76(1), 22-32.",https://doi.org/10.1046/j.1439-0280.2003.03007.x,full text
3cd970ea-0cac-81c5-b165-c306ea9f261a,259,Polygraphus poligraphus,3cd970ea-0cac-8198-96bc-d4687d039075,Unikaryon polygraphi,Microsporidia,evaluation of pathogen infections of emerged beetles,midgut epithelium; malpighian tubules; fat body; gonads,pathogen,,,,Austria,2003,"Händel et al., 2003","Händel, U., Wegensteiner, R., Weiser, J., & Zizka, Z. (2003). Occurrence of pathogens in associated living bark beetles (Col., Scolytidae) from different spruce stands in Austria. Anzeiger für Schädlingskunde= Journal of pest science, 76(1), 22-32.",https://doi.org/10.1046/j.1439-0280.2003.03007.x,full text
3cd970ea-0cac-81f2-8ef2-f7ec9ad3fdb8,260,Dryocoetes autographus,3cd970ea-0cac-81b6-87c6-e583eea30425,Malamoeba scolyti,Microsporidia,evaluation of pathogen infections of emerged beetles,midgut epithelium; malpighian tubules,pathogen,,,,Austria,2003,"Händel et al., 2003","Händel, U., Wegensteiner, R., Weiser, J., & Zizka, Z. (2003). Occurrence of pathogens in associated living bark beetles (Col., Scolytidae) from different spruce stands in Austria. Anzeiger für Schädlingskunde= Journal of pest science, 76(1), 22-32.",https://doi.org/10.1046/j.1439-0280.2003.03007.x,full text
3cd970ea-0cac-81ba-978f-d3c9d32a93e0,261,Dryocoetes autographus,3cd970ea-0cac-81b6-87c6-e583eea30425,Gregarina typographi,Protist,evaluation of pathogen infections of emerged beetles,midgut lumen,pathogen,,,,Austria,2003,"Händel et al., 2003","Händel, U., Wegensteiner, R., Weiser, J., & Zizka, Z. (2003). Occurrence of pathogens in associated living bark beetles (Col., Scolytidae) from different spruce stands in Austria. Anzeiger für Schädlingskunde= Journal of pest science, 76(1), 22-32.",https://doi.org/10.1046/j.1439-0280.2003.03007.x,full text
3cd970ea-0cac-81b9-80e3-d368cf242a8e,262,Ips typographus,3cd970ea-0cac-81e7-bd37-c7209a5601d7,Metschnikowia typographi,Fungi,,,,,,,,2001,"Händel, 2001","Händel U. 2001. Untersuchungen zum Gegenspielerkomplex assoziiert lebender Fichtenborkenkäfer (Col., Scolytidae) aus naturnahen und sekundären Fichtenbeständen unter besonderer Berücksichtigung der Pathogene. PhD thesis, Universität für Bodenkultur Wien.",,
3cd970ea-0cac-8197-bc3e-f649bb9a910b,263,Ips amitinus,3cd970ea-0cac-815a-a757-ffcc6a0735b5,Metschnikowia typographi,Fungi,,,,,,,,2001,"Händel, 2001","Händel U. 2001. Untersuchungen zum Gegenspielerkomplex assoziiert lebender Fichtenborkenkäfer (Col., Scolytidae) aus naturnahen und sekundären Fichtenbeständen unter besonderer Berücksichtigung der Pathogene. PhD thesis, Universität für Bodenkultur Wien.",,
3cd970ea-0cac-8158-91da-d5cdeef371b7,264,Dendroctonus frontalis,3cd970ea-0cac-81b5-b18d-f10167e662e3,Beauveria sp.,Fungi,,,,,,,,1940,"Harrar and Martland, 1940","Harrar, J. G., & Martland, J. G. (1940). A fungous Parasite of the Pine Bark Beetle.",https://www.cabidigitallibrary.org/doi/full/10.5555/19410500194,only English abstract
3cd970ea-0cac-81c0-9feb-fa37f4d00e4b,265,Ips avulsus,3cd970ea-0cac-81c2-b4d1-f11ed6ee8189,Parasitylenchus avulsi,Nematode,,,parasite,,,,"Texas, United States",1976,"Hoffard and Coster, 1976","Hoffard, W.H., Coster, J.E., 1976. Endoparasitic nematodes of Ips Bark beetles in eastern Texas. Environ. Entomol. 5, 128–132.",https://doi.org/10.1093/ee/5.1.128,full text
3cd970ea-0cac-8161-8f8f-f029f23c39c7,266,Ips calligraphus,3cd970ea-0cac-8173-bd2a-d18690870555,Contortylenchus elongatus,Nematode,,,parasite,,,,"Texas, United States",1976,"Hoffard and Coster, 1976","Hoffard, W.H., Coster, J.E., 1976. Endoparasitic nematodes of Ips Bark beetles in eastern Texas. Environ. Entomol. 5, 128–132.",https://doi.org/10.1093/ee/5.1.128,full text
3cd970ea-0cac-81fa-9d02-e41ac80c97a4,267,Ips calligraphus,3cd970ea-0cac-8173-bd2a-d18690870555,Parasitaphelenchus sp.,Nematode,,,parasite,,,,"Texas, United States",1976,"Hoffard and Coster, 1976","Hoffard, W.H., Coster, J.E., 1976. Endoparasitic nematodes of Ips Bark beetles in eastern Texas. Environ. Entomol. 5, 128–132.",https://doi.org/10.1093/ee/5.1.128,full text
3cd970ea-0cac-81d0-b8a1-f040d7b59f9c,268,Ips grandicollis,3cd970ea-0cac-8100-b325-daf2aaa8c8b8,Contortylenchus grandicolli,Nematode,,,parasite,,,,"Texas, United States",1976,"Hoffard and Coster, 1976","Hoffard, W.H., Coster, J.E., 1976. Endoparasitic nematodes of Ips Bark beetles in eastern Texas. Environ. Entomol. 5, 128–132.",https://doi.org/10.1093/ee/5.1.128,full text
3cd970ea-0cac-8193-a7ad-cf52054b8532,269,Ips duplicatus,3cd970ea-0cac-8141-8c9c-eda2a1055c4c,Larssoniella duplicati,Microsporidia,,,pathogen,,,,Poland,2007,"Holuša et al., 2007","Holusa, J., Weiser, J., & Drapela, K. (2007). Pathogens of Ips duplicatus (Coleoptera: Scolytidae) in three areas in Central Europe. Acta Protozoologica, 46(2), 157-167.",https://www.airitilibrary.com/Article/Detail/00651583-200706-201101060024-201101060024-157-167,full text
3cd970ea-0cac-81ca-ada8-fb727d339db9,270,Ips duplicatus,3cd970ea-0cac-8141-8c9c-eda2a1055c4c,Larssoniella duplicati,Microsporidia,,,pathogen,,,,Czech Republic,2007,"Holuša et al., 2007","Holusa, J., Weiser, J., & Drapela, K. (2007). Pathogens of Ips duplicatus (Coleoptera: Scolytidae) in three areas in Central Europe. Acta Protozoologica, 46(2), 157-167.",https://www.airitilibrary.com/Article/Detail/00651583-200706-201101060024-201101060024-157-167,full text
3cd970ea-0cac-817c-9d09-cb1dbc209ffa,271,Ips duplicatus,3cd970ea-0cac-8141-8c9c-eda2a1055c4c,Pichia sp.,Fungi,,,pathogen,,,,Czech Republic,2007,"Holuša et al., 2007","Holusa, J., Weiser, J., & Drapela, K. (2007). Pathogens of Ips duplicatus (Coleoptera: Scolytidae) in three areas in Central Europe. Acta Protozoologica, 46(2), 157-167.",https://www.airitilibrary.com/Article/Detail/00651583-200706-201101060024-201101060024-157-167,full text
3cd970ea-0cac-8109-b197-ff427d06f374,272,Ips typographus,3cd970ea-0cac-81e7-bd37-c7209a5601d7,Pichia sp.,Fungi,,,pathogen,,,,Poland,2007,"Holuša et al., 2007","Holusa, J., Weiser, J., & Drapela, K. (2007). Pathogens of Ips duplicatus (Coleoptera: Scolytidae) in three areas in Central Europe. Acta Protozoologica, 46(2), 157-167.",https://www.airitilibrary.com/Article/Detail/00651583-200706-201101060024-201101060024-157-167,full text
3cd970ea-0cac-818f-8274-fd658f5d2c61,273,Ips typographus,3cd970ea-0cac-81e7-bd37-c7209a5601d7,Pichia sp.,Fungi,,,pathogen,,,,Czech Republic,2007,"Holuša et al., 2007","Holusa, J., Weiser, J., & Drapela, K. (2007). Pathogens of Ips duplicatus (Coleoptera: Scolytidae) in three areas in Central Europe. Acta Protozoologica, 46(2), 157-167.",https://www.airitilibrary.com/Article/Detail/00651583-200706-201101060024-201101060024-157-167,full text
3cd970ea-0cac-8190-b5bd-fc490eec4781,274,Ips typographus,3cd970ea-0cac-81e7-bd37-c7209a5601d7,Gregarina typographi,Protist,,,pathogen,,,,Czech Republic,2007,"Holuša et al., 2007","Holusa, J., Weiser, J., & Drapela, K. (2007). Pathogens of Ips duplicatus (Coleoptera: Scolytidae) in three areas in Central Europe. Acta Protozoologica, 46(2), 157-167.",https://www.airitilibrary.com/Article/Detail/00651583-200706-201101060024-201101060024-157-167,full text
3cd970ea-0cac-81a8-9f93-fcd9330ff30f,275,Ips duplicatus,3cd970ea-0cac-8141-8c9c-eda2a1055c4c,Gregarina typographi,Protist,,,pathogen,,,,Czech Republic,2007,"Holuša et al., 2007","Holusa, J., Weiser, J., & Drapela, K. (2007). Pathogens of Ips duplicatus (Coleoptera: Scolytidae) in three areas in Central Europe. Acta Protozoologica, 46(2), 157-167.",https://www.airitilibrary.com/Article/Detail/00651583-200706-201101060024-201101060024-157-167,full text
3cd970ea-0cac-81c6-9cc6-e7661e4acca0,276,Ips typographus,3cd970ea-0cac-81e7-bd37-c7209a5601d7,Chytridiopsis typographi,Microsporidia,,,pathogen,,,,Poland,2007,"Holuša et al., 2007","Holusa, J., Weiser, J., & Drapela, K. (2007). Pathogens of Ips duplicatus (Coleoptera: Scolytidae) in three areas in Central Europe. Acta Protozoologica, 46(2), 157-167.",https://www.airitilibrary.com/Article/Detail/00651583-200706-201101060024-201101060024-157-167,full text
3cd970ea-0cac-8123-abeb-e54d3fc4a775,277,Ips duplicatus,3cd970ea-0cac-8141-8c9c-eda2a1055c4c,Chytridiopsis typographi,Microsporidia,,,pathogen,,,,Poland,2007,"Holuša et al., 2007","Holusa, J., Weiser, J., & Drapela, K. (2007). Pathogens of Ips duplicatus (Coleoptera: Scolytidae) in three areas in Central Europe. Acta Protozoologica, 46(2), 157-167.",https://www.airitilibrary.com/Article/Detail/00651583-200706-201101060024-201101060024-157-167,full text
3cd970ea-0cac-813b-beba-c0e4c44f345a,278,Ips typographus,3cd970ea-0cac-81e7-bd37-c7209a5601d7,Chytridiopsis typographi,Microsporidia,,,pathogen,,,,Czech Republic,2007,"Holuša et al., 2007","Holusa, J., Weiser, J., & Drapela, K. (2007). Pathogens of Ips duplicatus (Coleoptera: Scolytidae) in three areas in Central Europe. Acta Protozoologica, 46(2), 157-167.",https://www.airitilibrary.com/Article/Detail/00651583-200706-201101060024-201101060024-157-167,full text
3cd970ea-0cac-81af-b460-ccc19ee5757f,279,Ips duplicatus,3cd970ea-0cac-8141-8c9c-eda2a1055c4c,Chytridiopsis typographi,Microsporidia,,,pathogen,,,,Czech Republic,2007,"Holuša et al., 2007","Holusa, J., Weiser, J., & Drapela, K. (2007). Pathogens of Ips duplicatus (Coleoptera: Scolytidae) in three areas in Central Europe. Acta Protozoologica, 46(2), 157-167.",https://www.airitilibrary.com/Article/Detail/00651583-200706-201101060024-201101060024-157-167,full text
3cd970ea-0cac-81e9-8730-fadf35b6858c,280,Ips typographus,3cd970ea-0cac-81e7-bd37-c7209a5601d7,Chytridiopsis typographi,Microsporidia,,,pathogen,,,,Czech Republic,2009,"Holuša et al., 2009","Holusa, J., Weiser, J., & Zizka, Z. (2009). Pathogens of the spruce bark beetles Ips typographus and Ips duplicatus. Central European Journal of Biology, 4(4), 567-573.",https://www.degruyterbrill.com/document/doi/10.2478/s11535-009-0044-y/html,full text
3cd970ea-0cac-8197-bd06-eafca01fb18d,281,Ips duplicatus,3cd970ea-0cac-8141-8c9c-eda2a1055c4c,Chytridiopsis typographi,Microsporidia,,,pathogen,,,,Czech Republic,2009,"Holuša et al., 2009","Holusa, J., Weiser, J., & Zizka, Z. (2009). Pathogens of the spruce bark beetles Ips typographus and Ips duplicatus. Central European Journal of Biology, 4(4), 567-573.",https://www.degruyterbrill.com/document/doi/10.2478/s11535-009-0044-y/html,full text
3cd970ea-0cac-817e-a3b6-f0e02702a8dc,282,Ips typographus,3cd970ea-0cac-81e7-bd37-c7209a5601d7,Nosema typographi,Microsporidia,,,pathogen,,,,Czech Republic,2009,"Holuša et al., 2009","Holusa, J., Weiser, J., & Zizka, Z. (2009). Pathogens of the spruce bark beetles Ips typographus and Ips duplicatus. Central European Journal of Biology, 4(4), 567-573.",https://www.degruyterbrill.com/document/doi/10.2478/s11535-009-0044-y/html,full text
3cd970ea-0cac-8149-938d-c81925d9bc2f,283,Ips typographus,3cd970ea-0cac-81e7-bd37-c7209a5601d7,Menzbieria chalcographi,Protist,,,pathogen,,,,Czech Republic,2009,"Holuša et al., 2009","Holusa, J., Weiser, J., & Zizka, Z. (2009). Pathogens of the spruce bark beetles Ips typographus and Ips duplicatus. Central European Journal of Biology, 4(4), 567-573.",https://www.degruyterbrill.com/document/doi/10.2478/s11535-009-0044-y/html,full text
3cd970ea-0cac-81c6-89c7-d86664b6c11d,284,Ips duplicatus,3cd970ea-0cac-8141-8c9c-eda2a1055c4c,Larssoniella duplicati,Microsporidia,,,pathogen,,,,Czech Republic,2009,"Holuša et al., 2009","Holusa, J., Weiser, J., & Zizka, Z. (2009). Pathogens of the spruce bark beetles Ips typographus and Ips duplicatus. Central European Journal of Biology, 4(4), 567-573.",https://www.degruyterbrill.com/document/doi/10.2478/s11535-009-0044-y/html,full text
3cd970ea-0cac-81f7-82c6-dff4beb302da,285,Ips typographus,3cd970ea-0cac-81e7-bd37-c7209a5601d7,Gregarina typographi,Protist,,,pathogen,,,,Czech Republic,2009,"Holuša et al., 2009","Holusa, J., Weiser, J., & Zizka, Z. (2009). Pathogens of the spruce bark beetles Ips typographus and Ips duplicatus. Central European Journal of Biology, 4(4), 567-573.",https://www.degruyterbrill.com/document/doi/10.2478/s11535-009-0044-y/html,full text
3cd970ea-0cac-81f7-92e0-d3c8e3a0bab3,286,Ips duplicatus,3cd970ea-0cac-8141-8c9c-eda2a1055c4c,Gregarina typographi,Protist,,,pathogen,,,,Czech Republic,2009,"Holuša et al., 2009","Holusa, J., Weiser, J., & Zizka, Z. (2009). Pathogens of the spruce bark beetles Ips typographus and Ips duplicatus. Central European Journal of Biology, 4(4), 567-573.",https://www.degruyterbrill.com/document/doi/10.2478/s11535-009-0044-y/html,full text
3cd970ea-0cac-81e7-8bff-c4317236ec50,287,Ips cembrae,3cd970ea-0cac-8143-a5db-e349263ac456,Chytridiopsis typographi,Microsporidia,,,pathogen,,,,Austria,2013,"Holuša et al., 2013","Holuša, J., Lukášová, K., Wegensteiner, R., Grodzki, W., Pernek, M., & Weiser, J. (2013). Pathogens of the bark beetle Ips cembrae: microsporidia and gregarines also known from other Ips species. Journal of applied entomology, 137(3), 181-187.",https://doi.org/10.1111/j.1439-0418.2012.01717.x,full text
3cd970ea-0cac-8187-9413-f3de0823a546,288,Ips cembrae,3cd970ea-0cac-8143-a5db-e349263ac456,Chytridiopsis typographi,Microsporidia,,,pathogen,,,,Poland,2013,"Holuša et al., 2013","Holuša, J., Lukášová, K., Wegensteiner, R., Grodzki, W., Pernek, M., & Weiser, J. (2013). Pathogens of the bark beetle Ips cembrae: microsporidia and gregarines also known from other Ips species. Journal of applied entomology, 137(3), 181-187.",https://doi.org/10.1111/j.1439-0418.2012.01717.x,full text
3cd970ea-0cac-81c1-8c14-fc7e1ffba421,289,Ips cembrae,3cd970ea-0cac-8143-a5db-e349263ac456,Chytridiopsis typographi,Microsporidia,,,pathogen,,,,Hungary,2013,"Holuša et al., 2013","Holuša, J., Lukášová, K., Wegensteiner, R., Grodzki, W., Pernek, M., & Weiser, J. (2013). Pathogens of the bark beetle Ips cembrae: microsporidia and gregarines also known from other Ips species. Journal of applied entomology, 137(3), 181-187.",https://doi.org/10.1111/j.1439-0418.2012.01717.x,full text
3cd970ea-0cac-8131-9ba1-f1e5f3b2afa8,290,Ips cembrae,3cd970ea-0cac-8143-a5db-e349263ac456,Chytridiopsis typographi,Microsporidia,,,pathogen,,,,Czech Republic,2013,"Holuša et al., 2013","Holuša, J., Lukášová, K., Wegensteiner, R., Grodzki, W., Pernek, M., & Weiser, J. (2013). Pathogens of the bark beetle Ips cembrae: microsporidia and gregarines also known from other Ips species. Journal of applied entomology, 137(3), 181-187.",https://doi.org/10.1111/j.1439-0418.2012.01717.x,full text
3cd970ea-0cac-81da-b6de-e4df7df98346,291,Ips cembrae,3cd970ea-0cac-8143-a5db-e349263ac456,Gregarina typographi,Protist,,,pathogen,,,,Austria,2013,"Holuša et al., 2013","Holuša, J., Lukášová, K., Wegensteiner, R., Grodzki, W., Pernek, M., & Weiser, J. (2013). Pathogens of the bark beetle Ips cembrae: microsporidia and gregarines also known from other Ips species. Journal of applied entomology, 137(3), 181-187.",https://doi.org/10.1111/j.1439-0418.2012.01717.x,full text
3cd970ea-0cac-8137-bccb-ecfe6b21cf02,292,Ips cembrae,3cd970ea-0cac-8143-a5db-e349263ac456,Gregarina typographi,Protist,,,pathogen,,,,Hungary,2013,"Holuša et al., 2013","Holuša, J., Lukášová, K., Wegensteiner, R., Grodzki, W., Pernek, M., & Weiser, J. (2013). Pathogens of the bark beetle Ips cembrae: microsporidia and gregarines also known from other Ips species. Journal of applied entomology, 137(3), 181-187.",https://doi.org/10.1111/j.1439-0418.2012.01717.x,full text
3cd970ea-0cac-818b-9f53-ccf2752ade38,293,Ips cembrae,3cd970ea-0cac-8143-a5db-e349263ac456,Mattesia schwenkei,Protist,,,pathogen,,,,Hungary,2013,"Holuša et al., 2013","Holuša, J., Lukášová, K., Wegensteiner, R., Grodzki, W., Pernek, M., & Weiser, J. (2013). Pathogens of the bark beetle Ips cembrae: microsporidia and gregarines also known from other Ips species. Journal of applied entomology, 137(3), 181-187.",https://doi.org/10.1111/j.1439-0418.2012.01717.x,full text
3cd970ea-0cac-81f2-917a-d714ab60edd0,294,Ips cembrae,3cd970ea-0cac-8143-a5db-e349263ac456,Nosema sp.,Microsporidia,,,pathogen,,,,Czech Republic,2013,"Holuša et al., 2013","Holuša, J., Lukášová, K., Wegensteiner, R., Grodzki, W., Pernek, M., & Weiser, J. (2013). Pathogens of the bark beetle Ips cembrae: microsporidia and gregarines also known from other Ips species. Journal of applied entomology, 137(3), 181-187.",https://doi.org/10.1111/j.1439-0418.2012.01717.x,full text
3cd970ea-0cac-814f-a81d-d38767b9e4cb,295,Ips cembrae,3cd970ea-0cac-8143-a5db-e349263ac456,Nosema sp.,Microsporidia,,,pathogen,,,,Poland,2013,"Holuša et al., 2013","Holuša, J., Lukášová, K., Wegensteiner, R., Grodzki, W., Pernek, M., & Weiser, J. (2013). Pathogens of the bark beetle Ips cembrae: microsporidia and gregarines also known from other Ips species. Journal of applied entomology, 137(3), 181-187.",https://doi.org/10.1111/j.1439-0418.2012.01717.x,full text
3cd970ea-0cac-81d4-bfad-c256fe936fc1,296,Ips cembrae,3cd970ea-0cac-8143-a5db-e349263ac456,Fusarium sp.,Fungi,,,pathogen,,,,Czech Republic,2013,"Holuša et al., 2013","Holuša, J., Lukášová, K., Wegensteiner, R., Grodzki, W., Pernek, M., & Weiser, J. (2013). Pathogens of the bark beetle Ips cembrae: microsporidia and gregarines also known from other Ips species. Journal of applied entomology, 137(3), 181-187.",https://doi.org/10.1111/j.1439-0418.2012.01717.x,full text
3cd970ea-0cac-8121-81a1-dbeda26e5f25,297,Ips amitinus,3cd970ea-0cac-815a-a757-ffcc6a0735b5,Microsporidium sp.,Microsporidia,,,occurrence survey,,,,Austria,2016,"Holuša et al., 2016","Holuša, J., Lukášová, K., Žižka, Z., Händel, U., Haidler, B., & Wegensteiner, R. (2016). Occurrence of Microsporidium sp. and other pathogens in Ips amitinus (Coleoptera: Curculionidae). Acta Parasitologica, 61(3), 621-628.",https://doi.org/10.1515/ap-2016-0083,full text
3cd970ea-0cac-81f9-beb0-d3139875793a,298,Ips amitinus,3cd970ea-0cac-815a-a757-ffcc6a0735b5,Chytridiopsis cf. typographi,Microsporidia,,,occurrence survey,,,,Austria,2016,"Holuša et al., 2016","Holuša, J., Lukášová, K., Žižka, Z., Händel, U., Haidler, B., & Wegensteiner, R. (2016). Occurrence of Microsporidium sp. and other pathogens in Ips amitinus (Coleoptera: Curculionidae). Acta Parasitologica, 61(3), 621-628.",https://doi.org/10.1515/ap-2016-0083,full text
3cd970ea-0cac-8169-ac26-d9b94b7b2c89,299,Ips amitinus,3cd970ea-0cac-815a-a757-ffcc6a0735b5,Gregarina cf. typographi,Protist,,,occurrence survey,,,,Austria,2016,"Holuša et al., 2016","Holuša, J., Lukášová, K., Žižka, Z., Händel, U., Haidler, B., & Wegensteiner, R. (2016). Occurrence of Microsporidium sp. and other pathogens in Ips amitinus (Coleoptera: Curculionidae). Acta Parasitologica, 61(3), 621-628.",https://doi.org/10.1515/ap-2016-0083,full text
3cd970ea-0cac-81d0-b25e-cc85e45e9d2c,300,Ips amitinus,3cd970ea-0cac-815a-a757-ffcc6a0735b5,ItEPV,Virus,,,occurrence survey,,,,Austria,2016,"Holuša et al., 2016","Holuša, J., Lukášová, K., Žižka, Z., Händel, U., Haidler, B., & Wegensteiner, R. (2016). Occurrence of Microsporidium sp. and other pathogens in Ips amitinus (Coleoptera: Curculionidae). Acta Parasitologica, 61(3), 621-628.",https://doi.org/10.1515/ap-2016-0083,full text
3cd970ea-0cac-81ed-922e-e9e39f168483,301,Ips amitinus,3cd970ea-0cac-815a-a757-ffcc6a0735b5,Metschnikowia typographi,Fungi,,,occurrence survey,,,,Austria,2016,"Holuša et al., 2016","Holuša, J., Lukášová, K., Žižka, Z., Händel, U., Haidler, B., & Wegensteiner, R. (2016). Occurrence of Microsporidium sp. and other pathogens in Ips amitinus (Coleoptera: Curculionidae). Acta Parasitologica, 61(3), 621-628.",https://doi.org/10.1515/ap-2016-0083,full text
3cd970ea-0cac-8170-be40-e219c3f144e8,302,Ips amitinus,3cd970ea-0cac-815a-a757-ffcc6a0735b5,Gregarina cf. typographi,Protist,,,occurrence survey,,,,Czech Republic,2016,"Holuša et al., 2016","Holuša, J., Lukášová, K., Žižka, Z., Händel, U., Haidler, B., & Wegensteiner, R. (2016). Occurrence of Microsporidium sp. and other pathogens in Ips amitinus (Coleoptera: Curculionidae). Acta Parasitologica, 61(3), 621-628.",https://doi.org/10.1515/ap-2016-0083,full text
3cd970ea-0cac-8173-82f3-eaac3f6f1aa8,303,Ips amitinus,3cd970ea-0cac-815a-a757-ffcc6a0735b5,Nosema cf. typographi,Microsporidia,,,occurrence survey,,,,Czech Republic,2016,"Holuša et al., 2016","Holuša, J., Lukášová, K., Žižka, Z., Händel, U., Haidler, B., & Wegensteiner, R. (2016). Occurrence of Microsporidium sp. and other pathogens in Ips amitinus (Coleoptera: Curculionidae). Acta Parasitologica, 61(3), 621-628.",https://doi.org/10.1515/ap-2016-0083,full text
3cd970ea-0cac-81e3-bf29-e52acd7b3bd5,304,Ips amitinus,3cd970ea-0cac-815a-a757-ffcc6a0735b5,Chytridiopsis cf. typographi,Microsporidia,,,occurrence survey,,,,Czech Republic,2016,"Holuša et al., 2016","Holuša, J., Lukášová, K., Žižka, Z., Händel, U., Haidler, B., & Wegensteiner, R. (2016). Occurrence of Microsporidium sp. and other pathogens in Ips amitinus (Coleoptera: Curculionidae). Acta Parasitologica, 61(3), 621-628.",https://doi.org/10.1515/ap-2016-0083,full text
3cd970ea-0cac-8155-8ef4-f335b79def1a,305,Ips amitinus,3cd970ea-0cac-815a-a757-ffcc6a0735b5,ItEPV,Virus,,,occurrence survey,,,,Finland,2016,"Holuša et al., 2016","Holuša, J., Lukášová, K., Žižka, Z., Händel, U., Haidler, B., & Wegensteiner, R. (2016). Occurrence of Microsporidium sp. and other pathogens in Ips amitinus (Coleoptera: Curculionidae). Acta Parasitologica, 61(3), 621-628.",https://doi.org/10.1515/ap-2016-0083,full text
3cd970ea-0cac-8113-b1ae-e55f68f278d9,306,Ips amitinus,3cd970ea-0cac-815a-a757-ffcc6a0735b5,Chytridiopsis cf. typographi,Microsporidia,,,occurrence survey,,,,Finland,2016,"Holuša et al., 2016","Holuša, J., Lukášová, K., Žižka, Z., Händel, U., Haidler, B., & Wegensteiner, R. (2016). Occurrence of Microsporidium sp. and other pathogens in Ips amitinus (Coleoptera: Curculionidae). Acta Parasitologica, 61(3), 621-628.",https://doi.org/10.1515/ap-2016-0083,full text
3cd970ea-0cac-8128-b376-c0dec1f9eae0,307,Ips amitinus,3cd970ea-0cac-815a-a757-ffcc6a0735b5,Metschnikowia typographi,Fungi,,,occurrence survey,,,,Finland,2016,"Holuša et al., 2016","Holuša, J., Lukášová, K., Žižka, Z., Händel, U., Haidler, B., & Wegensteiner, R. (2016). Occurrence of Microsporidium sp. and other pathogens in Ips amitinus (Coleoptera: Curculionidae). Acta Parasitologica, 61(3), 621-628.",https://doi.org/10.1515/ap-2016-0083,full text
3cd970ea-0cac-8199-b4c9-f5dce24b7ce0,308,Orthotomicus erosus,3cd970ea-0cac-81d4-bd25-d278cfe41fda,Chytridiopsis sp.,Microsporidia,,,pathogen,,,,Hungary,2017,"Holuša et al., 2017","Holuša, J., Lukášová, K., Hubáčková, J., Knížek, M., & Wegensteiner, R. (2017). Pathogens and nematodes associated to three bark beetle species of the genus Orthotomicus (Coleoptera Curculionidae) in central-south Europe. Bulletin of Insectology, 70(2), 291-297.",https://www.researchgate.net/profile/Karolina-Resnerova/publication/320854912_Pathogens_and_nematodes_associated_to_three_bark_beetle_species_of_the_genus_Orthotomicus_Coleoptera_Curculionidae_in_central-south_Europe/links/5a09553ba6fdcc65eab569b9/Pathogens-and-nematodes-associated-to-three-bark-beetle-species-of-the-genus-Orthotomicus-Coleoptera-Curculionidae-in-central-south-Europe.pdf,full text
3cd970ea-0cac-8109-95d3-c9039d5a8de7,309,Orthotomicus erosus,3cd970ea-0cac-81d4-bd25-d278cfe41fda,gut nematodes,Nematode,,,,,,,Hungary,2017,"Holuša et al., 2017","Holuša, J., Lukášová, K., Hubáčková, J., Knížek, M., & Wegensteiner, R. (2017). Pathogens and nematodes associated to three bark beetle species of the genus Orthotomicus (Coleoptera Curculionidae) in central-south Europe. Bulletin of Insectology, 70(2), 291-297.",https://www.researchgate.net/profile/Karolina-Resnerova/publication/320854912_Pathogens_and_nematodes_associated_to_three_bark_beetle_species_of_the_genus_Orthotomicus_Coleoptera_Curculionidae_in_central-south_Europe/links/5a09553ba6fdcc65eab569b9/Pathogens-and-nematodes-associated-to-three-bark-beetle-species-of-the-genus-Orthotomicus-Coleoptera-Curculionidae-in-central-south-Europe.pdf,full text
3cd970ea-0cac-8175-986b-d0f4ccd504b0,310,Orthotomicus erosus,3cd970ea-0cac-81d4-bd25-d278cfe41fda,haemolyph nematodes,Nematode,,,,,,,Hungary,2017,"Holuša et al., 2017","Holuša, J., Lukášová, K., Hubáčková, J., Knížek, M., & Wegensteiner, R. (2017). Pathogens and nematodes associated to three bark beetle species of the genus Orthotomicus (Coleoptera Curculionidae) in central-south Europe. Bulletin of Insectology, 70(2), 291-297.",https://www.researchgate.net/profile/Karolina-Resnerova/publication/320854912_Pathogens_and_nematodes_associated_to_three_bark_beetle_species_of_the_genus_Orthotomicus_Coleoptera_Curculionidae_in_central-south_Europe/links/5a09553ba6fdcc65eab569b9/Pathogens-and-nematodes-associated-to-three-bark-beetle-species-of-the-genus-Orthotomicus-Coleoptera-Curculionidae-in-central-south-Europe.pdf,full text
3cd970ea-0cac-812c-a429-e807d804163e,311,Orthotomicus erosus,3cd970ea-0cac-81d4-bd25-d278cfe41fda,Chytridiopsis sp.,Microsporidia,,,pathogen,,,,Austria,2017,"Holuša et al., 2017","Holuša, J., Lukášová, K., Hubáčková, J., Knížek, M., & Wegensteiner, R. (2017). Pathogens and nematodes associated to three bark beetle species of the genus Orthotomicus (Coleoptera Curculionidae) in central-south Europe. Bulletin of Insectology, 70(2), 291-297.",https://www.researchgate.net/profile/Karolina-Resnerova/publication/320854912_Pathogens_and_nematodes_associated_to_three_bark_beetle_species_of_the_genus_Orthotomicus_Coleoptera_Curculionidae_in_central-south_Europe/links/5a09553ba6fdcc65eab569b9/Pathogens-and-nematodes-associated-to-three-bark-beetle-species-of-the-genus-Orthotomicus-Coleoptera-Curculionidae-in-central-south-Europe.pdf,full text
3cd970ea-0cac-817c-b662-ff075c0df93e,312,Orthotomicus erosus,3cd970ea-0cac-81d4-bd25-d278cfe41fda,Gregarina sp.,Protist,,,pathogen,,,,Austria,2017,"Holuša et al., 2017","Holuša, J., Lukášová, K., Hubáčková, J., Knížek, M., & Wegensteiner, R. (2017). Pathogens and nematodes associated to three bark beetle species of the genus Orthotomicus (Coleoptera Curculionidae) in central-south Europe. Bulletin of Insectology, 70(2), 291-297.",https://www.researchgate.net/profile/Karolina-Resnerova/publication/320854912_Pathogens_and_nematodes_associated_to_three_bark_beetle_species_of_the_genus_Orthotomicus_Coleoptera_Curculionidae_in_central-south_Europe/links/5a09553ba6fdcc65eab569b9/Pathogens-and-nematodes-associated-to-three-bark-beetle-species-of-the-genus-Orthotomicus-Coleoptera-Curculionidae-in-central-south-Europe.pdf,full text
3cd970ea-0cac-8135-adae-e85bed8dc358,313,Orthotomicus erosus,3cd970ea-0cac-81d4-bd25-d278cfe41fda,Mattesia sp.,Protist,,,pathogen,,,,Austria,2017,"Holuša et al., 2017","Holuša, J., Lukášová, K., Hubáčková, J., Knížek, M., & Wegensteiner, R. (2017). Pathogens and nematodes associated to three bark beetle species of the genus Orthotomicus (Coleoptera Curculionidae) in central-south Europe. Bulletin of Insectology, 70(2), 291-297.",https://www.researchgate.net/profile/Karolina-Resnerova/publication/320854912_Pathogens_and_nematodes_associated_to_three_bark_beetle_species_of_the_genus_Orthotomicus_Coleoptera_Curculionidae_in_central-south_Europe/links/5a09553ba6fdcc65eab569b9/Pathogens-and-nematodes-associated-to-three-bark-beetle-species-of-the-genus-Orthotomicus-Coleoptera-Curculionidae-in-central-south-Europe.pdf,full text
3cd970ea-0cac-8160-9f5b-d2d5948fa895,314,Orthotomicus laricis,3cd970ea-0cac-815a-9fd8-cc7d9a98ef8b,Contortylenchus laricis,Nematode,,,,,,,Czech Republic,2017,"Holuša et al., 2017","Holuša, J., Lukášová, K., Hubáčková, J., Knížek, M., & Wegensteiner, R. (2017). Pathogens and nematodes associated to three bark beetle species of the genus Orthotomicus (Coleoptera Curculionidae) in central-south Europe. Bulletin of Insectology, 70(2), 291-297.",https://www.researchgate.net/profile/Karolina-Resnerova/publication/320854912_Pathogens_and_nematodes_associated_to_three_bark_beetle_species_of_the_genus_Orthotomicus_Coleoptera_Curculionidae_in_central-south_Europe/links/5a09553ba6fdcc65eab569b9/Pathogens-and-nematodes-associated-to-three-bark-beetle-species-of-the-genus-Orthotomicus-Coleoptera-Curculionidae-in-central-south-Europe.pdf,full text
3cd970ea-0cac-814c-ac48-dd4ddfe2c5e7,315,Orthotomicus laricis,3cd970ea-0cac-815a-9fd8-cc7d9a98ef8b,haemolyph nematodes,Nematode,,,,,,,Czech Republic,2017,"Holuša et al., 2017","Holuša, J., Lukášová, K., Hubáčková, J., Knížek, M., & Wegensteiner, R. (2017). Pathogens and nematodes associated to three bark beetle species of the genus Orthotomicus (Coleoptera Curculionidae) in central-south Europe. Bulletin of Insectology, 70(2), 291-297.",https://www.researchgate.net/profile/Karolina-Resnerova/publication/320854912_Pathogens_and_nematodes_associated_to_three_bark_beetle_species_of_the_genus_Orthotomicus_Coleoptera_Curculionidae_in_central-south_Europe/links/5a09553ba6fdcc65eab569b9/Pathogens-and-nematodes-associated-to-three-bark-beetle-species-of-the-genus-Orthotomicus-Coleoptera-Curculionidae-in-central-south-Europe.pdf,full text
3cd970ea-0cac-8187-b7a3-db31b1dd4f1b,316,Orthotomicus laricis,3cd970ea-0cac-815a-9fd8-cc7d9a98ef8b,Gregarina sp.,Protist,,,pathogen,,,,Czech Republic,2017,"Holuša et al., 2017","Holuša, J., Lukášová, K., Hubáčková, J., Knížek, M., & Wegensteiner, R. (2017). Pathogens and nematodes associated to three bark beetle species of the genus Orthotomicus (Coleoptera Curculionidae) in central-south Europe. Bulletin of Insectology, 70(2), 291-297.",https://www.researchgate.net/profile/Karolina-Resnerova/publication/320854912_Pathogens_and_nematodes_associated_to_three_bark_beetle_species_of_the_genus_Orthotomicus_Coleoptera_Curculionidae_in_central-south_Europe/links/5a09553ba6fdcc65eab569b9/Pathogens-and-nematodes-associated-to-three-bark-beetle-species-of-the-genus-Orthotomicus-Coleoptera-Curculionidae-in-central-south-Europe.pdf,full text
3cd970ea-0cac-8102-84d0-dcf07290e471,317,Orthotomicus laricis,3cd970ea-0cac-815a-9fd8-cc7d9a98ef8b,gut nematodes,Nematode,,,,,,,Czech Republic,2017,"Holuša et al., 2017","Holuša, J., Lukášová, K., Hubáčková, J., Knížek, M., & Wegensteiner, R. (2017). Pathogens and nematodes associated to three bark beetle species of the genus Orthotomicus (Coleoptera Curculionidae) in central-south Europe. Bulletin of Insectology, 70(2), 291-297.",https://www.researchgate.net/profile/Karolina-Resnerova/publication/320854912_Pathogens_and_nematodes_associated_to_three_bark_beetle_species_of_the_genus_Orthotomicus_Coleoptera_Curculionidae_in_central-south_Europe/links/5a09553ba6fdcc65eab569b9/Pathogens-and-nematodes-associated-to-three-bark-beetle-species-of-the-genus-Orthotomicus-Coleoptera-Curculionidae-in-central-south-Europe.pdf,full text
3cd970ea-0cac-81ca-b61c-ccdf5fcfa5a8,318,Orthotomicus laricis,3cd970ea-0cac-815a-9fd8-cc7d9a98ef8b,Contortylenchus laricis,Nematode,,,,,,,Poland,2017,"Holuša et al., 2017","Holuša, J., Lukášová, K., Hubáčková, J., Knížek, M., & Wegensteiner, R. (2017). Pathogens and nematodes associated to three bark beetle species of the genus Orthotomicus (Coleoptera Curculionidae) in central-south Europe. Bulletin of Insectology, 70(2), 291-297.",https://www.researchgate.net/profile/Karolina-Resnerova/publication/320854912_Pathogens_and_nematodes_associated_to_three_bark_beetle_species_of_the_genus_Orthotomicus_Coleoptera_Curculionidae_in_central-south_Europe/links/5a09553ba6fdcc65eab569b9/Pathogens-and-nematodes-associated-to-three-bark-beetle-species-of-the-genus-Orthotomicus-Coleoptera-Curculionidae-in-central-south-Europe.pdf,full text
3cd970ea-0cac-8112-86b4-f7a9ff9b48be,319,Orthotomicus laricis,3cd970ea-0cac-815a-9fd8-cc7d9a98ef8b,haemolyph nematodes,Nematode,,,,,,,Poland,2017,"Holuša et al., 2017","Holuša, J., Lukášová, K., Hubáčková, J., Knížek, M., & Wegensteiner, R. (2017). Pathogens and nematodes associated to three bark beetle species of the genus Orthotomicus (Coleoptera Curculionidae) in central-south Europe. Bulletin of Insectology, 70(2), 291-297.",https://www.researchgate.net/profile/Karolina-Resnerova/publication/320854912_Pathogens_and_nematodes_associated_to_three_bark_beetle_species_of_the_genus_Orthotomicus_Coleoptera_Curculionidae_in_central-south_Europe/links/5a09553ba6fdcc65eab569b9/Pathogens-and-nematodes-associated-to-three-bark-beetle-species-of-the-genus-Orthotomicus-Coleoptera-Curculionidae-in-central-south-Europe.pdf,full text
3cd970ea-0cac-8120-9e92-e28d1254d96e,320,Orthotomicus laricis,3cd970ea-0cac-815a-9fd8-cc7d9a98ef8b,Chytridiopsis sp.,Microsporidia,,,pathogen,,,,Austria,2017,"Holuša et al., 2017","Holuša, J., Lukášová, K., Hubáčková, J., Knížek, M., & Wegensteiner, R. (2017). Pathogens and nematodes associated to three bark beetle species of the genus Orthotomicus (Coleoptera Curculionidae) in central-south Europe. Bulletin of Insectology, 70(2), 291-297.",https://www.researchgate.net/profile/Karolina-Resnerova/publication/320854912_Pathogens_and_nematodes_associated_to_three_bark_beetle_species_of_the_genus_Orthotomicus_Coleoptera_Curculionidae_in_central-south_Europe/links/5a09553ba6fdcc65eab569b9/Pathogens-and-nematodes-associated-to-three-bark-beetle-species-of-the-genus-Orthotomicus-Coleoptera-Curculionidae-in-central-south-Europe.pdf,full text
3cd970ea-0cac-8147-ab78-cf98b6b57cef,321,Orthotomicus nobilis,3cd970ea-0cac-81f0-9ca9-e7109828cf4c,gut nematodes,Nematode,,,,,,,Spain,2017,"Holuša et al., 2017","Holuša, J., Lukášová, K., Hubáčková, J., Knížek, M., & Wegensteiner, R. (2017). Pathogens and nematodes associated to three bark beetle species of the genus Orthotomicus (Coleoptera Curculionidae) in central-south Europe. Bulletin of Insectology, 70(2), 291-297.",https://www.researchgate.net/profile/Karolina-Resnerova/publication/320854912_Pathogens_and_nematodes_associated_to_three_bark_beetle_species_of_the_genus_Orthotomicus_Coleoptera_Curculionidae_in_central-south_Europe/links/5a09553ba6fdcc65eab569b9/Pathogens-and-nematodes-associated-to-three-bark-beetle-species-of-the-genus-Orthotomicus-Coleoptera-Curculionidae-in-central-south-Europe.pdf,full text
3cd970ea-0cac-8114-8443-e0f89f6dad2c,322,Orthotomicus nobilis,3cd970ea-0cac-81f0-9ca9-e7109828cf4c,haemolyph nematodes,Nematode,,,,,,,Spain,2017,"Holuša et al., 2017","Holuša, J., Lukášová, K., Hubáčková, J., Knížek, M., & Wegensteiner, R. (2017). Pathogens and nematodes associated to three bark beetle species of the genus Orthotomicus (Coleoptera Curculionidae) in central-south Europe. Bulletin of Insectology, 70(2), 291-297.",https://www.researchgate.net/profile/Karolina-Resnerova/publication/320854912_Pathogens_and_nematodes_associated_to_three_bark_beetle_species_of_the_genus_Orthotomicus_Coleoptera_Curculionidae_in_central-south_Europe/links/5a09553ba6fdcc65eab569b9/Pathogens-and-nematodes-associated-to-three-bark-beetle-species-of-the-genus-Orthotomicus-Coleoptera-Curculionidae-in-central-south-Europe.pdf,full text
3cd970ea-0cac-81ed-a18a-d5afd2f12ec2,323,Scolytus multistriatus,3cd970ea-0cac-81d9-bda0-ca455fdf65b6,Beauveria bassiana,Fungi,,,,,pathogenicity test,laboratory,,1987,"Houle et al., 1987","Houle C., G.C. Hartmann & S.S. Wasti 1987. Infectivity of eight species of entomogenous fungi to the
larvae of the elm bark beetle, Scolytus multistriatus (Marsham). Journal of the New York
Entomological Society 95, 14-18.",https://www.jstor.org/stable/pdf/25009584.pdf,full text
3cd970ea-0cac-810a-96d3-d040fa080220,324,Scolytus multistriatus,3cd970ea-0cac-81d9-bda0-ca455fdf65b6,Cordyceps militaris,Fungi,,,,,pathogenicity test,laboratory,,1987,"Houle et al., 1987","Houle C., G.C. Hartmann & S.S. Wasti 1987. Infectivity of eight species of entomogenous fungi to the
larvae of the elm bark beetle, Scolytus multistriatus (Marsham). Journal of the New York
Entomological Society 95, 14-18.",https://www.jstor.org/stable/pdf/25009584.pdf,full text
3cd970ea-0cac-81da-bc24-da1237a9f0b0,325,Scolytus multistriatus,3cd970ea-0cac-81d9-bda0-ca455fdf65b6,Metarhizium anisopliae,Fungi,,,,,pathogenicity test,laboratory,,1987,"Houle et al., 1987","Houle C., G.C. Hartmann & S.S. Wasti 1987. Infectivity of eight species of entomogenous fungi to the
larvae of the elm bark beetle, Scolytus multistriatus (Marsham). Journal of the New York
Entomological Society 95, 14-18.",https://www.jstor.org/stable/pdf/25009584.pdf,full text
3cd970ea-0cac-811f-bd26-c6eafcae9490,326,Scolytus multistriatus,3cd970ea-0cac-81d9-bda0-ca455fdf65b6,Hirsutella thompsonii,Fungi,,,,,pathogenicity test,laboratory,,1987,"Houle et al., 1987","Houle C., G.C. Hartmann & S.S. Wasti 1987. Infectivity of eight species of entomogenous fungi to the
larvae of the elm bark beetle, Scolytus multistriatus (Marsham). Journal of the New York
Entomological Society 95, 14-18.",https://www.jstor.org/stable/pdf/25009584.pdf,full text
3cd970ea-0cac-81c2-b4f1-e3734cdb4ae4,327,Scolytus multistriatus,3cd970ea-0cac-81d9-bda0-ca455fdf65b6,Nomuraea rileyi,Fungi,,,,,pathogenicity test,laboratory,,1987,"Houle et al., 1987","Houle C., G.C. Hartmann & S.S. Wasti 1987. Infectivity of eight species of entomogenous fungi to the
larvae of the elm bark beetle, Scolytus multistriatus (Marsham). Journal of the New York
Entomological Society 95, 14-18.",https://www.jstor.org/stable/pdf/25009584.pdf,full text
3cd970ea-0cac-8159-b7af-ec6fa10a7634,328,Scolytus multistriatus,3cd970ea-0cac-81d9-bda0-ca455fdf65b6,Paecilomyces farinosus,Fungi,,,,,pathogenicity test,laboratory,,1987,"Houle et al., 1987","Houle C., G.C. Hartmann & S.S. Wasti 1987. Infectivity of eight species of entomogenous fungi to the
larvae of the elm bark beetle, Scolytus multistriatus (Marsham). Journal of the New York
Entomological Society 95, 14-18.",https://www.jstor.org/stable/pdf/25009584.pdf,full text
3cd970ea-0cac-81c2-929d-ef745e4d5aab,329,Scolytus multistriatus,3cd970ea-0cac-81d9-bda0-ca455fdf65b6,Paecilomyces fumoso-roseus,Fungi,,,,,pathogenicity test,laboratory,,1987,"Houle et al., 1987","Houle C., G.C. Hartmann & S.S. Wasti 1987. Infectivity of eight species of entomogenous fungi to the
larvae of the elm bark beetle, Scolytus multistriatus (Marsham). Journal of the New York
Entomological Society 95, 14-18.",https://www.jstor.org/stable/pdf/25009584.pdf,full text
3cd970ea-0cac-81c2-addd-e2cabe738415,330,Scolytus multistriatus,3cd970ea-0cac-81d9-bda0-ca455fdf65b6,Verticillium lecanii,Fungi,,,,,pathogenicity test,laboratory,,1987,"Houle et al., 1987","Houle C., G.C. Hartmann & S.S. Wasti 1987. Infectivity of eight species of entomogenous fungi to the
larvae of the elm bark beetle, Scolytus multistriatus (Marsham). Journal of the New York
Entomological Society 95, 14-18.",https://www.jstor.org/stable/pdf/25009584.pdf,full text
3cd970ea-0cac-8100-b2b9-c5a63d7dc667,331,Hylurgus ligniperda,3cd970ea-0cac-8168-b077-f1c598e6fefd,Steinernema feltiae,Nematode,,,,,pathogenicity test,laboratory,China,2004,"Hu et al., 2004",Study on the biological control of Steinernema feltiae against Hylurgus ligniperda on the entry log,斯氏线虫对进境原木上长林小蠹的防治试验,full text
3cd970ea-0cac-8128-9307-c7e5a66507dc,332,Scolytidae sp.,3cd970ea-0cac-8137-bbc3-c4b8caee0230,Beauveria caledonica,Fungi,isolated from cadaver,,,,,laboratory,China,2007,"Huang et al., 2007",A new record of Beauveria isolated from Scolytidae in China,分离自小蠹虫的白僵菌属一中国新记录种,full text
3cd970ea-0cac-8179-bb41-cea4a3b9af39,333,Dendroctonus ponderosae,3cd970ea-0cac-8190-bc06-f7745f245114,Beauveria bassiana,Fungi,,,,,,,Canada,1984,"Hunt et al., 1984","Hunt, D. W. A., Borden, J. H., Rahe, J. E., & Whitney, H. S. (1984). Nutrient-mediated germination of Beauveria bassiana conidia on the integument of the bark beetle Dendroctonus ponderosae (Coleoptera: Scolytidae). Journal of Invertebrate Pathology, 44(3), 304-314.",https://doi.org/10.1016/0022-2011(84)90028-4,full text
3cd970ea-0cac-8141-b927-f39ae2f575dd,334,Ips typographus,3cd970ea-0cac-81e7-bd37-c7209a5601d7,Beauveria caledonica,Fungi,isolated from infected beetle,,,morphological and molecular,,,Slovakia,2021,"Hyblerová et al., 2021","Hyblerová, S., Medo, J., & Barta, M. (2021). Diversity and prevalence of entomopathogenic fungi (Ascomycota, Hypocreales) in epidemic populations of bark beetles (Coleoptera, Scolytinae) in spruce forests of the Tatra National Park in Slovakia. Annals of Forest Research, 64(1), 129-145.",https://www.afrjournal.org/index.php/afr/article/view/2152,full text
3cd970ea-0cac-812b-bad7-fb0745953814,335,Ips typographus,3cd970ea-0cac-81e7-bd37-c7209a5601d7,Beauveria bassiana,Fungi,isolated from infected beetle,,,morphological and molecular,,,Slovakia,2021,"Hyblerová et al., 2021","Hyblerová, S., Medo, J., & Barta, M. (2021). Diversity and prevalence of entomopathogenic fungi (Ascomycota, Hypocreales) in epidemic populations of bark beetles (Coleoptera, Scolytinae) in spruce forests of the Tatra National Park in Slovakia. Annals of Forest Research, 64(1), 129-145.",https://www.afrjournal.org/index.php/afr/article/view/2152,full text
3cd970ea-0cac-8152-9035-f4f84f9f9893,336,Ips typographus,3cd970ea-0cac-81e7-bd37-c7209a5601d7,Beauveria pseudobassiana,Fungi,isolated from infected beetle,,,morphological and molecular,,,Slovakia,2021,"Hyblerová et al., 2021","Hyblerová, S., Medo, J., & Barta, M. (2021). Diversity and prevalence of entomopathogenic fungi (Ascomycota, Hypocreales) in epidemic populations of bark beetles (Coleoptera, Scolytinae) in spruce forests of the Tatra National Park in Slovakia. Annals of Forest Research, 64(1), 129-145.",https://www.afrjournal.org/index.php/afr/article/view/2152,full text
3cd970ea-0cac-81e8-b655-e4b3454c11b3,337,Ips typographus,3cd970ea-0cac-81e7-bd37-c7209a5601d7,Metapochonia bulbillosa,Fungi,isolated from infected beetle,,,morphological and molecular,,,Slovakia,2021,"Hyblerová et al., 2021","Hyblerová, S., Medo, J., & Barta, M. (2021). Diversity and prevalence of entomopathogenic fungi (Ascomycota, Hypocreales) in epidemic populations of bark beetles (Coleoptera, Scolytinae) in spruce forests of the Tatra National Park in Slovakia. Annals of Forest Research, 64(1), 129-145.",https://www.afrjournal.org/index.php/afr/article/view/2152,full text
3cd970ea-0cac-81fc-9060-e1b5c9ca090c,338,Ips amitinus,3cd970ea-0cac-815a-a757-ffcc6a0735b5,Beauveria bassiana,Fungi,isolated from infected beetle,,,morphological and molecular,,,Slovakia,2021,"Hyblerová et al., 2021","Hyblerová, S., Medo, J., & Barta, M. (2021). Diversity and prevalence of entomopathogenic fungi (Ascomycota, Hypocreales) in epidemic populations of bark beetles (Coleoptera, Scolytinae) in spruce forests of the Tatra National Park in Slovakia. Annals of Forest Research, 64(1), 129-145.",https://www.afrjournal.org/index.php/afr/article/view/2152,full text
3cd970ea-0cac-8136-8551-c7a8649c5498,339,Ips amitinus,3cd970ea-0cac-815a-a757-ffcc6a0735b5,Beauveria pseudobassiana,Fungi,isolated from infected beetle,,,morphological and molecular,,,Slovakia,2021,"Hyblerová et al., 2021","Hyblerová, S., Medo, J., & Barta, M. (2021). Diversity and prevalence of entomopathogenic fungi (Ascomycota, Hypocreales) in epidemic populations of bark beetles (Coleoptera, Scolytinae) in spruce forests of the Tatra National Park in Slovakia. Annals of Forest Research, 64(1), 129-145.",https://www.afrjournal.org/index.php/afr/article/view/2152,full text
3cd970ea-0cac-81f0-80eb-f488919717bd,340,Pityogenes chalcographus,3cd970ea-0cac-81ae-b124-f43044691162,Beauveria bassiana,Fungi,isolated from infected beetle,,,morphological and molecular,,,Slovakia,2021,"Hyblerová et al., 2021","Hyblerová, S., Medo, J., & Barta, M. (2021). Diversity and prevalence of entomopathogenic fungi (Ascomycota, Hypocreales) in epidemic populations of bark beetles (Coleoptera, Scolytinae) in spruce forests of the Tatra National Park in Slovakia. Annals of Forest Research, 64(1), 129-145.",https://www.afrjournal.org/index.php/afr/article/view/2152,full text
3cd970ea-0cac-8198-ab5f-f92b13eb2d3a,341,Pityogenes chalcographus,3cd970ea-0cac-81ae-b124-f43044691162,Beauveria caledonica,Fungi,isolated from infected beetle,,,morphological and molecular,,,Slovakia,2021,"Hyblerová et al., 2021","Hyblerová, S., Medo, J., & Barta, M. (2021). Diversity and prevalence of entomopathogenic fungi (Ascomycota, Hypocreales) in epidemic populations of bark beetles (Coleoptera, Scolytinae) in spruce forests of the Tatra National Park in Slovakia. Annals of Forest Research, 64(1), 129-145.",https://www.afrjournal.org/index.php/afr/article/view/2152,full text
3cd970ea-0cac-8184-bd24-dd9ff9b0636c,342,Pityogenes chalcographus,3cd970ea-0cac-81ae-b124-f43044691162,Metapochonia bulbillosa,Fungi,isolated from infected beetle,,,morphological and molecular,,,Slovakia,2021,"Hyblerová et al., 2021","Hyblerová, S., Medo, J., & Barta, M. (2021). Diversity and prevalence of entomopathogenic fungi (Ascomycota, Hypocreales) in epidemic populations of bark beetles (Coleoptera, Scolytinae) in spruce forests of the Tatra National Park in Slovakia. Annals of Forest Research, 64(1), 129-145.",https://www.afrjournal.org/index.php/afr/article/view/2152,full text
3cd970ea-0cac-817d-b7ff-ced4c941e357,343,Dendroctonus micans,3cd970ea-0cac-818b-bd09-d27467805361,Bacillus thuringiensis,Bacteria,,,,,,,,1978,"Imnadze, 1978","Imnadze T.S. 1978. Characteristics of strains of Bacillus thuringiensis serotype I isolated from bark
beetles in Georgia. Soobshcheniya Akademii Nauk Gruzinskoi SSR 92, 457-60. In: Review of
Applied Entomology, Ser. A, Vol. 68, 1980, no. 2616, p. 328.",https://www.cabidigitallibrary.org/doi/full/10.5555/19800568800,only English abstract
3cd970ea-0cac-8165-b08f-c567a7e9896e,344,Ips typographus,3cd970ea-0cac-81e7-bd37-c7209a5601d7,Bacillus thuringiensis,Bacteria,,,,,,,,1978,"Imnadze, 1978","Imnadze T.S. 1978. Characteristics of strains of Bacillus thuringiensis serotype I isolated from bark
beetles in Georgia. Soobshcheniya Akademii Nauk Gruzinskoi SSR 92, 457-60. In: Review of
Applied Entomology, Ser. A, Vol. 68, 1980, no. 2616, p. 328.",https://www.cabidigitallibrary.org/doi/full/10.5555/19800568800,only English abstract
3cd970ea-0cac-818b-9cd7-deecfa2900c4,345,Ips typographus,3cd970ea-0cac-81e7-bd37-c7209a5601d7,Beauveria bassiana,Fungi,,cuticular contact,,,pathogenicity test,field,Slovakia,2011,"Jakus and Blazenec, 2011","Jakus, R., & Blazenec, M. (2011). Treatment of bark beetle attacked trees with entomopathogenic fungus Beauveria bassiana (Balsamo) Vuillemin. Folia Forestalia Polonica. Series A. Forestry, 53(2).",https://www.ibles.pl/wp-content/uploads/2023/03/jakus-11-2-8.pdf,full text
3cd970ea-0cac-81a9-89bf-ed6c99870f0a,346,Ips sexdentatus,3cd970ea-0cac-81b2-b8a3-d4a7253b9941,Beauveria bassiana,Fungi,isolated from infected beetle,,,,,,Latvia,2004,"Jankevica, 2004","Jankevica, LĪGA. (2004). Ecological associations between entomopathogenic fungi and pest insects recorded in Latvia. Latvijas entomologs, 41, 60-65.",https://www.researchgate.net/profile/Liga-Jankevica/publication/216140369_Ecological_Asociations_Between_Entomopathogenic_Fungi_and_Pest_Insects_Recorded_in_Latvia/links/02e7e51519a597895a000000/Ecological-Asociations-Between-Entomopathogenic-Fungi-and-Pest-Insects-Recorded-in-Latvia.pdf,full text
3cd970ea-0cac-813a-90e3-fb4fd2ca26c6,347,Tomicus minor,3cd970ea-0cac-8166-a655-c3abab767baf,Beauveria bassiana,Fungi,isolated from infected beetle,,,,,,Latvia,2004,"Jankevica, 2004","Jankevica, LĪGA. (2004). Ecological associations between entomopathogenic fungi and pest insects recorded in Latvia. Latvijas entomologs, 41, 60-65.",https://www.researchgate.net/profile/Liga-Jankevica/publication/216140369_Ecological_Asociations_Between_Entomopathogenic_Fungi_and_Pest_Insects_Recorded_in_Latvia/links/02e7e51519a597895a000000/Ecological-Asociations-Between-Entomopathogenic-Fungi-and-Pest-Insects-Recorded-in-Latvia.pdf,full text
3cd970ea-0cac-81f4-8b4f-c9cb4049e4b7,348,Scolytus scolytus,3cd970ea-0cac-818b-a96b-ee29650d93b8,Bacillus thuringiensis,Bacteria,culture collection,cuticular contact,,,pathogenicity test,laboratory,,1990,"Jassim et al., 1990","Jassim H.K., H.A. Foster & C.P. Fairhurst 1990. Biological control of Dutch elm disease: Bacillus thuringiensis as a potential control agent for Scolytus scolytus and S. multistriatus. Journal of Applied Bacteriology 69, 563-68.",https://doi.org/10.1111/j.1365-2672.1990.tb01549.x,full text
3cd970ea-0cac-8117-9d94-c4009a41832b,349,Scolytus multistriatus,3cd970ea-0cac-81d9-bda0-ca455fdf65b6,Bacillus thuringiensis,Bacteria,culture collection,cuticular contact,,,pathogenicity test,laboratory,,1990,"Jassim et al., 1990","Jassim H.K., H.A. Foster & C.P. Fairhurst 1990. Biological control of Dutch elm disease: Bacillus thuringiensis as a potential control agent for Scolytus scolytus and S. multistriatus. Journal of Applied Bacteriology 69, 563-68.",https://doi.org/10.1111/j.1365-2672.1990.tb01549.x,full text
3cd970ea-0cac-8110-a385-cffcaab906bd,350,Ips calligraphus,3cd970ea-0cac-8173-bd2a-d18690870555,Serratia marcescens,Bacteria,,,,,,,"Florida, United States",1970,"Jouvenaz and Wilkinson, 1970","Jouvenaz D.P. & R.C. Wilkinson 1970. Incidence of Serratia marcescens in Wild Ips calligraphus
Populations in Florida. Journal of Invertebrate Pathology 16, 295-96.",https://doi.org/10.1016/0022-2011(70)90075-3,full text
3cd970ea-0cac-819e-bd3d-f42a7338c6ca,351,Orthotomicus laricis,3cd970ea-0cac-815a-9fd8-cc7d9a98ef8b,Beauveria bassiana,Fungi,isolated from cadaver,,,,,,Slovenia,2004,"Jurc, 2004","Jurc, M. (2004). insect pathogens with special reference to pathogens of bark beetles (COL. Solytidae: Ips typographus L.): preliminary results of isolation of entomopathogenic fungi from two spruce bark beetles in Slovenia. Zbornik gozdarstva in lesarstva. forest and wood science & technology, 74, 97-124.",https://d1wqtxts1xzle7.cloudfront.net/79765775/35288864-libre.pdf?1643398297=&response-content-disposition=inline%3B+filename%3DInsect_pathogens_with_special_reference.pdf&Expires=1784833710&Signature=G31QL04t6qoiHSk7kRQWhyPFBgPMxZ5M6CoW2kHdPG9b6B0m4O9tcVuOv6279hmd2XmBAdT0XkpZ7du1jSICfglNIhBi9ER-H6yJklmFffYIDRnSHhS74uERSKtpP~uMVpX5aE00Irjmg3cphLTByXHv2pxvDe69uvvYlT2lKZz-cxu-uuJJrqB3-mTPulgzqC8hh11KJLbJG~sum8SRd5xKluSPSCDKprKG1FwEKCJHqGBes3FcVMtc0C9zvT2x7GstR2eVJEaEN8UUBlcuwUq1rZe2yFHrfSyy37D0JLGLEQmPWrIE2xH8yYw7DsEHwIC0TIKU-6o2zIl~LDnFsQ__&Key-Pair-Id=APKAJLOHF5GGSLRBV4ZA,full text
3cd970ea-0cac-819f-ada4-d5107b89aa65,352,Dryocoetes autographus,3cd970ea-0cac-81b6-87c6-e583eea30425,Beauveria bassiana,Fungi,isolated from cadaver,,,,,,Slovenia,2004,"Jurc, 2004","Jurc, M. (2004). insect pathogens with special reference to pathogens of bark beetles (COL. Solytidae: Ips typographus L.): preliminary results of isolation of entomopathogenic fungi from two spruce bark beetles in Slovenia. Zbornik gozdarstva in lesarstva. forest and wood science & technology, 74, 97-124.",https://d1wqtxts1xzle7.cloudfront.net/79765775/35288864-libre.pdf?1643398297=&response-content-disposition=inline%3B+filename%3DInsect_pathogens_with_special_reference.pdf&Expires=1784833710&Signature=G31QL04t6qoiHSk7kRQWhyPFBgPMxZ5M6CoW2kHdPG9b6B0m4O9tcVuOv6279hmd2XmBAdT0XkpZ7du1jSICfglNIhBi9ER-H6yJklmFffYIDRnSHhS74uERSKtpP~uMVpX5aE00Irjmg3cphLTByXHv2pxvDe69uvvYlT2lKZz-cxu-uuJJrqB3-mTPulgzqC8hh11KJLbJG~sum8SRd5xKluSPSCDKprKG1FwEKCJHqGBes3FcVMtc0C9zvT2x7GstR2eVJEaEN8UUBlcuwUq1rZe2yFHrfSyy37D0JLGLEQmPWrIE2xH8yYw7DsEHwIC0TIKU-6o2zIl~LDnFsQ__&Key-Pair-Id=APKAJLOHF5GGSLRBV4ZA,full text
3cd970ea-0cac-811c-bea1-ed0ff12895d1,353,Ips typographus,3cd970ea-0cac-81e7-bd37-c7209a5601d7,Beauveria bassiana,Fungi,,,,,,,,1935,Karpinski 1935,"Karpinski J.J. 1935. Les causes qui limitent la reproduction de Bostryches typographes (Ips typographus L. et Ips duplicatus Sahlb.) dans la foret primitive. Inst.Rech.Forets doman., Trav., Compt.rend., Ser. A, Warszawa 15, 1-86, cit. in: Müller-Kögler E. 1965. Pilzkrankheiten bei Insekten. P. Parey.",,non full-text
3cd970ea-0cac-81da-aa23-fc904fc77837,354,Ips typographus,3cd970ea-0cac-81e7-bd37-c7209a5601d7,Metarhizium anisopliae,Fungi,"isolated from cadaver or living beetle, or mycosed",,,,,,Switzerland,2004,"Keller et al., 2004","Keller, S., Epper, C., & Wermelinger, B. (2004). Metarhizium anisopliae as a new pathogen of the spruce bark beetle Ips typographus.",,
3cd970ea-0cac-81a8-9941-f3f8f6a2c37e,355,Ips typographus,3cd970ea-0cac-81e7-bd37-c7209a5601d7,Beauveria bassiana,Fungi,"isolated from cadaver or living beetle, or mycosed",,,,,,Switzerland,2004,"Keller et al., 2004","Keller, S., Epper, C., & Wermelinger, B. (2004). Metarhizium anisopliae as a new pathogen of the spruce bark beetle Ips typographus.",,
3cd970ea-0cac-819d-9c39-d8717822aefe,356,Xylosandrus germanus,3cd970ea-0cac-8125-a3b0-e16e95c7e865,Steinernema feltiae,Nematode,culture collection,,,,pathogenicity test,laboratory,Turkey,2018,"Kepenekci et al., 2018","Kepenekci, I., Toksöz, S., Atay, T., & Saruhan, I. (2018). Efficacyof of entomopathogenic nematode isolates from Turkey and Kyrgyzstan against black timber bark beetle, Xylosandrus germanus (Blandford)(Coleoptera: Curculionidae: Scolytinae) adults. Pakistan Journal of Nematology, 36(1), 65-70.",https://d1wqtxts1xzle7.cloudfront.net/74557428/Efficacyof_of_entomopathogenic_nematode_isolates_from_Turkey_and_Kyrgyzstan_against_black_timber_bark_beetleFuullll-libre.pdf?1636702321=&response-content-disposition=inline%3B+filename%3DEfficacyof_of_entomopathogenic_nematode.pdf&Expires=1784840258&Signature=ex~uA4RC7xqpBBo4Rw7SGxZfxai-lFfXx-EcUrpeOB5R9jxVwFpCASODvwpJJJeRdDiPAA0LZgN-rwAXSj3MH~s-Zcl4HoaQzR9h01IP4eIFCMT2qrQA~OT25cxYGQfK9~Tfg7ixHB2gPNO3~RZ7PeTnPl~MibLrAu19-UoPpeYTza51Z7MWV2wj6HTdpFJIPWuImZHuxO7KxnJ0ithh~ED~E8RK6GVbc5M5-zmdNHgG978JW8Twh7TEiSsYJzuoVPh2cI3FdrsN9UpPyOrWOy0mNRgp0UmJ8wpZbePicfVYcGT0OlHgxIINZDo1wqCajt40CyruC7ypt2HnH7VY7Q__&Key-Pair-Id=APKAJLOHF5GGSLRBV4ZA,full text
3cd970ea-0cac-8187-a7cd-c266d01f3df2,357,Xylosandrus germanus,3cd970ea-0cac-8125-a3b0-e16e95c7e865,Steinernema carpocapsae,Nematode,culture collection,,,,pathogenicity test,laboratory,Turkey,2018,"Kepenekci et al., 2018","Kepenekci, I., Toksöz, S., Atay, T., & Saruhan, I. (2018). Efficacyof of entomopathogenic nematode isolates from Turkey and Kyrgyzstan against black timber bark beetle, Xylosandrus germanus (Blandford)(Coleoptera: Curculionidae: Scolytinae) adults. Pakistan Journal of Nematology, 36(1), 65-70.",https://d1wqtxts1xzle7.cloudfront.net/74557428/Efficacyof_of_entomopathogenic_nematode_isolates_from_Turkey_and_Kyrgyzstan_against_black_timber_bark_beetleFuullll-libre.pdf?1636702321=&response-content-disposition=inline%3B+filename%3DEfficacyof_of_entomopathogenic_nematode.pdf&Expires=1784840258&Signature=ex~uA4RC7xqpBBo4Rw7SGxZfxai-lFfXx-EcUrpeOB5R9jxVwFpCASODvwpJJJeRdDiPAA0LZgN-rwAXSj3MH~s-Zcl4HoaQzR9h01IP4eIFCMT2qrQA~OT25cxYGQfK9~Tfg7ixHB2gPNO3~RZ7PeTnPl~MibLrAu19-UoPpeYTza51Z7MWV2wj6HTdpFJIPWuImZHuxO7KxnJ0ithh~ED~E8RK6GVbc5M5-zmdNHgG978JW8Twh7TEiSsYJzuoVPh2cI3FdrsN9UpPyOrWOy0mNRgp0UmJ8wpZbePicfVYcGT0OlHgxIINZDo1wqCajt40CyruC7ypt2HnH7VY7Q__&Key-Pair-Id=APKAJLOHF5GGSLRBV4ZA,full text
3cd970ea-0cac-81f4-8c2d-d5203c04f8f9,358,Xylosandrus germanus,3cd970ea-0cac-8125-a3b0-e16e95c7e865,Heterorhabditis bacteriophora,Nematode,culture collection,,,,pathogenicity test,laboratory,Turkey,2018,"Kepenekci et al., 2018","Kepenekci, I., Toksöz, S., Atay, T., & Saruhan, I. (2018). Efficacyof of entomopathogenic nematode isolates from Turkey and Kyrgyzstan against black timber bark beetle, Xylosandrus germanus (Blandford)(Coleoptera: Curculionidae: Scolytinae) adults. Pakistan Journal of Nematology, 36(1), 65-70.",https://d1wqtxts1xzle7.cloudfront.net/74557428/Efficacyof_of_entomopathogenic_nematode_isolates_from_Turkey_and_Kyrgyzstan_against_black_timber_bark_beetleFuullll-libre.pdf?1636702321=&response-content-disposition=inline%3B+filename%3DEfficacyof_of_entomopathogenic_nematode.pdf&Expires=1784840258&Signature=ex~uA4RC7xqpBBo4Rw7SGxZfxai-lFfXx-EcUrpeOB5R9jxVwFpCASODvwpJJJeRdDiPAA0LZgN-rwAXSj3MH~s-Zcl4HoaQzR9h01IP4eIFCMT2qrQA~OT25cxYGQfK9~Tfg7ixHB2gPNO3~RZ7PeTnPl~MibLrAu19-UoPpeYTza51Z7MWV2wj6HTdpFJIPWuImZHuxO7KxnJ0ithh~ED~E8RK6GVbc5M5-zmdNHgG978JW8Twh7TEiSsYJzuoVPh2cI3FdrsN9UpPyOrWOy0mNRgp0UmJ8wpZbePicfVYcGT0OlHgxIINZDo1wqCajt40CyruC7ypt2HnH7VY7Q__&Key-Pair-Id=APKAJLOHF5GGSLRBV4ZA,full text
3cd970ea-0cac-8102-8c3a-e30c3eea5746,359,Xylosandrus germanus,3cd970ea-0cac-8125-a3b0-e16e95c7e865,Steinernema feltiae,Nematode,culture collection,,,,pathogenicity test,laboratory,Kyrgyzstan,2018,"Kepenekci et al., 2018","Kepenekci, I., Toksöz, S., Atay, T., & Saruhan, I. (2018). Efficacyof of entomopathogenic nematode isolates from Turkey and Kyrgyzstan against black timber bark beetle, Xylosandrus germanus (Blandford)(Coleoptera: Curculionidae: Scolytinae) adults. Pakistan Journal of Nematology, 36(1), 65-70.",https://d1wqtxts1xzle7.cloudfront.net/74557428/Efficacyof_of_entomopathogenic_nematode_isolates_from_Turkey_and_Kyrgyzstan_against_black_timber_bark_beetleFuullll-libre.pdf?1636702321=&response-content-disposition=inline%3B+filename%3DEfficacyof_of_entomopathogenic_nematode.pdf&Expires=1784840258&Signature=ex~uA4RC7xqpBBo4Rw7SGxZfxai-lFfXx-EcUrpeOB5R9jxVwFpCASODvwpJJJeRdDiPAA0LZgN-rwAXSj3MH~s-Zcl4HoaQzR9h01IP4eIFCMT2qrQA~OT25cxYGQfK9~Tfg7ixHB2gPNO3~RZ7PeTnPl~MibLrAu19-UoPpeYTza51Z7MWV2wj6HTdpFJIPWuImZHuxO7KxnJ0ithh~ED~E8RK6GVbc5M5-zmdNHgG978JW8Twh7TEiSsYJzuoVPh2cI3FdrsN9UpPyOrWOy0mNRgp0UmJ8wpZbePicfVYcGT0OlHgxIINZDo1wqCajt40CyruC7ypt2HnH7VY7Q__&Key-Pair-Id=APKAJLOHF5GGSLRBV4ZA,full text
3cd970ea-0cac-81ff-a4cc-ff93021f5741,360,Xylosandrus germanus,3cd970ea-0cac-8125-a3b0-e16e95c7e865,Steinernema carpocapsae,Nematode,culture collection,,,,pathogenicity test,laboratory,Kyrgyzstan,2018,"Kepenekci et al., 2018","Kepenekci, I., Toksöz, S., Atay, T., & Saruhan, I. (2018). Efficacyof of entomopathogenic nematode isolates from Turkey and Kyrgyzstan against black timber bark beetle, Xylosandrus germanus (Blandford)(Coleoptera: Curculionidae: Scolytinae) adults. Pakistan Journal of Nematology, 36(1), 65-70.",https://d1wqtxts1xzle7.cloudfront.net/74557428/Efficacyof_of_entomopathogenic_nematode_isolates_from_Turkey_and_Kyrgyzstan_against_black_timber_bark_beetleFuullll-libre.pdf?1636702321=&response-content-disposition=inline%3B+filename%3DEfficacyof_of_entomopathogenic_nematode.pdf&Expires=1784840258&Signature=ex~uA4RC7xqpBBo4Rw7SGxZfxai-lFfXx-EcUrpeOB5R9jxVwFpCASODvwpJJJeRdDiPAA0LZgN-rwAXSj3MH~s-Zcl4HoaQzR9h01IP4eIFCMT2qrQA~OT25cxYGQfK9~Tfg7ixHB2gPNO3~RZ7PeTnPl~MibLrAu19-UoPpeYTza51Z7MWV2wj6HTdpFJIPWuImZHuxO7KxnJ0ithh~ED~E8RK6GVbc5M5-zmdNHgG978JW8Twh7TEiSsYJzuoVPh2cI3FdrsN9UpPyOrWOy0mNRgp0UmJ8wpZbePicfVYcGT0OlHgxIINZDo1wqCajt40CyruC7ypt2HnH7VY7Q__&Key-Pair-Id=APKAJLOHF5GGSLRBV4ZA,full text
3cd970ea-0cac-81bf-ba4b-d3eb0a274566,361,Polygraphus proximus,3cd970ea-0cac-81e2-af3f-e4a87a58cfcb,Beauveria bassiana,Fungi,isolated from cadaver,cuticular contact,pathogen,molecular,pathogenicity test,laboratory,Russia,2017,"Kerchev et al., 2017","Kerchev, I. A., Kryukov, V. Y., Yaroslavtseva, O. N., Polovinko, G. P., Tokarev, Y. S., & Glupov, V. V. (2017). The first data on fungal pathogens (ascomycota, hypocreales) in the invasive populations of four-eyed fir bark beetle Polygraphus proximus Blandf. Russian journal of biological invasions, 8(1), 34-40.",https://doi.org/10.1134/S2075111717010040,full text
3cd970ea-0cac-8105-9a72-f1b24e4b4f34,362,Polygraphus proximus,3cd970ea-0cac-81e2-af3f-e4a87a58cfcb,Beauveria pseudobassiana,Fungi,isolated from cadaver,,pathogen,molecular,,,Russia,2017,"Kerchev et al., 2017","Kerchev, I. A., Kryukov, V. Y., Yaroslavtseva, O. N., Polovinko, G. P., Tokarev, Y. S., & Glupov, V. V. (2017). The first data on fungal pathogens (ascomycota, hypocreales) in the invasive populations of four-eyed fir bark beetle Polygraphus proximus Blandf. Russian journal of biological invasions, 8(1), 34-40.",https://doi.org/10.1134/S2075111717010040,full text
3cd970ea-0cac-81fe-8b09-dd8335a4ffa9,363,Polygraphus proximus,3cd970ea-0cac-81e2-af3f-e4a87a58cfcb,Isaria farinosa,Fungi,isolated from cadaver,cuticular contact,pathogen,morphological,pathogenicity test,laboratory,Russia,2017,"Kerchev et al., 2017","Kerchev, I. A., Kryukov, V. Y., Yaroslavtseva, O. N., Polovinko, G. P., Tokarev, Y. S., & Glupov, V. V. (2017). The first data on fungal pathogens (ascomycota, hypocreales) in the invasive populations of four-eyed fir bark beetle Polygraphus proximus Blandf. Russian journal of biological invasions, 8(1), 34-40.",https://doi.org/10.1134/S2075111717010040,full text
3cd970ea-0cac-8196-8158-f13df2ec77e8,364,Polygraphus proximus,3cd970ea-0cac-81e2-af3f-e4a87a58cfcb,Lecanicillium attenuatum,Fungi,isolated from cadaver,,pathogen,molecular,,,Russia,2017,"Kerchev et al., 2017","Kerchev, I. A., Kryukov, V. Y., Yaroslavtseva, O. N., Polovinko, G. P., Tokarev, Y. S., & Glupov, V. V. (2017). The first data on fungal pathogens (ascomycota, hypocreales) in the invasive populations of four-eyed fir bark beetle Polygraphus proximus Blandf. Russian journal of biological invasions, 8(1), 34-40.",https://doi.org/10.1134/S2075111717010040,full text
3cd970ea-0cac-81e1-9cec-ddfa4dc45471,365,Ips typographus,3cd970ea-0cac-81e7-bd37-c7209a5601d7,Gregarina typographi,Protist,evaluation of pathogens from beetles,,,,,,Georgia,2007,"Kereselidze and Wegensteiner, 2007","Kereselidze, M., & Wegensteiner, R. (2007). Occurrence of pathogens and parasites in Ips typographus L. from spruce stands (Picea orientalis L.) in Georgia. IOBC wprs Bulletin, 30(1), 207.",https://www.researchgate.net/profile/Milan-Pernek/publication/311344954_Occurence_of_Gregarina_typographi_Sporozoa_Gregarinidae_and_Metschnikowia_cf_typographi_Ascomycota_Metschnikowiacae_in_Ips_sexdentatus_Coleoptera_Scolytidae_from_Austria/links/5f16b54d92851cd5fa39b48c/Occurence-of-Gregarina-typographi-Sporozoa-Gregarinidae-and-Metschnikowia-cf-typographi-Ascomycota-Metschnikowiacae-in-Ips-sexdentatus-Coleoptera-Scolytidae-from-Austria.pdf#page=206,full text
3cd970ea-0cac-8110-82b6-eb3828b9a8a4,366,Ips typographus,3cd970ea-0cac-81e7-bd37-c7209a5601d7,Contortylenchus diplogaster,Nematode,evaluation of pathogens from beetles,hemocoel,,,,,Georgia,2007,"Kereselidze and Wegensteiner, 2007","Kereselidze, M., & Wegensteiner, R. (2007). Occurrence of pathogens and parasites in Ips typographus L. from spruce stands (Picea orientalis L.) in Georgia. IOBC wprs Bulletin, 30(1), 207.",https://www.researchgate.net/profile/Milan-Pernek/publication/311344954_Occurence_of_Gregarina_typographi_Sporozoa_Gregarinidae_and_Metschnikowia_cf_typographi_Ascomycota_Metschnikowiacae_in_Ips_sexdentatus_Coleoptera_Scolytidae_from_Austria/links/5f16b54d92851cd5fa39b48c/Occurence-of-Gregarina-typographi-Sporozoa-Gregarinidae-and-Metschnikowia-cf-typographi-Ascomycota-Metschnikowiacae-in-Ips-sexdentatus-Coleoptera-Scolytidae-from-Austria.pdf#page=206,full text
3cd970ea-0cac-81a5-9bee-f864c950b53d,367,Ips typographus,3cd970ea-0cac-81e7-bd37-c7209a5601d7,un identified entomopathogenic fungus,Fungi,evaluation of pathogens from beetles,,,,,,Georgia,2007,"Kereselidze and Wegensteiner, 2007","Kereselidze, M., & Wegensteiner, R. (2007). Occurrence of pathogens and parasites in Ips typographus L. from spruce stands (Picea orientalis L.) in Georgia. IOBC wprs Bulletin, 30(1), 207.",https://www.researchgate.net/profile/Milan-Pernek/publication/311344954_Occurence_of_Gregarina_typographi_Sporozoa_Gregarinidae_and_Metschnikowia_cf_typographi_Ascomycota_Metschnikowiacae_in_Ips_sexdentatus_Coleoptera_Scolytidae_from_Austria/links/5f16b54d92851cd5fa39b48c/Occurence-of-Gregarina-typographi-Sporozoa-Gregarinidae-and-Metschnikowia-cf-typographi-Ascomycota-Metschnikowiacae-in-Ips-sexdentatus-Coleoptera-Scolytidae-from-Austria.pdf#page=206,full text
3cd970ea-0cac-81e0-8e7c-e21b93e8eabc,368,Ips typographus,3cd970ea-0cac-81e7-bd37-c7209a5601d7,Chytridiopsis typographi,Microsporidia,,,,,,,Georgia,2010,"Kereselidze et al., 2010","Kereselidze, M., Wegensteiner, R., Goginashvili, N., Tvaradze, M., & Pilarska, D. (2010). Further studies on the occurrence of natural enemies of Ips typographus (Coleoptera: Curculionidae: Scolytinae) in Georgia. Acta zool. bulg, 62(2), 131-139.",https://acta-zoologica-bulgarica.eu/downloads/acta-zoologica-bulgarica/2010/62-2-131-140.pdf,full text
3cd970ea-0cac-8106-9077-c40dc990f344,369,Ips typographus,3cd970ea-0cac-81e7-bd37-c7209a5601d7,Gregarina typographi,Protist,,,,,,,Georgia,2010,"Kereselidze et al., 2010","Kereselidze, M., Wegensteiner, R., Goginashvili, N., Tvaradze, M., & Pilarska, D. (2010). Further studies on the occurrence of natural enemies of Ips typographus (Coleoptera: Curculionidae: Scolytinae) in Georgia. Acta zool. bulg, 62(2), 131-139.",https://acta-zoologica-bulgarica.eu/downloads/acta-zoologica-bulgarica/2010/62-2-131-140.pdf,full text
3cd970ea-0cac-8108-a3cc-c9d140631f3a,370,Ips typographus,3cd970ea-0cac-81e7-bd37-c7209a5601d7,Fusarium sp.,Fungi,,,,,,,Georgia,2010,"Kereselidze et al., 2010","Kereselidze, M., Wegensteiner, R., Goginashvili, N., Tvaradze, M., & Pilarska, D. (2010). Further studies on the occurrence of natural enemies of Ips typographus (Coleoptera: Curculionidae: Scolytinae) in Georgia. Acta zool. bulg, 62(2), 131-139.",https://acta-zoologica-bulgarica.eu/downloads/acta-zoologica-bulgarica/2010/62-2-131-140.pdf,full text
3cd970ea-0cac-811f-97ea-f7995a8bf1e2,371,Ips typographus,3cd970ea-0cac-81e7-bd37-c7209a5601d7,Contortylenchus diplogaster,Nematode,,,,,,,Georgia,2010,"Kereselidze et al., 2010","Kereselidze, M., Wegensteiner, R., Goginashvili, N., Tvaradze, M., & Pilarska, D. (2010). Further studies on the occurrence of natural enemies of Ips typographus (Coleoptera: Curculionidae: Scolytinae) in Georgia. Acta zool. bulg, 62(2), 131-139.",https://acta-zoologica-bulgarica.eu/downloads/acta-zoologica-bulgarica/2010/62-2-131-140.pdf,full text
3cd970ea-0cac-8171-aec5-cdfb21476102,372,Ips stebbingi,3cd970ea-0cac-8100-b437-d247ebd09746,Beauveria bassiana,Fungi,commercial strain,cuticular contact,pathogen,,virulence test,laboratory,India,2018,"Khanday et al., 2018","Khanday, A. L., Buhroo, A. A., Ranjith, A. P., & Kerchev, I. A. (2018). Evaluating the efficacy of entomopathogenic fungi against the bark beetle, Ips stebbingi Strohmeyer (Coleoptera, Curculionidae: Scolytinae) in India. Entomological Review, 98(8), 985-994.",https://doi.org/10.1134/S0013873818080055,full text
3cd970ea-0cac-813f-bbbd-d7fcc9279f2b,373,Ips stebbingi,3cd970ea-0cac-8100-b437-d247ebd09746,Lecanicillium lecanii,Fungi,commercial strain,cuticular contact,pathogen,,virulence test,laboratory,India,2018,"Khanday et al., 2018","Khanday, A. L., Buhroo, A. A., Ranjith, A. P., & Kerchev, I. A. (2018). Evaluating the efficacy of entomopathogenic fungi against the bark beetle, Ips stebbingi Strohmeyer (Coleoptera, Curculionidae: Scolytinae) in India. Entomological Review, 98(8), 985-994.",https://doi.org/10.1134/S0013873818080055,full text
3cd970ea-0cac-8117-af3f-f75fe3d742e1,374,Ips stebbingi,3cd970ea-0cac-8100-b437-d247ebd09746,Metarhizium anisopliae,Fungi,commercial strain,cuticular contact,pathogen,,virulence test,laboratory,India,2018,"Khanday et al., 2018","Khanday, A. L., Buhroo, A. A., Ranjith, A. P., & Kerchev, I. A. (2018). Evaluating the efficacy of entomopathogenic fungi against the bark beetle, Ips stebbingi Strohmeyer (Coleoptera, Curculionidae: Scolytinae) in India. Entomological Review, 98(8), 985-994.",https://doi.org/10.1134/S0013873818080055,full text
3cd970ea-0cac-8144-9e8d-fb534a947d6e,375,Polygraphus major,3cd970ea-0cac-816f-ba1e-f5c72273ea51,Beauveria bassiana,Fungi,commercial strain,cuticular contact,pathogen,,virulence test,laboratory,India,2018,"Khanday et al., 2018","Khanday, A. L., & Buhroo, A. A. (2018). An assessment of biological control of Polygraphus major Stebbing, 1903 (Coleoptera: Curculionidae) by entomopathogenic fungi. Journal of Forest Science, 64(4), 178-186.",https://doi.org/10.17221/140/2017-JFS,full text
3cd970ea-0cac-81b0-b987-fb0ac44712f4,376,Polygraphus major,3cd970ea-0cac-816f-ba1e-f5c72273ea51,Lecanicillium lecanii,Fungi,commercial strain,cuticular contact,pathogen,,virulence test,laboratory,India,2018,"Khanday et al., 2018","Khanday, A. L., & Buhroo, A. A. (2018). An assessment of biological control of Polygraphus major Stebbing, 1903 (Coleoptera: Curculionidae) by entomopathogenic fungi. Journal of Forest Science, 64(4), 178-186.",https://doi.org/10.17221/140/2017-JFS,full text
3cd970ea-0cac-811d-8da3-c0d4df333c0c,377,Polygraphus major,3cd970ea-0cac-816f-ba1e-f5c72273ea51,Metarhizium anisopliae,Fungi,commercial strain,cuticular contact,pathogen,,virulence test,laboratory,India,2018,"Khanday et al., 2018","Khanday, A. L., & Buhroo, A. A. (2018). An assessment of biological control of Polygraphus major Stebbing, 1903 (Coleoptera: Curculionidae) by entomopathogenic fungi. Journal of Forest Science, 64(4), 178-186.",https://doi.org/10.17221/140/2017-JFS,full text
3cd970ea-0cac-81bc-acec-d3c07abd964f,378,Pityogenes scitus,3cd970ea-0cac-819e-862c-c359beedb806,Beauveria bassiana,Fungi,commercial strain,cuticular contact,pathogen,,virulence test,laboratory,India,2018,"Khanday et al., 2018","Khanday, A. L., Buhroo, A. A., Ranjith, A. P., & Mazur, S. (2018). Laboratory evaluation of entomopathogenic fungi as biological control agents against the bark beetle Pityogenes scitus Blandford (Coleoptera: Curculionidae) in Kashmir. Folia Forestalia Polonica. Series A. Forestry, 60(2).",https://doi.org/10.2478/ffp-2018-0008,full text
3cd970ea-0cac-81ef-8e82-e17ed39ecec0,379,Pityogenes scitus,3cd970ea-0cac-819e-862c-c359beedb806,Lecanicillium lecanii,Fungi,commercial strain,cuticular contact,pathogen,,virulence test,laboratory,India,2018,"Khanday et al., 2018","Khanday, A. L., Buhroo, A. A., Ranjith, A. P., & Mazur, S. (2018). Laboratory evaluation of entomopathogenic fungi as biological control agents against the bark beetle Pityogenes scitus Blandford (Coleoptera: Curculionidae) in Kashmir. Folia Forestalia Polonica. Series A. Forestry, 60(2).",https://doi.org/10.2478/ffp-2018-0008,full text
3cd970ea-0cac-814a-b967-c76e77c2a201,380,Pityogenes scitus,3cd970ea-0cac-819e-862c-c359beedb806,Metarhizium anisopliae,Fungi,commercial strain,cuticular contact,pathogen,,virulence test,laboratory,India,2018,"Khanday et al., 2018","Khanday, A. L., Buhroo, A. A., Ranjith, A. P., & Mazur, S. (2018). Laboratory evaluation of entomopathogenic fungi as biological control agents against the bark beetle Pityogenes scitus Blandford (Coleoptera: Curculionidae) in Kashmir. Folia Forestalia Polonica. Series A. Forestry, 60(2).",https://doi.org/10.2478/ffp-2018-0008,full text
3cd970ea-0cac-8148-a802-d11f44b256e8,381,Dendroctonus frontalis,3cd970ea-0cac-81b5-b18d-f10167e662e3,Contortylenchus brevicomi,Nematode,,,parasite,,,,,1981,"Kinn and Stephen, 1981","Kinn, D. N., & Stephen, F. M. (1981). The incidence of endoparasitism of Dendroctonus frontalis Zimm.(Coleoptera: Scolytidae) by Contortylenchus brevicomi (Massey) Rühm (Nematoda: Sphaerulariidae) 1. Zeitschrift für Angewandte Entomologie, 91(1‐5), 452-458.",https://doi.org/10.1111/j.1439-0418.1981.tb04503.x,full text
3cd970ea-0cac-81ea-9cc5-e6b14f1af690,382,Dryocoetes autographus,3cd970ea-0cac-81b6-87c6-e583eea30425,Malamoeba scolyti,Protist,,,parasite,,,,Germany,1985,"Kirchhoff and Führer, 1985","Kirchhoff J.-F. & E. Führer 1985. Häufigkeit und Verbreitung von Malamoeba scolyti Purrini bei
Dryocoetes autographus in einigen Gebieten Nord- und Nordwestdeutschlands.
Forstwissenschaftliches Centralblatt 104, 373-80.",https://doi.org/10.1007/BF02740733,full text
3cd970ea-0cac-816c-bac1-f413e0116bb7,383,Hylurgops palliatus,3cd970ea-0cac-816f-b74a-dc5ef373dcda,Malamoeba scolyti,Protist,,,parasite,,,,Germany,1985,"Kirchhoff and Führer, 1985","Kirchhoff J.-F. & E. Führer 1985. Häufigkeit und Verbreitung von Malamoeba scolyti Purrini bei
Dryocoetes autographus in einigen Gebieten Nord- und Nordwestdeutschlands.
Forstwissenschaftliches Centralblatt 104, 373-80.",https://doi.org/10.1007/BF02740733,full text
3cd970ea-0cac-81ef-abd7-cdc0de5cf9c4,384,Dryocoetes autographus,3cd970ea-0cac-81b6-87c6-e583eea30425,Malamoeba scolyti,Protist,,,parasite,,,,,1990,"Kirchhoff and Führer, 1990","Kirchhoff J.-F. & E. Führer 1990. Experimentelle Analyse der Infektion und des Entwicklungszyklus von
Malamoeba scolyti in Dryocoetes autographus (Coleoptera: Scolytidae). Entomophaga 35 (4), 537-
44.",https://doi.org/10.1007/BF02375088,full text
3cd970ea-0cac-8129-b74d-ffe52fb36f88,385,Crypturgus pusillus,3cd970ea-0cac-81dc-ae3a-e71210daa3de,Beauveria caledonica,Fungi,detected from beetle,,pathogen,,,,Europe,2001,"Kirschner, 2001","Kirschner R. 2001. Diversity of Filamentous Fungi in Bark Beetle Galleries in Central Europe. In:
Trichomycetes and Other Fungal Groups: Professor Robert W. Lichtwardt Commemoration Volume,
Editors-J. K. Misra and Bruce W. Horn, Science Publishers, Inc., Enfield (NH), USA, 175-96.",,
3cd970ea-0cac-816b-b2f5-c56a10cc1ab1,386,Dryocoetes autographus,3cd970ea-0cac-81b6-87c6-e583eea30425,Beauveria caledonica,Fungi,detected from beetle,,pathogen,,,,Europe,2001,"Kirschner, 2001","Kirschner R. 2001. Diversity of Filamentous Fungi in Bark Beetle Galleries in Central Europe. In:
Trichomycetes and Other Fungal Groups: Professor Robert W. Lichtwardt Commemoration Volume,
Editors-J. K. Misra and Bruce W. Horn, Science Publishers, Inc., Enfield (NH), USA, 175-96.",,
3cd970ea-0cac-8135-b922-fd616569ff29,387,Hylurgops palliatus,3cd970ea-0cac-816f-b74a-dc5ef373dcda,Beauveria caledonica,Fungi,detected from beetle,,pathogen,,,,Europe,2001,"Kirschner, 2001","Kirschner R. 2001. Diversity of Filamentous Fungi in Bark Beetle Galleries in Central Europe. In:
Trichomycetes and Other Fungal Groups: Professor Robert W. Lichtwardt Commemoration Volume,
Editors-J. K. Misra and Bruce W. Horn, Science Publishers, Inc., Enfield (NH), USA, 175-96.",,
3cd970ea-0cac-81d3-87be-d21ecd7fd809,388,Ips typographus,3cd970ea-0cac-81e7-bd37-c7209a5601d7,Beauveria caledonica,Fungi,detected from beetle,,pathogen,,,,Europe,2001,"Kirschner, 2001","Kirschner R. 2001. Diversity of Filamentous Fungi in Bark Beetle Galleries in Central Europe. In:
Trichomycetes and Other Fungal Groups: Professor Robert W. Lichtwardt Commemoration Volume,
Editors-J. K. Misra and Bruce W. Horn, Science Publishers, Inc., Enfield (NH), USA, 175-96.",,
3cd970ea-0cac-81bb-b207-d64de78c92fe,389,Orthotomicus laricis,3cd970ea-0cac-815a-9fd8-cc7d9a98ef8b,Beauveria caledonica,Fungi,detected from beetle,,pathogen,,,,Europe,2001,"Kirschner, 2001","Kirschner R. 2001. Diversity of Filamentous Fungi in Bark Beetle Galleries in Central Europe. In:
Trichomycetes and Other Fungal Groups: Professor Robert W. Lichtwardt Commemoration Volume,
Editors-J. K. Misra and Bruce W. Horn, Science Publishers, Inc., Enfield (NH), USA, 175-96.",,
3cd970ea-0cac-816e-b8aa-ea84946c93f0,390,Pityogenes chalcographus,3cd970ea-0cac-81ae-b124-f43044691162,Beauveria caledonica,Fungi,detected from beetle,,pathogen,,,,Europe,2001,"Kirschner, 2001","Kirschner R. 2001. Diversity of Filamentous Fungi in Bark Beetle Galleries in Central Europe. In:
Trichomycetes and Other Fungal Groups: Professor Robert W. Lichtwardt Commemoration Volume,
Editors-J. K. Misra and Bruce W. Horn, Science Publishers, Inc., Enfield (NH), USA, 175-96.",,
3cd970ea-0cac-8114-8d52-d09d115ebe2b,391,Polygraphus poligraphus,3cd970ea-0cac-8198-96bc-d4687d039075,Beauveria caledonica,Fungi,detected from beetle,,pathogen,,,,Europe,2001,"Kirschner, 2001","Kirschner R. 2001. Diversity of Filamentous Fungi in Bark Beetle Galleries in Central Europe. In:
Trichomycetes and Other Fungal Groups: Professor Robert W. Lichtwardt Commemoration Volume,
Editors-J. K. Misra and Bruce W. Horn, Science Publishers, Inc., Enfield (NH), USA, 175-96.",,
3cd970ea-0cac-81a7-846e-ef67bff6e29f,392,Cryphalus piceae,3cd970ea-0cac-8127-8699-fc85f19203f8,Beauveria bassiana,Fungi,detected from beetle,,pathogen,,,,Europe,2001,"Kirschner, 2001","Kirschner R. 2001. Diversity of Filamentous Fungi in Bark Beetle Galleries in Central Europe. In:
Trichomycetes and Other Fungal Groups: Professor Robert W. Lichtwardt Commemoration Volume,
Editors-J. K. Misra and Bruce W. Horn, Science Publishers, Inc., Enfield (NH), USA, 175-96.",,
3cd970ea-0cac-8138-8d66-dc77d510902e,393,Crypturgus cinereus,3cd970ea-0cac-8154-a74d-e3d36f4fa42e,Beauveria bassiana,Fungi,detected from beetle,,pathogen,,,,Europe,2001,"Kirschner, 2001","Kirschner R. 2001. Diversity of Filamentous Fungi in Bark Beetle Galleries in Central Europe. In:
Trichomycetes and Other Fungal Groups: Professor Robert W. Lichtwardt Commemoration Volume,
Editors-J. K. Misra and Bruce W. Horn, Science Publishers, Inc., Enfield (NH), USA, 175-96.",,
3cd970ea-0cac-8153-ad07-fbe2db914b82,394,Crypturgus pusillus,3cd970ea-0cac-81dc-ae3a-e71210daa3de,Beauveria bassiana,Fungi,detected from beetle,,pathogen,,,,Europe,2001,"Kirschner, 2001","Kirschner R. 2001. Diversity of Filamentous Fungi in Bark Beetle Galleries in Central Europe. In:
Trichomycetes and Other Fungal Groups: Professor Robert W. Lichtwardt Commemoration Volume,
Editors-J. K. Misra and Bruce W. Horn, Science Publishers, Inc., Enfield (NH), USA, 175-96.",,
3cd970ea-0cac-8144-b596-c98b7ca227b6,395,Dryocoetes autographus,3cd970ea-0cac-81b6-87c6-e583eea30425,Beauveria bassiana,Fungi,detected from beetle,,pathogen,,,,Europe,2001,"Kirschner, 2001","Kirschner R. 2001. Diversity of Filamentous Fungi in Bark Beetle Galleries in Central Europe. In:
Trichomycetes and Other Fungal Groups: Professor Robert W. Lichtwardt Commemoration Volume,
Editors-J. K. Misra and Bruce W. Horn, Science Publishers, Inc., Enfield (NH), USA, 175-96.",,
3cd970ea-0cac-8147-83e1-e36d3f263cdc,396,Hylurgops palliatus,3cd970ea-0cac-816f-b74a-dc5ef373dcda,Beauveria bassiana,Fungi,detected from beetle,,pathogen,,,,Europe,2001,"Kirschner, 2001","Kirschner R. 2001. Diversity of Filamentous Fungi in Bark Beetle Galleries in Central Europe. In:
Trichomycetes and Other Fungal Groups: Professor Robert W. Lichtwardt Commemoration Volume,
Editors-J. K. Misra and Bruce W. Horn, Science Publishers, Inc., Enfield (NH), USA, 175-96.",,
3cd970ea-0cac-8196-b9ae-c4736aad9a49,397,Ips sexdentatus,3cd970ea-0cac-81b2-b8a3-d4a7253b9941,Beauveria bassiana,Fungi,detected from beetle,,pathogen,,,,Europe,2001,"Kirschner, 2001","Kirschner R. 2001. Diversity of Filamentous Fungi in Bark Beetle Galleries in Central Europe. In:
Trichomycetes and Other Fungal Groups: Professor Robert W. Lichtwardt Commemoration Volume,
Editors-J. K. Misra and Bruce W. Horn, Science Publishers, Inc., Enfield (NH), USA, 175-96.",,
3cd970ea-0cac-811c-893a-cc397c3c5a44,398,Ips typographus,3cd970ea-0cac-81e7-bd37-c7209a5601d7,Beauveria bassiana,Fungi,detected from beetle,,pathogen,,,,Europe,2001,"Kirschner, 2001","Kirschner R. 2001. Diversity of Filamentous Fungi in Bark Beetle Galleries in Central Europe. In:
Trichomycetes and Other Fungal Groups: Professor Robert W. Lichtwardt Commemoration Volume,
Editors-J. K. Misra and Bruce W. Horn, Science Publishers, Inc., Enfield (NH), USA, 175-96.",,
3cd970ea-0cac-81bf-add7-c1005803338b,399,Hylesinus fraxini,3cd970ea-0cac-81a9-88a2-fe7f33707b1c,Beauveria bassiana,Fungi,detected from beetle,,pathogen,,,,Europe,2001,"Kirschner, 2001","Kirschner R. 2001. Diversity of Filamentous Fungi in Bark Beetle Galleries in Central Europe. In:
Trichomycetes and Other Fungal Groups: Professor Robert W. Lichtwardt Commemoration Volume,
Editors-J. K. Misra and Bruce W. Horn, Science Publishers, Inc., Enfield (NH), USA, 175-96.",,
3cd970ea-0cac-81c5-8a4b-edc76f339a90,400,Orthotomicus laricis,3cd970ea-0cac-815a-9fd8-cc7d9a98ef8b,Beauveria bassiana,Fungi,detected from beetle,,pathogen,,,,Europe,2001,"Kirschner, 2001","Kirschner R. 2001. Diversity of Filamentous Fungi in Bark Beetle Galleries in Central Europe. In:
Trichomycetes and Other Fungal Groups: Professor Robert W. Lichtwardt Commemoration Volume,
Editors-J. K. Misra and Bruce W. Horn, Science Publishers, Inc., Enfield (NH), USA, 175-96.",,
3cd970ea-0cac-81db-a045-c0aae28192c3,401,Pityogenes chalcographus,3cd970ea-0cac-81ae-b124-f43044691162,Beauveria bassiana,Fungi,detected from beetle,,pathogen,,,,Europe,2001,"Kirschner, 2001","Kirschner R. 2001. Diversity of Filamentous Fungi in Bark Beetle Galleries in Central Europe. In:
Trichomycetes and Other Fungal Groups: Professor Robert W. Lichtwardt Commemoration Volume,
Editors-J. K. Misra and Bruce W. Horn, Science Publishers, Inc., Enfield (NH), USA, 175-96.",,
3cd970ea-0cac-819d-a6a7-f2068d02b384,402,Polygraphus poligraphus,3cd970ea-0cac-8198-96bc-d4687d039075,Beauveria bassiana,Fungi,detected from beetle,,pathogen,,,,Europe,2001,"Kirschner, 2001","Kirschner R. 2001. Diversity of Filamentous Fungi in Bark Beetle Galleries in Central Europe. In:
Trichomycetes and Other Fungal Groups: Professor Robert W. Lichtwardt Commemoration Volume,
Editors-J. K. Misra and Bruce W. Horn, Science Publishers, Inc., Enfield (NH), USA, 175-96.",,
3cd970ea-0cac-81b4-a655-c4ed514e3147,403,Trypodendron lineatum,3cd970ea-0cac-81f6-9fae-dff5cefc9112,Beauveria bassiana,Fungi,detected from beetle,,pathogen,,,,Europe,2001,"Kirschner, 2001","Kirschner R. 2001. Diversity of Filamentous Fungi in Bark Beetle Galleries in Central Europe. In:
Trichomycetes and Other Fungal Groups: Professor Robert W. Lichtwardt Commemoration Volume,
Editors-J. K. Misra and Bruce W. Horn, Science Publishers, Inc., Enfield (NH), USA, 175-96.",,
3cd970ea-0cac-8141-b60a-d53b1aefb7c8,404,Ips sexdentatus,3cd970ea-0cac-81b2-b8a3-d4a7253b9941,Metschnikowia cf. typographi,Fungi,detected from beetle,,,morphological and molecular,,,Austria,2017,"Kleespies et al., 2017","Kleespies, R. G., Lim, Y. W., Tkaczuk, C., Wrzosek, M., Steinwender, B. M., & Wegensteiner, R. (2017). Metschnikowia cf. typographi and other pathogens from the bark beetle Ips sexdentatus–Prevalence, histological and ultrastructural evidence, and molecular characterization. Journal of invertebrate pathology, 143, 69-78.",https://doi.org/10.1016/j.jip.2016.11.015,full text
3cd970ea-0cac-81a1-93a9-f7a0cd11214f,405,Ips sexdentatus,3cd970ea-0cac-81b2-b8a3-d4a7253b9941,Gregarina typographi,Protist,detected from beetle,,,,,,Poland,2017,"Kleespies et al., 2017","Kleespies, R. G., Lim, Y. W., Tkaczuk, C., Wrzosek, M., Steinwender, B. M., & Wegensteiner, R. (2017). Metschnikowia cf. typographi and other pathogens from the bark beetle Ips sexdentatus–Prevalence, histological and ultrastructural evidence, and molecular characterization. Journal of invertebrate pathology, 143, 69-78.",https://doi.org/10.1016/j.jip.2016.11.015,full text
3cd970ea-0cac-81eb-b3f2-eedbdd9209d1,406,Ips sexdentatus,3cd970ea-0cac-81b2-b8a3-d4a7253b9941,Beauveria bassiana,Fungi,detected from beetle,,,morphological,,,Austria,2017,"Kleespies et al., 2017","Kleespies, R. G., Lim, Y. W., Tkaczuk, C., Wrzosek, M., Steinwender, B. M., & Wegensteiner, R. (2017). Metschnikowia cf. typographi and other pathogens from the bark beetle Ips sexdentatus–Prevalence, histological and ultrastructural evidence, and molecular characterization. Journal of invertebrate pathology, 143, 69-78.",https://doi.org/10.1016/j.jip.2016.11.015,full text
3cd970ea-0cac-8138-8cc9-e7f21b4bc2dd,407,Ips sexdentatus,3cd970ea-0cac-81b2-b8a3-d4a7253b9941,Gregarina typographi,Protist,detected from beetle,,,,,,Poland,2017,"Kleespies et al., 2017","Kleespies, R. G., Lim, Y. W., Tkaczuk, C., Wrzosek, M., Steinwender, B. M., & Wegensteiner, R. (2017). Metschnikowia cf. typographi and other pathogens from the bark beetle Ips sexdentatus–Prevalence, histological and ultrastructural evidence, and molecular characterization. Journal of invertebrate pathology, 143, 69-78.",https://doi.org/10.1016/j.jip.2016.11.015,full text
3cd970ea-0cac-81fb-bf9a-f6577474eb4e,408,Ips sexdentatus,3cd970ea-0cac-81b2-b8a3-d4a7253b9941,Gregarina typographi,Protist,detected from beetle,,,,,,Austria,2017,"Kleespies et al., 2017","Kleespies, R. G., Lim, Y. W., Tkaczuk, C., Wrzosek, M., Steinwender, B. M., & Wegensteiner, R. (2017). Metschnikowia cf. typographi and other pathogens from the bark beetle Ips sexdentatus–Prevalence, histological and ultrastructural evidence, and molecular characterization. Journal of invertebrate pathology, 143, 69-78.",https://doi.org/10.1016/j.jip.2016.11.015,full text
3cd970ea-0cac-8160-964b-e2b560a510fa,409,Polygraphus poligraphus,3cd970ea-0cac-8198-96bc-d4687d039075,Anguillulina orta,Nematode,,,,,,,Germany,1944,"Kleine, 1944","Kleine, R. (1944). Die europäischen Borkenkäfer und die bei ihnen lebenden Räuber Parasiten und Commensalen.(Ipidae). Publications of famous biologists-a collection of prints.",https://rcin.org.pl/ibd/dlibra/publication/93088/edition/71275?language=en,full text
3cd970ea-0cac-8185-b94b-c09735190c82,410,Xyleborus dispar,3cd970ea-0cac-8194-8ff7-e26f1f5f57a2,Anguillonema pinguicauda,Nematode,,,,,,,Germany,1944,"Kleine, 1944","Kleine, R. (1944). Die europäischen Borkenkäfer und die bei ihnen lebenden Räuber Parasiten und Commensalen.(Ipidae). Publications of famous biologists-a collection of prints.",https://rcin.org.pl/ibd/dlibra/publication/93088/edition/71275?language=en,full text
3cd970ea-0cac-81b8-baa3-ffb13ddadec0,411,Polygraphus poligraphus,3cd970ea-0cac-8198-96bc-d4687d039075,Anguillonema pinguicauda,Nematode,,,,,,,Germany,1944,"Kleine, 1944","Kleine, R. (1944). Die europäischen Borkenkäfer und die bei ihnen lebenden Räuber Parasiten und Commensalen.(Ipidae). Publications of famous biologists-a collection of prints.",https://rcin.org.pl/ibd/dlibra/publication/93088/edition/71275?language=en,full text
3cd970ea-0cac-815a-ad1d-e9819258a845,412,Ips typographus,3cd970ea-0cac-81e7-bd37-c7209a5601d7,Telosporidium typographi,Protist,,,,,,,Germany,1944,"Kleine, 1944","Kleine, R. (1944). Die europäischen Borkenkäfer und die bei ihnen lebenden Räuber Parasiten und Commensalen.(Ipidae). Publications of famous biologists-a collection of prints.",https://rcin.org.pl/ibd/dlibra/publication/93088/edition/71275?language=en,full text
3cd970ea-0cac-8130-ab44-cb7ef6f0bd84,413,Pityogenes chalcographus,3cd970ea-0cac-81ae-b124-f43044691162,Telosporidium chalcographi,Protist,,,,,,,Germany,1944,"Kleine, 1944","Kleine, R. (1944). Die europäischen Borkenkäfer und die bei ihnen lebenden Räuber Parasiten und Commensalen.(Ipidae). Publications of famous biologists-a collection of prints.",https://rcin.org.pl/ibd/dlibra/publication/93088/edition/71275?language=en,full text
3cd970ea-0cac-81ff-b0bd-e0fcb85af69b,414,Dendroctonus frontalis,3cd970ea-0cac-81b5-b18d-f10167e662e3,Unikaryon minutum,Microsporidia,,malpighian tubules; fat body; midgut,parasite,,,,United States,1978,"Knell and Allen, 1978","Knell J.D. & G.E. Allen 1978. Morphology and Ultrastructure of Unikaryon minutum sp.n. (Microsporidia: Protozoa), a Parasite of the Southern Pine Beetle, Dendroctonus frontalis. Acta Protozoologica 17, 271-78.",https://www.cabidigitallibrary.org/doi/full/10.5555/19780850046,full text
3cd970ea-0cac-8103-8874-c7ae1b89e886,415,Dendroctonus micans,3cd970ea-0cac-818b-bd09-d27467805361,Beauveria pseudobassiana,Fungi,culture collection,cuticular contact,pathogen,morphological and molecular,virulence test,laboratory,Turkey,2015,"Kocacevik et al., 2015","Kocacevik, S., Sevim, A., Eroglu, M., Demirbag, Z. İ. H. N. İ., & Demir, I. (2015). Molecular characterization, virulence and horizontal transmission of B eauveria pseudobassiana from D endroctonus micans (K ug.)(C oleoptera: C urculionidae). Journal of Applied Entomology, 139(5), 381-389.",https://doi.org/10.1111/jen.12181,full text
3cd970ea-0cac-81aa-9e02-cdc3b800c41a,416,Ips sexdentatus,3cd970ea-0cac-81b2-b8a3-d4a7253b9941,Beauveria pseudobassiana,Fungi,culture collection,cuticular contact,pathogen,morphological and molecular,virulence test,laboratory,Turkey,2016,"Kocacevik et al., 2016","Kocacevik, S., Sevim, A., Eroğlu, M., Demirbağ, Z., & Demir, I. (2016). Virulence and horizontal transmission of Beauveria pseudobassiana SA Rehner & Humber in Ips sexdentatus and Ips typographus (Coleoptera: Curculionidae). Turkish Journal of Agriculture and Forestry, 40(2), 241-248.",https://doi.org/10.3906/tar-1504-64,full text
3cd970ea-0cac-8113-b435-e86da4dad2bc,417,Tomicus piniperda,3cd970ea-0cac-8130-bbd3-e29afac9abf6,Canningia tomici,Microsporidia,,midgut epithelium; malpighian tubules; gut muscules; gonads,,,,,,2003,"Kohlmayr et al., 2003","Kohlmayr B., J. Weiser, R. Wegensteiner, U. Händel & Z. Zizka 2003. Infection of Tomicus piniperda (Col., Scolytidae) with Canningia tomici sp.n. (Microsporidia, Unikaryonidae). Journal of Pest Science 76, 65-73.",https://doi.org/10.1046/j.1439-0280.2003.03013.x,full text
3cd970ea-0cac-817c-b81a-f5b0f9a71e80,418,Tomicus piniperda,3cd970ea-0cac-8130-bbd3-e29afac9abf6,Beauveria bassiana,Fungi,,cuticular contact,pathogen,,pathogenicity test; resistance test,laboratory,Latvia,2012,"Krams et al., 2012","Krams, I., Daukšte, J., Kivleniece, I., Brūmelis, G., Cibuļskis, R., Āboliņš-Ābols, M., ... & Krama, T. (2012). Drought-induced positive feedback in xylophagous insects: Easier invasion of Scots pine leading to greater investment in immunity of emerging individuals. Forest Ecology and Management, 270, 147-152.",https://doi.org/10.1016/j.foreco.2012.01.012,full text
3cd970ea-0cac-81e7-8a00-e0f65771fa1a,419,Dendroctonus ponderosae,3cd970ea-0cac-8190-bc06-f7745f245114,Gemycircularvirus sp.,Virus,,,occurrence survey,,,,"Arizona, United States",2018,"Kraberger et al., 2018","Kraberger, S., Hofstetter, R. W., Potter, K. A., & Varsani, A. (2018). Genomoviruses associated with mountain and western pine beetles. Virus research, 256, 17-20.",https://doi.org/10.1016/j.virusres.2018.07.019,full text
3cd970ea-0cac-8199-a1e6-f60fec846d44,420,Dendroctonus ponderosae,3cd970ea-0cac-8190-bc06-f7745f245114,Gemykibivirus sp.,Virus,,,occurrence survey,,,,"Arizona, United States",2018,"Kraberger et al., 2018","Kraberger, S., Hofstetter, R. W., Potter, K. A., & Varsani, A. (2018). Genomoviruses associated with mountain and western pine beetles. Virus research, 256, 17-20.",https://doi.org/10.1016/j.virusres.2018.07.019,full text
3cd970ea-0cac-81ff-8faf-fca75530cd51,421,Ips typographus,3cd970ea-0cac-81e7-bd37-c7209a5601d7,Beauveria bassiana,Fungi,,,,,,,,2000,"Kreutz et al., 2000a","Kreutz J., G. Zimmermann, H. Marohn, O. Vaupel & G. Mosbacher 2000a. Möglichkeiten des Einsatzes von Beauveria bassiana (Bals.) Vuill. und anderen Kontrollmethoden zur biologischen Bekämpfung des Buchdruckers Ips typographus L. (Col., Scolytidae) im Freiland. Mitteilungen der Deutschen
Gesellschaft für allgemeine und angewandte Entomologie 12, 119-25.",,non full-text
3cd970ea-0cac-8130-b6be-c9d5bfbccc18,422,Ips typographus,3cd970ea-0cac-81e7-bd37-c7209a5601d7,Beauveria bassiana,Fungi,,,,,pathogenicity test,laboratory,Germany,2000,"Kreutz et al., 2000b","Kreutz J., G. Zimmermann, H. Marohn, O. Vaupel & G. Mosbacher 2000b. Preliminary investigations on the use of Beauveria bassiana (Bals.) Vuill. and other control methods against the bark beetle Ips typographus (Col., Scolytidae) in the field. IOBC/wprs Bulletin 23 (2), 167-73.",https://www.cabidigitallibrary.org/doi/full/10.5555/20023034882,only English abstract
3cd970ea-0cac-81b6-814e-c45f3b3c2edd,423,Ips typographus,3cd970ea-0cac-81e7-bd37-c7209a5601d7,Beauveria bassiana,Fungi,commercial strain; isolated from beetle,,,,virulence test,laboratory,,2004,"Kreutz et al., 2004","Kreutz, J., Vaupel, O., & Zimmermann, G. (2004). Efficacy of Beauveria bassiana (Bals.) Vuill. against the spruce bark beetle, Ips typographus L., in the laboratory under various conditions. Journal of Applied Entomology, 128(6), 384-389.",https://doi.org/10.1111/j.1439-0418.2004.00813.x,full text
3cd970ea-0cac-8186-8e3e-e02ece2044ca,424,Ips typographus,3cd970ea-0cac-81e7-bd37-c7209a5601d7,Beauveria bassiana,Fungi,commercial strain,cuticular contact,pathogen,,transmission test,laboratory and field,Germany,2010,"Kreutz et al., 2010","Kreutz, J., Zimmermann, G., & Vaupel, O. (2004). Horizontal transmission of the entomopathogenic fungus Beauveria bassiana among the spruce bark beetle, Ips typographus (Col., Scolytidae) in the laboratory and under field conditions. Biocontrol Science and Technology, 14(8), 837-848.",https://doi.org/10.1080/788222844,full text
3cd970ea-0cac-818d-9122-d1025f1ce0ad,425,Xylosandrus germanus,3cd970ea-0cac-8125-a3b0-e16e95c7e865,Isaria fumosorosea,Fungi,culture collection; isolated from Hyphantria cunea,cuticular contact,,,virulence test,laboratory,Turkey,2018,"Kushiyev et al., 2018","Kushiyev, R., Tuncer, C., Erper, I., Ozdemir, I. O., & Saruhan, I. (2018). Efficacy of native entomopathogenic fungus, Isaria fumosorosea, against bark and ambrosia beetles, Anisandrus dispar Fabricius and Xylosandrus germanus Blandford (Coleoptera: Curculionidae: Scolytinae). Egyptian Journal of Biological Pest Control, 28(1), 55.",https://doi.org/10.1186/s41938-018-0062-z,full text
3cd970ea-0cac-8141-89e7-feea745b390e,426,Xyleborus dispar,3cd970ea-0cac-8194-8ff7-e26f1f5f57a2,Isaria fumosorosea,Fungi,culture collection; isolated from Hyphantria cunea,cuticular contact,,,virulence test,laboratory,Turkey,2018,"Kushiyev et al., 2018","Kushiyev, R., Tuncer, C., Erper, I., Ozdemir, I. O., & Saruhan, I. (2018). Efficacy of native entomopathogenic fungus, Isaria fumosorosea, against bark and ambrosia beetles, Anisandrus dispar Fabricius and Xylosandrus germanus Blandford (Coleoptera: Curculionidae: Scolytinae). Egyptian Journal of Biological Pest Control, 28(1), 55.",https://doi.org/10.1186/s41938-018-0062-z,full text
3cd970ea-0cac-818f-8932-ebd2c11fedce,427,Xylosandrus germanus,3cd970ea-0cac-8125-a3b0-e16e95c7e865,Beauveria bassiana,Fungi,isolated from cadaver and infected beetle,cuticular contact,pathogen,molecular,virulence test,laboratory,Turkey,2022,"Kushiyev et al., 2022","Kushiyev, R., Tunçer, C., Özdemir, İ. O., Erper, İ., Kalendar, R., Alkan, M., & Özer, G. (2022). Molecular characterization of native entomopathogenic fungi from ambrosia beetles in hazelnut orchards of Turkey and evaluation of their in vitro efficacy. Insects, 13(9), 824.",https://doi.org/10.3390/insects13090824,full text
3cd970ea-0cac-813a-9279-f5a84ac479d0,428,Xyleborinus saxesenii,3cd970ea-0cac-81b7-b512-e9576c08933b,Beauveria bassiana,Fungi,isolated from cadaver and infected beetle,cuticular contact,pathogen,molecular,virulence test,laboratory,Turkey,2022,"Kushiyev et al., 2022","Kushiyev, R., Tunçer, C., Özdemir, İ. O., Erper, İ., Kalendar, R., Alkan, M., & Özer, G. (2022). Molecular characterization of native entomopathogenic fungi from ambrosia beetles in hazelnut orchards of Turkey and evaluation of their in vitro efficacy. Insects, 13(9), 824.",https://doi.org/10.3390/insects13090824,full text
3cd970ea-0cac-8107-a145-d1d08dc24660,429,Xyleborus dispar,3cd970ea-0cac-8194-8ff7-e26f1f5f57a2,Beauveria bassiana,Fungi,isolated from cadaver and infected beetle,cuticular contact,pathogen,molecular,virulence test,laboratory,Turkey,2022,"Kushiyev et al., 2022","Kushiyev, R., Tunçer, C., Özdemir, İ. O., Erper, İ., Kalendar, R., Alkan, M., & Özer, G. (2022). Molecular characterization of native entomopathogenic fungi from ambrosia beetles in hazelnut orchards of Turkey and evaluation of their in vitro efficacy. Insects, 13(9), 824.",https://doi.org/10.3390/insects13090824,full text
3cd970ea-0cac-8102-bc8f-f1b3e2932833,430,Xylosandrus germanus,3cd970ea-0cac-8125-a3b0-e16e95c7e865,Beauveria pseudobassiana,Fungi,isolated from cadaver and infected beetle,cuticular contact,pathogen,molecular,virulence test,laboratory,Turkey,2022,"Kushiyev et al., 2022","Kushiyev, R., Tunçer, C., Özdemir, İ. O., Erper, İ., Kalendar, R., Alkan, M., & Özer, G. (2022). Molecular characterization of native entomopathogenic fungi from ambrosia beetles in hazelnut orchards of Turkey and evaluation of their in vitro efficacy. Insects, 13(9), 824.",https://doi.org/10.3390/insects13090824,full text
3cd970ea-0cac-816c-ba6b-df5d9804c705,431,Xyleborinus saxesenii,3cd970ea-0cac-81b7-b512-e9576c08933b,Beauveria pseudobassiana,Fungi,isolated from cadaver and infected beetle,cuticular contact,pathogen,molecular,virulence test,laboratory,Turkey,2022,"Kushiyev et al., 2022","Kushiyev, R., Tunçer, C., Özdemir, İ. O., Erper, İ., Kalendar, R., Alkan, M., & Özer, G. (2022). Molecular characterization of native entomopathogenic fungi from ambrosia beetles in hazelnut orchards of Turkey and evaluation of their in vitro efficacy. Insects, 13(9), 824.",https://doi.org/10.3390/insects13090824,full text
3cd970ea-0cac-813f-9f31-dedc60a1f97a,432,Xyleborus dispar,3cd970ea-0cac-8194-8ff7-e26f1f5f57a2,Beauveria pseudobassiana,Fungi,isolated from cadaver and infected beetle,cuticular contact,pathogen,molecular,virulence test,laboratory,Turkey,2022,"Kushiyev et al., 2022","Kushiyev, R., Tunçer, C., Özdemir, İ. O., Erper, İ., Kalendar, R., Alkan, M., & Özer, G. (2022). Molecular characterization of native entomopathogenic fungi from ambrosia beetles in hazelnut orchards of Turkey and evaluation of their in vitro efficacy. Insects, 13(9), 824.",https://doi.org/10.3390/insects13090824,full text
3cd970ea-0cac-816d-8965-ec40cacb49e6,433,Xylosandrus germanus,3cd970ea-0cac-8125-a3b0-e16e95c7e865,Cordyceps fumosorosea,Fungi,isolated from cadaver and infected beetle,cuticular contact,pathogen,molecular,virulence test,laboratory,Turkey,2022,"Kushiyev et al., 2022","Kushiyev, R., Tunçer, C., Özdemir, İ. O., Erper, İ., Kalendar, R., Alkan, M., & Özer, G. (2022). Molecular characterization of native entomopathogenic fungi from ambrosia beetles in hazelnut orchards of Turkey and evaluation of their in vitro efficacy. Insects, 13(9), 824.",https://doi.org/10.3390/insects13090824,full text
3cd970ea-0cac-816d-b444-e95dfbe8fcff,434,Xyleborinus saxesenii,3cd970ea-0cac-81b7-b512-e9576c08933b,Cordyceps fumosorosea,Fungi,isolated from cadaver and infected beetle,cuticular contact,pathogen,molecular,virulence test,laboratory,Turkey,2022,"Kushiyev et al., 2022","Kushiyev, R., Tunçer, C., Özdemir, İ. O., Erper, İ., Kalendar, R., Alkan, M., & Özer, G. (2022). Molecular characterization of native entomopathogenic fungi from ambrosia beetles in hazelnut orchards of Turkey and evaluation of their in vitro efficacy. Insects, 13(9), 824.",https://doi.org/10.3390/insects13090824,full text
3cd970ea-0cac-81cc-b295-f8d8d2b1268a,435,Xyleborus dispar,3cd970ea-0cac-8194-8ff7-e26f1f5f57a2,Cordyceps fumosorosea,Fungi,isolated from cadaver and infected beetle,cuticular contact,pathogen,molecular,virulence test,laboratory,Turkey,2022,"Kushiyev et al., 2022","Kushiyev, R., Tunçer, C., Özdemir, İ. O., Erper, İ., Kalendar, R., Alkan, M., & Özer, G. (2022). Molecular characterization of native entomopathogenic fungi from ambrosia beetles in hazelnut orchards of Turkey and evaluation of their in vitro efficacy. Insects, 13(9), 824.",https://doi.org/10.3390/insects13090824,full text
3cd970ea-0cac-81c8-9e44-d2bc70bec251,436,Xyleborus dispar,3cd970ea-0cac-8194-8ff7-e26f1f5f57a2,Cordyceps farinosa,Fungi,isolated from cadaver and infected beetle,cuticular contact,pathogen,molecular,virulence test,laboratory,Turkey,2022,"Kushiyev et al., 2022","Kushiyev, R., Tunçer, C., Özdemir, İ. O., Erper, İ., Kalendar, R., Alkan, M., & Özer, G. (2022). Molecular characterization of native entomopathogenic fungi from ambrosia beetles in hazelnut orchards of Turkey and evaluation of their in vitro efficacy. Insects, 13(9), 824.",https://doi.org/10.3390/insects13090824,full text
3cd970ea-0cac-81ad-9c23-d0140f45bf87,437,Xylosandrus germanus,3cd970ea-0cac-8125-a3b0-e16e95c7e865,Akanthomyces lecanii,Fungi,isolated from cadaver and infected beetle,cuticular contact,pathogen,molecular,virulence test,laboratory,Turkey,2022,"Kushiyev et al., 2022","Kushiyev, R., Tunçer, C., Özdemir, İ. O., Erper, İ., Kalendar, R., Alkan, M., & Özer, G. (2022). Molecular characterization of native entomopathogenic fungi from ambrosia beetles in hazelnut orchards of Turkey and evaluation of their in vitro efficacy. Insects, 13(9), 824.",https://doi.org/10.3390/insects13090824,full text
3cd970ea-0cac-818b-90f1-eafe88d01dde,438,Xyleborinus saxesenii,3cd970ea-0cac-81b7-b512-e9576c08933b,Akanthomyces lecanii,Fungi,isolated from cadaver and infected beetle,cuticular contact,pathogen,molecular,virulence test,laboratory,Turkey,2022,"Kushiyev et al., 2022","Kushiyev, R., Tunçer, C., Özdemir, İ. O., Erper, İ., Kalendar, R., Alkan, M., & Özer, G. (2022). Molecular characterization of native entomopathogenic fungi from ambrosia beetles in hazelnut orchards of Turkey and evaluation of their in vitro efficacy. Insects, 13(9), 824.",https://doi.org/10.3390/insects13090824,full text
3cd970ea-0cac-81a7-97f3-c31ead0ec733,439,Xyleborus dispar,3cd970ea-0cac-8194-8ff7-e26f1f5f57a2,Akanthomyces lecanii,Fungi,isolated from cadaver and infected beetle,cuticular contact,pathogen,molecular,virulence test,laboratory,Turkey,2022,"Kushiyev et al., 2022","Kushiyev, R., Tunçer, C., Özdemir, İ. O., Erper, İ., Kalendar, R., Alkan, M., & Özer, G. (2022). Molecular characterization of native entomopathogenic fungi from ambrosia beetles in hazelnut orchards of Turkey and evaluation of their in vitro efficacy. Insects, 13(9), 824.",https://doi.org/10.3390/insects13090824,full text
3cd970ea-0cac-817d-8025-e73652f0ba76,440,Xyleborus dispar,3cd970ea-0cac-8194-8ff7-e26f1f5f57a2,Purpureocillium lilacinum,Fungi,isolated from cadaver and infected beetle,cuticular contact,pathogen,molecular,virulence test,laboratory,Turkey,2022,"Kushiyev et al., 2022","Kushiyev, R., Tunçer, C., Özdemir, İ. O., Erper, İ., Kalendar, R., Alkan, M., & Özer, G. (2022). Molecular characterization of native entomopathogenic fungi from ambrosia beetles in hazelnut orchards of Turkey and evaluation of their in vitro efficacy. Insects, 13(9), 824.",https://doi.org/10.3390/insects13090824,full text
3cd970ea-0cac-819b-9a9c-e7d35daa9dcb,441,Xylosandrus germanus,3cd970ea-0cac-8125-a3b0-e16e95c7e865,Purpureocillium lilacinum,Fungi,isolated from cadaver and infected beetle,cuticular contact,pathogen,molecular,virulence test,laboratory,Turkey,2022,"Kushiyev et al., 2022","Kushiyev, R., Tunçer, C., Özdemir, İ. O., Erper, İ., Kalendar, R., Alkan, M., & Özer, G. (2022). Molecular characterization of native entomopathogenic fungi from ambrosia beetles in hazelnut orchards of Turkey and evaluation of their in vitro efficacy. Insects, 13(9), 824.",https://doi.org/10.3390/insects13090824,full text
3cd970ea-0cac-819e-a495-c6096c00f11a,442,Xyleborus dispar,3cd970ea-0cac-8194-8ff7-e26f1f5f57a2,Clonostachys rosea,Fungi,isolated from cadaver and infected beetle,cuticular contact,pathogen,molecular,virulence test,laboratory,Turkey,2022,"Kushiyev et al., 2022","Kushiyev, R., Tunçer, C., Özdemir, İ. O., Erper, İ., Kalendar, R., Alkan, M., & Özer, G. (2022). Molecular characterization of native entomopathogenic fungi from ambrosia beetles in hazelnut orchards of Turkey and evaluation of their in vitro efficacy. Insects, 13(9), 824.",https://doi.org/10.3390/insects13090824,full text
3cd970ea-0cac-8198-89c7-ecc0305258fb,443,Xylosandrus germanus,3cd970ea-0cac-8125-a3b0-e16e95c7e865,Clonostachys rosea,Fungi,isolated from cadaver and infected beetle,cuticular contact,pathogen,molecular,virulence test,laboratory,Turkey,2022,"Kushiyev et al., 2022","Kushiyev, R., Tunçer, C., Özdemir, İ. O., Erper, İ., Kalendar, R., Alkan, M., & Özer, G. (2022). Molecular characterization of native entomopathogenic fungi from ambrosia beetles in hazelnut orchards of Turkey and evaluation of their in vitro efficacy. Insects, 13(9), 824.",https://doi.org/10.3390/insects13090824,full text
3cd970ea-0cac-81fd-a5bb-d560b10981a3,444,Xyleborus dispar,3cd970ea-0cac-8194-8ff7-e26f1f5f57a2,Metarhizium anisopliae,Fungi,isolated from cadaver and infected beetle,cuticular contact,pathogen,molecular,virulence test,laboratory,Turkey,2022,"Kushiyev et al., 2022","Kushiyev, R., Tunçer, C., Özdemir, İ. O., Erper, İ., Kalendar, R., Alkan, M., & Özer, G. (2022). Molecular characterization of native entomopathogenic fungi from ambrosia beetles in hazelnut orchards of Turkey and evaluation of their in vitro efficacy. Insects, 13(9), 824.",https://doi.org/10.3390/insects13090824,full text
3cd970ea-0cac-8145-8238-cff6f027290a,445,Xylosandrus germanus,3cd970ea-0cac-8125-a3b0-e16e95c7e865,Metarhizium anisopliae,Fungi,isolated from cadaver and infected beetle,cuticular contact,pathogen,molecular,virulence test,laboratory,Turkey,2022,"Kushiyev et al., 2022","Kushiyev, R., Tunçer, C., Özdemir, İ. O., Erper, İ., Kalendar, R., Alkan, M., & Özer, G. (2022). Molecular characterization of native entomopathogenic fungi from ambrosia beetles in hazelnut orchards of Turkey and evaluation of their in vitro efficacy. Insects, 13(9), 824.",https://doi.org/10.3390/insects13090824,full text
3cd970ea-0cac-81c6-8e62-dccfca3d77c9,446,Ips typographus,3cd970ea-0cac-81e7-bd37-c7209a5601d7,Beauveria sp.,Fungi,isolated from beetle,,pathogen; occurrence survey,,,laboratory,Czech Republic,2001,"Landa et al., 2001a","Landa Z., P. Hornak, L.S. Osborne, A. Novakova & E. Bursova 2001. Entomogenous fungi associated with spruce bark beetle Ips typographus L. (Coleoptera, Scolytidae) in the Bohemian Forest. Silva Gabreta 6, 250-72.",https://www.npsumava.cz/wp-content/uploads/2019/06/sg6_landaetal.pdf,full text
3cd970ea-0cac-8113-8b41-c3cf770cd726,447,Ips typographus,3cd970ea-0cac-81e7-bd37-c7209a5601d7,Beauveria bassiana,Fungi,isolated from beetle,,pathogen; occurrence survey,,,laboratory,Czech Republic,2001,"Landa et al., 2001a","Landa Z., P. Hornak, L.S. Osborne, A. Novakova & E. Bursova 2001. Entomogenous fungi associated with spruce bark beetle Ips typographus L. (Coleoptera, Scolytidae) in the Bohemian Forest. Silva Gabreta 6, 250-72.",https://www.npsumava.cz/wp-content/uploads/2019/06/sg6_landaetal.pdf,full text
3cd970ea-0cac-81d6-be56-c757cd33e6e3,448,Ips typographus,3cd970ea-0cac-81e7-bd37-c7209a5601d7,Isaria sp,Fungi,isolated from beetle,,pathogen; occurrence survey,,,laboratory,Czech Republic,2001,"Landa et al., 2001a","Landa Z., P. Hornak, L.S. Osborne, A. Novakova & E. Bursova 2001. Entomogenous fungi associated with spruce bark beetle Ips typographus L. (Coleoptera, Scolytidae) in the Bohemian Forest. Silva Gabreta 6, 250-72.",https://www.npsumava.cz/wp-content/uploads/2019/06/sg6_landaetal.pdf,full text
3cd970ea-0cac-810d-8dc8-de68b5b42a9f,449,Ips typographus,3cd970ea-0cac-81e7-bd37-c7209a5601d7,Isaria farinosa,Fungi,isolated from beetle,,pathogen; occurrence survey,,,laboratory,Czech Republic,2001,"Landa et al., 2001a","Landa Z., P. Hornak, L.S. Osborne, A. Novakova & E. Bursova 2001. Entomogenous fungi associated with spruce bark beetle Ips typographus L. (Coleoptera, Scolytidae) in the Bohemian Forest. Silva Gabreta 6, 250-72.",https://www.npsumava.cz/wp-content/uploads/2019/06/sg6_landaetal.pdf,full text
3cd970ea-0cac-8143-bc06-d5b458862eaa,450,Ips typographus,3cd970ea-0cac-81e7-bd37-c7209a5601d7,Isaria fumosorosea,Fungi,isolated from beetle,,pathogen; occurrence survey,,,laboratory,Czech Republic,2001,"Landa et al., 2001a","Landa Z., P. Hornak, L.S. Osborne, A. Novakova & E. Bursova 2001. Entomogenous fungi associated with spruce bark beetle Ips typographus L. (Coleoptera, Scolytidae) in the Bohemian Forest. Silva Gabreta 6, 250-72.",https://www.npsumava.cz/wp-content/uploads/2019/06/sg6_landaetal.pdf,full text
3cd970ea-0cac-81c7-a536-c5008c9d768c,451,Ips typographus,3cd970ea-0cac-81e7-bd37-c7209a5601d7,Isaria penicillatus,Fungi,isolated from beetle,,pathogen; occurrence survey,,,laboratory,Czech Republic,2001,"Landa et al., 2001a","Landa Z., P. Hornak, L.S. Osborne, A. Novakova & E. Bursova 2001. Entomogenous fungi associated with spruce bark beetle Ips typographus L. (Coleoptera, Scolytidae) in the Bohemian Forest. Silva Gabreta 6, 250-72.",https://www.npsumava.cz/wp-content/uploads/2019/06/sg6_landaetal.pdf,full text
3cd970ea-0cac-81e3-b401-ddabf0e6db16,452,Ips typographus,3cd970ea-0cac-81e7-bd37-c7209a5601d7,Lecanicillium lecanii,Fungi,isolated from beetle,,pathogen; occurrence survey,,,laboratory,Czech Republic,2001,"Landa et al., 2001a","Landa Z., P. Hornak, L.S. Osborne, A. Novakova & E. Bursova 2001. Entomogenous fungi associated with spruce bark beetle Ips typographus L. (Coleoptera, Scolytidae) in the Bohemian Forest. Silva Gabreta 6, 250-72.",https://www.npsumava.cz/wp-content/uploads/2019/06/sg6_landaetal.pdf,full text
3cd970ea-0cac-8148-b81c-c4ec863494e8,454,Ips typographus,3cd970ea-0cac-81e7-bd37-c7209a5601d7,nematodes,Nematode,,hemocoel,,,,,,1997,"Laucius and Zolubas, 1997","Laucius S. & P. Zolubas 1997. Spruce bark beetle (Ips typographus L.) dynamics in forest reserve in 1995-1996. Miskininkyste 1 (39), 84-92.",https://www.cabidigitallibrary.org/doi/full/10.5555/19980614602,only English abstract
3cd970ea-0cac-81a0-95e3-ee4114b2f28a,455,Ips typographus,3cd970ea-0cac-81e7-bd37-c7209a5601d7,nematodes,Nematode,,midgut,,,,,,1997,"Laucius and Zolubas, 1997","Laucius S. & P. Zolubas 1997. Spruce bark beetle (Ips typographus L.) dynamics in forest reserve in 1995-1996. Miskininkyste 1 (39), 84-92.",https://www.cabidigitallibrary.org/doi/full/10.5555/19980614602,only English abstract
3cd970ea-0cac-8199-b315-e3ef1b8ace17,456,Hylastes ater,3cd970ea-0cac-81ae-9426-f1fe79be2612,Beauveria bassiana,Fungi,,,,,,,,1970,"Leatherdale, 1970","Leatherdale D. 1970. The arthropod hosts of entomogenous fungi in Britain. Entomophaga 15, 419-35.",https://link.springer.com/content/pdf/10.1007/BF02370311?utm_source=scopus&getft_integrator=scopus,full text
3cd970ea-0cac-8138-be66-de0b76e31ee0,457,Hylastinus obscurus,3cd970ea-0cac-81ab-baaa-ebe54b4f855f,Beauveria bassiana,Fungi,isolated from cadaver,,association report,morphological and molecular,,,"Oregon, United States",2016,"Lestari, 2016","Lestari, A. S. (2016). Isolation and pathogenicity of naturally occurring entomopathogenic fungi to clover root borer (Coleoptera: Curculionidae: Scolytinae), a pest of red clover seed crops.",https://ir.library.oregonstate.edu/concern/graduate_thesis_or_dissertations/44558h780,full text
3cd970ea-0cac-81e8-b906-db6fd915fcbb,458,Hylastinus obscurus,3cd970ea-0cac-81ab-baaa-ebe54b4f855f,Beauveria pseudobassiana,Fungi,isolated from cadaver,,association report,morphological and molecular,,,"Oregon, United States",2016,"Lestari, 2016","Lestari, A. S. (2016). Isolation and pathogenicity of naturally occurring entomopathogenic fungi to clover root borer (Coleoptera: Curculionidae: Scolytinae), a pest of red clover seed crops.",https://ir.library.oregonstate.edu/concern/graduate_thesis_or_dissertations/44558h780,full text
3cd970ea-0cac-8152-9f60-e928d08955a2,459,Tomicus piniperda,3cd970ea-0cac-8130-bbd3-e29afac9abf6,Paecilomyces farinosus,Fungi,isolated from infected beetle,cuticular contact,pathogen,,pathogenicity test,laboratory and field,China,2003,"Li et al., 2003",Application of entomopathogenic fungi in the integrated management of Tomicus piniperda,寄生真菌在松纵坑切梢小蠹综合防治中的应用,full text
3cd970ea-0cac-81e8-a0af-f44a23d40577,460,Tomicus piniperda,3cd970ea-0cac-8130-bbd3-e29afac9abf6,Beauveria bassiana,Fungi,isolated from infected beetle,cuticular contact,pathogen,,pathogenicity test,laboratory and field,China,2003,"Li et al., 2003",Application of entomopathogenic fungi in the integrated management of Tomicus piniperda,寄生真菌在松纵坑切梢小蠹综合防治中的应用,full text
3cd970ea-0cac-817d-a8fe-fe5152e51e89,461,Tomicus piniperda,3cd970ea-0cac-8130-bbd3-e29afac9abf6,Fusarium concolor,Fungi,isolated from infected beetle,cuticular contact,pathogen,,pathogenicity test,laboratory and field,China,2003,"Li et al., 2003",Application of entomopathogenic fungi in the integrated management of Tomicus piniperda,寄生真菌在松纵坑切梢小蠹综合防治中的应用,full text
3cd970ea-0cac-8170-a382-d8f4959052d9,462,Tomicus piniperda,3cd970ea-0cac-8130-bbd3-e29afac9abf6,Beauveria velata,Fungi,isolated from infected beetle,cuticular contact,pathogen,,pathogenicity test,laboratory and field,China,2003,"Li et al., 2003",Application of entomopathogenic fungi in the integrated management of Tomicus piniperda,寄生真菌在松纵坑切梢小蠹综合防治中的应用,full text
3cd970ea-0cac-8115-b409-efe9eeed0a19,463,Tomicus piniperda,3cd970ea-0cac-8130-bbd3-e29afac9abf6,Penicillium sp.,Fungi,isolated from infected beetle,cuticular contact,pathogen,,pathogenicity test,laboratory and field,China,2003,"Li et al., 2003",Application of entomopathogenic fungi in the integrated management of Tomicus piniperda,寄生真菌在松纵坑切梢小蠹综合防治中的应用,full text
3cd970ea-0cac-81c7-8cfc-f5ecd5d3a64a,464,Dendroctonus ponderosae,3cd970ea-0cac-8190-bc06-f7745f245114,Beauveria bassiana,Fungi,culture collection,,pathogen,,,,,2023,"Li et al., 2023","Li, J. X., Fernandez, K. X., Ritland, C., Jancsik, S., Engelhardt, D. B., Coombe, L., ... & Birol, I. (2023). Genomic virulence features of Beauveria bassiana as a biocontrol agent for the mountain pine beetle population. BMC genomics, 24(1), 390.",https://doi.org/10.1186/s12864-023-09473-4,full text
3cd970ea-0cac-8174-9647-c1d39384c92f,465,Ips sexdentatus,3cd970ea-0cac-81b2-b8a3-d4a7253b9941,Parasitorhabditis ipsophila,Nematode,,,parasite,,,,,1978,"Lieutier and Laumond, 1978","Lieutier, F., & Laumond, C. (1978). Nématodes parasites et associés à Ips sexdentatus et Ips typographus (Coleoptera, Scolytidae) en région parisienne. Nematologica, 24(2), 184-200.",https://brill.com/view/journals/nema/24/2/article-p184_5.xml,full text
3cd970ea-0cac-81a1-bd98-e29815ff540e,466,Ips typographus,3cd970ea-0cac-81e7-bd37-c7209a5601d7,Parasitorhabditis bellifonti,Nematode,,,parasite,,,,,1978,"Lieutier and Laumond, 1978","Lieutier, F., & Laumond, C. (1978). Nématodes parasites et associés à Ips sexdentatus et Ips typographus (Coleoptera, Scolytidae) en région parisienne. Nematologica, 24(2), 184-200.",https://brill.com/view/journals/nema/24/2/article-p184_5.xml,full text
3cd970ea-0cac-8127-ba60-d761fa9f624a,467,Ips typographus,3cd970ea-0cac-81e7-bd37-c7209a5601d7,Parasitorhabditis subelongati,Nematode,,,parasite,,,,,1978,"Lieutier and Laumond, 1978","Lieutier, F., & Laumond, C. (1978). Nématodes parasites et associés à Ips sexdentatus et Ips typographus (Coleoptera, Scolytidae) en région parisienne. Nematologica, 24(2), 184-200.",https://brill.com/view/journals/nema/24/2/article-p184_5.xml,full text
3cd970ea-0cac-81aa-8dba-d293e0c42207,468,Ips sexdentatus,3cd970ea-0cac-81b2-b8a3-d4a7253b9941,Parasitorhabditis ipsophila,Nematode,,,parasite,,,,,1984,"Lieutier and Laumond, 1984","Lieutier, F. (1984). Observations sur le parasitisme d’Ips sexdenta tus (Insecta: Scolytidae) par Parasitorhabditis ipsophila (Nematoda: Rhabditidae). Annales de parasitologie humaine et comparée, 59(5), 507-520.",https://doi.org/10.1051/parasite/1984595507,full text
3cd970ea-0cac-81e7-8ada-cb0d33fe062d,469,Ips sexdentatus,3cd970ea-0cac-81b2-b8a3-d4a7253b9941,Parasitaphelenchus sp.,Nematode,,,parasite,,,,France,1982,"Lieutier et al., 1982","Lieutier, F., Jastrabsky, M., & Bonnafe, P. (1982). Les variations pondérales du tissu adipeux et des ovaires, et les variations de longueur des ovocytes, chez Ips sexdentatus Boern (Coleoptera: Scolytidae); relations avec le parasitisme par les nématodes. Annales de Parasitologie Humaine et Comparée, 57(4), 407-418.",https://doi.org/10.1051/parasite/1982574407,full text
3cd970ea-0cac-81b0-a9ad-e6869d379342,470,Ips sexdentatus,3cd970ea-0cac-81b2-b8a3-d4a7253b9941,Parasitaphelenchus sexdentati,Nematode,,,parasite,,,,France,1982,"Lieutier et al., 1982","Lieutier, F., Jastrabsky, M., & Bonnafe, P. (1982). Les variations pondérales du tissu adipeux et des ovaires, et les variations de longueur des ovocytes, chez Ips sexdentatus Boern (Coleoptera: Scolytidae); relations avec le parasitisme par les nématodes. Annales de Parasitologie Humaine et Comparée, 57(4), 407-418.",https://doi.org/10.1051/parasite/1982574407,full text
3cd970ea-0cac-8121-9d67-c21588f9da74,471,Ips sexdentatus,3cd970ea-0cac-81b2-b8a3-d4a7253b9941,Contortylenchus diplogaster,Nematode,,,parasite,,,,France,1982,"Lieutier et al., 1982","Lieutier, F., Jastrabsky, M., & Bonnafe, P. (1982). Les variations pondérales du tissu adipeux et des ovaires, et les variations de longueur des ovocytes, chez Ips sexdentatus Boern (Coleoptera: Scolytidae); relations avec le parasitisme par les nématodes. Annales de Parasitologie Humaine et Comparée, 57(4), 407-418.",https://doi.org/10.1051/parasite/1982574407,full text
3cd970ea-0cac-8165-b3b2-e1eee02f5679,472,Ips sexdentatus,3cd970ea-0cac-81b2-b8a3-d4a7253b9941,Parasitorhabditis ipsophila,Nematode,,,parasite,,,,France,1984,"Lieutier, 1984a","Lieutier, F. (1984). Les perturbations induites par Parasitorhabditis ipsophila (Nematoda: Rhabditidae) dans le tube digestif d’Ips sexdentatus (Insecta: Scolytidae). Annales de parasitologie humaine et comparée, 59(6), 597-605.",https://doi.org/10.1051/parasite/1984596597,full text
3cd970ea-0cac-81ff-9a7e-d308e7819311,473,Ips sexdentatus,3cd970ea-0cac-81b2-b8a3-d4a7253b9941,Parasitorhabditis ipsophila,Nematode,,,parasite,,,,France,1984,"Lieutier, 1984b","Lieutier, F. (1984). Observations on the parasitism of Ips sexdentatus (Insecta: Scolytidae) by Parasitorhabditis ipsophila (Nematoda: Rhabditidae). Annales de parasitologie humaine et comparée , 59 (5), 507-520.",https://doi.org/10.1051/parasite/1984595507,full text
3cd970ea-0cac-8127-9a43-f364e4ed1b97,474,Phloeosinus sinensis,3cd970ea-0cac-813f-951a-e6419048d400,Beauveria brongniartii,Fungi,isolated from infected larva of Cerambycidae sp.,cuticular contact,pathogen,morphological and molecular,pathogenicity test,laboratory,China,2025,"Lin et al., 2025",Identification of Entomopathogenous Fungus and Pathogenicity Test  of Phloeosinus sinensis Adult,一株虫生真菌的鉴定及其对杉肤小蠹的致病力,full text
3cd970ea-0cac-81af-8772-fa68bda7d44e,475,Scolytus ensifer,3cd970ea-0cac-8103-9dd8-d0b2bb1ebf26,Stempellia scolyti,Microsporidia,,hemocoel; midgut,,morphological,pathogenicity test,laboratory,Germany,1968,"Lipa, 1968","Lipa J.J. 1968. Stempellia scolyti Weiser com.nov. and Nosema scolyti n.sp. microsporidian parasites of four species of Scolytus (Coleoptera). Acta Protozoologica 6, 69-78.",,
3cd970ea-0cac-813d-8131-f0d3795a869b,476,Scolytus multistriatus,3cd970ea-0cac-81d9-bda0-ca455fdf65b6,Stempellia scolyti,Microsporidia,,hemocoel; midgut,,morphological,pathogenicity test,laboratory,Germany,1968,"Lipa, 1968","Lipa J.J. 1968. Stempellia scolyti Weiser com.nov. and Nosema scolyti n.sp. microsporidian parasites of four species of Scolytus (Coleoptera). Acta Protozoologica 6, 69-78.",,
3cd970ea-0cac-81f8-a5b1-d688ce11aebc,477,Scolytus pygmaeus,3cd970ea-0cac-81c0-8077-c62f1276c5ad,Stempellia scolyti,Microsporidia,,hemocoel; midgut,,morphological,pathogenicity test,laboratory,Germany,1968,"Lipa, 1968","Lipa J.J. 1968. Stempellia scolyti Weiser com.nov. and Nosema scolyti n.sp. microsporidian parasites of four species of Scolytus (Coleoptera). Acta Protozoologica 6, 69-78.",,
3cd970ea-0cac-8186-b13f-e8db1b0f729a,478,Scolytus scolytus,3cd970ea-0cac-818b-a96b-ee29650d93b8,Stempellia scolyti,Microsporidia,,hemocoel; midgut,,morphological,pathogenicity test,laboratory,Germany,1968,"Lipa, 1968","Lipa J.J. 1968. Stempellia scolyti Weiser com.nov. and Nosema scolyti n.sp. microsporidian parasites of four species of Scolytus (Coleoptera). Acta Protozoologica 6, 69-78.",,
3cd970ea-0cac-81d1-9c55-e9fe728ca474,479,Scolytus ensifer,3cd970ea-0cac-8103-9dd8-d0b2bb1ebf26,Nosema scolyti,Microsporidia,,midgut; malpighian tubules; hemocoel,,morphological,pathogenicity test,laboratory,Germany,1968,"Lipa, 1968","Lipa J.J. 1968. Stempellia scolyti Weiser com.nov. and Nosema scolyti n.sp. microsporidian parasites of four species of Scolytus (Coleoptera). Acta Protozoologica 6, 69-78.",,
3cd970ea-0cac-81cd-aa81-f60001a6e5bc,480,Scolytus multistriatus,3cd970ea-0cac-81d9-bda0-ca455fdf65b6,Nosema scolyti,Microsporidia,,midgut; malpighian tubules; hemocoel,,morphological,pathogenicity test,laboratory,Germany,1968,"Lipa, 1968","Lipa J.J. 1968. Stempellia scolyti Weiser com.nov. and Nosema scolyti n.sp. microsporidian parasites of four species of Scolytus (Coleoptera). Acta Protozoologica 6, 69-78.",,
3cd970ea-0cac-8180-8d11-c38d1605cc6f,481,Scolytus pygmaeus,3cd970ea-0cac-81c0-8077-c62f1276c5ad,Nosema scolyti,Microsporidia,,midgut; malpighian tubules; hemocoel,,morphological,pathogenicity test,laboratory,Germany,1968,"Lipa, 1968","Lipa J.J. 1968. Stempellia scolyti Weiser com.nov. and Nosema scolyti n.sp. microsporidian parasites of four species of Scolytus (Coleoptera). Acta Protozoologica 6, 69-78.",,
3cd970ea-0cac-81ec-9ccd-d06641de699e,482,Scolytus scolytus,3cd970ea-0cac-818b-a96b-ee29650d93b8,Nosema scolyti,Microsporidia,,midgut; malpighian tubules; hemocoel,,morphological,pathogenicity test,laboratory,Germany,1968,"Lipa, 1968","Lipa J.J. 1968. Stempellia scolyti Weiser com.nov. and Nosema scolyti n.sp. microsporidian parasites of four species of Scolytus (Coleoptera). Acta Protozoologica 6, 69-78.",,
3cd970ea-0cac-810b-8056-e19a8a432d22,483,Phloeosinus sinensis,3cd970ea-0cac-813f-951a-e6419048d400,Beauveria bassiana,Fungi,culture collection,,pathogen,,virulence test,laboratory,China,1992,"Liu and Yang, 1992",A preliminary report on the virulence of Beauveria bassiana against Phloeosinus sinensis and three other insect pests,白僵菌对杉肤小蠹虫等四种害虫毒力试验初报,full text
3cd970ea-0cac-8126-babc-ce762cc17927,484,Euwallacea interjectus,3cd970ea-0cac-8117-bedf-cb56ff9ac831,Beauveria bassiana,Fungi,,,pathogen,,pathogenicity test,laboratory,China,2025,"Liu et al., 2025","Liu, J., Jiang, N., Gao, H., Lai, S., Zhou, Y., Hao, D., & Dai, L. (2025). Laboratory exploration of several potential biocontrol methods against the Ambrosia beetle, Euwallacea interjectus. Insects, 16(1), 56.",https://doi.org/10.3390/insects16010056,full text
3cd970ea-0cac-81d0-9003-e44427d67e21,485,Euwallacea interjectus,3cd970ea-0cac-8117-bedf-cb56ff9ac831,Serratia marcescens,Bacteria,,,pathogen,,pathogenicity test,laboratory,China,2025,"Liu et al., 2025","Liu, J., Jiang, N., Gao, H., Lai, S., Zhou, Y., Hao, D., & Dai, L. (2025). Laboratory exploration of several potential biocontrol methods against the Ambrosia beetle, Euwallacea interjectus. Insects, 16(1), 56.",https://doi.org/10.3390/insects16010056,full text
3cd970ea-0cac-8153-a1ad-c6736e089580,486,Hypothenemus hampei,3cd970ea-0cac-81f7-998c-d66f5aa14d2a,Beauveria bassiana,Fungi,isolated from infected beetle,cuticular contact,pathogen,morphological and molecular,pathogenicity test,laboratory,China,2026,"Liu et al., 2026",Isolation and Identification of Beauveria bassiana Strain Bb-QJC2 and Evaluation of its Pathogenicity Against the Coffee Berry Borer (Hypothenemus hampei),球孢白僵菌Bb-QJC2的分离鉴定及对咖啡果小蠹的致病性测定,full text
3cd970ea-0cac-8129-9ff0-d778ad63a8ca,487,Ips typographus,3cd970ea-0cac-81e7-bd37-c7209a5601d7,gut nematodes,Nematode,evaluation of pathogen from beetles,,pathogen,,,,Czech Republic,2013,"Lukasova et al., 2013","Lukášová, K., Holuša, J., & Turčáni, M. (2013). Pathogens of Ips amitinus: new species and comparison with I ps typographus. Journal of Applied Entomology, 137(3), 188-196.",https://doi.org/10.1111/jen.12000,full text
3cd970ea-0cac-81c4-8082-e7ba46274c81,488,Ips typographus,3cd970ea-0cac-81e7-bd37-c7209a5601d7,Chytridiopsis typographi,Microsporidia,evaluation of pathogen from beetles,,pathogen,,,,Czech Republic,2013,"Lukasova et al., 2013","Lukášová, K., Holuša, J., & Turčáni, M. (2013). Pathogens of Ips amitinus: new species and comparison with I ps typographus. Journal of Applied Entomology, 137(3), 188-196.",https://doi.org/10.1111/jen.12000,full text
3cd970ea-0cac-81a3-8eff-e4e0005f26eb,489,Ips typographus,3cd970ea-0cac-81e7-bd37-c7209a5601d7,Nosema typographi,Microsporidia,evaluation of pathogen from beetles,,pathogen,,,,Czech Republic,2013,"Lukasova et al., 2013","Lukášová, K., Holuša, J., & Turčáni, M. (2013). Pathogens of Ips amitinus: new species and comparison with I ps typographus. Journal of Applied Entomology, 137(3), 188-196.",https://doi.org/10.1111/jen.12000,full text
3cd970ea-0cac-81ad-a64d-d5a1ff713c0e,490,Ips typographus,3cd970ea-0cac-81e7-bd37-c7209a5601d7,Gregarina typographi,Protist,evaluation of pathogen from beetles,,pathogen,,,,Czech Republic,2013,"Lukasova et al., 2013","Lukášová, K., Holuša, J., & Turčáni, M. (2013). Pathogens of Ips amitinus: new species and comparison with I ps typographus. Journal of Applied Entomology, 137(3), 188-196.",https://doi.org/10.1111/jen.12000,full text
3cd970ea-0cac-8134-ad61-c6eb23500df9,491,Ips typographus,3cd970ea-0cac-81e7-bd37-c7209a5601d7,Mattesia schwenkei,Protist,evaluation of pathogen from beetles,,pathogen,,,,Czech Republic,2013,"Lukasova et al., 2013","Lukášová, K., Holuša, J., & Turčáni, M. (2013). Pathogens of Ips amitinus: new species and comparison with I ps typographus. Journal of Applied Entomology, 137(3), 188-196.",https://doi.org/10.1111/jen.12000,full text
3cd970ea-0cac-81da-8f45-c852c3185b42,492,Ips typographus,3cd970ea-0cac-81e7-bd37-c7209a5601d7,ItEPV,Virus,evaluation of pathogen from beetles,,pathogen,,,,Czech Republic,2013,"Lukasova et al., 2013","Lukášová, K., Holuša, J., & Turčáni, M. (2013). Pathogens of Ips amitinus: new species and comparison with I ps typographus. Journal of Applied Entomology, 137(3), 188-196.",https://doi.org/10.1111/jen.12000,full text
3cd970ea-0cac-8114-8ee8-c0644961dad6,493,Ips amitinus,3cd970ea-0cac-815a-a757-ffcc6a0735b5,gut nematodes,Nematode,evaluation of pathogen from beetles,,pathogen,,,,Czech Republic,2013,"Lukasova et al., 2013","Lukášová, K., Holuša, J., & Turčáni, M. (2013). Pathogens of Ips amitinus: new species and comparison with I ps typographus. Journal of Applied Entomology, 137(3), 188-196.",https://doi.org/10.1111/jen.12000,full text
3cd970ea-0cac-8112-8406-f1b2c788b194,494,Ips amitinus,3cd970ea-0cac-815a-a757-ffcc6a0735b5,Chytridiopsis typographi,Microsporidia,evaluation of pathogen from beetles,,pathogen,,,,Czech Republic,2013,"Lukasova et al., 2013","Lukášová, K., Holuša, J., & Turčáni, M. (2013). Pathogens of Ips amitinus: new species and comparison with I ps typographus. Journal of Applied Entomology, 137(3), 188-196.",https://doi.org/10.1111/jen.12000,full text
3cd970ea-0cac-81d9-8b2f-e3996d8fc790,495,Ips amitinus,3cd970ea-0cac-815a-a757-ffcc6a0735b5,Metschnikowia typographi,Fungi,evaluation of pathogen from beetles,,pathogen,,,,Czech Republic,2013,"Lukasova et al., 2013","Lukášová, K., Holuša, J., & Turčáni, M. (2013). Pathogens of Ips amitinus: new species and comparison with I ps typographus. Journal of Applied Entomology, 137(3), 188-196.",https://doi.org/10.1111/jen.12000,full text
3cd970ea-0cac-810e-ad5c-e932d7865e27,496,Ips amitinus,3cd970ea-0cac-815a-a757-ffcc6a0735b5,Gregarina typographi,Protist,evaluation of pathogen from beetles,,pathogen,,,,Czech Republic,2013,"Lukasova et al., 2013","Lukášová, K., Holuša, J., & Turčáni, M. (2013). Pathogens of Ips amitinus: new species and comparison with I ps typographus. Journal of Applied Entomology, 137(3), 188-196.",https://doi.org/10.1111/jen.12000,full text
3cd970ea-0cac-8169-b06c-dd88bee5fe38,497,Ips amitinus,3cd970ea-0cac-815a-a757-ffcc6a0735b5,Mattesia schwenkei,Protist,evaluation of pathogen from beetles,,pathogen,,,,Czech Republic,2013,"Lukasova et al., 2013","Lukášová, K., Holuša, J., & Turčáni, M. (2013). Pathogens of Ips amitinus: new species and comparison with I ps typographus. Journal of Applied Entomology, 137(3), 188-196.",https://doi.org/10.1111/jen.12000,full text
3cd970ea-0cac-81cc-b27e-f8c4ebcaf120,498,Ips amitinus,3cd970ea-0cac-815a-a757-ffcc6a0735b5,ItEPV,Virus,evaluation of pathogen from beetles,,pathogen,,,,Czech Republic,2013,"Lukasova et al., 2013","Lukášová, K., Holuša, J., & Turčáni, M. (2013). Pathogens of Ips amitinus: new species and comparison with I ps typographus. Journal of Applied Entomology, 137(3), 188-196.",https://doi.org/10.1111/jen.12000,full text
3cd970ea-0cac-81b4-aa20-e1113faa396b,499,Ips typographus,3cd970ea-0cac-81e7-bd37-c7209a5601d7,Gregarina typographi,Protist,evaluation of pathogen from beetles,,,morphological,,,Czech Republic,2015,"Lukášová and Holuša, 2015","Lukášová, K., & Holuša, J. (2015). Comparison of pathogens infection level in Ips typographus (Coleoptera: Curculionidae) beetles sampled in pheromone traps and at place of overwintering. Acta Parasitologica, 60(3), 462-465.",https://doi.org/10.1515/ap-2015-0064,full text
3cd970ea-0cac-8138-800d-e7f701b3293c,500,Ips typographus,3cd970ea-0cac-81e7-bd37-c7209a5601d7,ItEPV,Virus,evaluation of pathogen from beetles,,,morphological,,,Czech Republic,2015,"Lukášová and Holuša, 2015","Lukášová, K., & Holuša, J. (2015). Comparison of pathogens infection level in Ips typographus (Coleoptera: Curculionidae) beetles sampled in pheromone traps and at place of overwintering. Acta Parasitologica, 60(3), 462-465.",https://doi.org/10.1515/ap-2015-0064,full text
3cd970ea-0cac-8162-abbe-e9e663b95c9e,501,Ips typographus,3cd970ea-0cac-81e7-bd37-c7209a5601d7,Nosema typographi,Microsporidia,evaluation of pathogen from beetles,,,morphological,,,Czech Republic,2015,"Lukášová and Holuša, 2015","Lukášová, K., & Holuša, J. (2015). Comparison of pathogens infection level in Ips typographus (Coleoptera: Curculionidae) beetles sampled in pheromone traps and at place of overwintering. Acta Parasitologica, 60(3), 462-465.",https://doi.org/10.1515/ap-2015-0064,full text
3cd970ea-0cac-812b-8c47-e3ca5f9eba95,502,Ips typographus,3cd970ea-0cac-81e7-bd37-c7209a5601d7,Beauveria bassiana,Fungi,,,pathogen,,pathogenicity test,,,1984,"Lutyk and Swiezynska, 1984","Lutyk P. & H. Swiezynska 1984. Trials to control the larger pine-shoot beetle (Tomicus piniperda L.) with the use of the fungus Beauveria bassiana (Bals.) Vuill. on piled wood. Sylwan, 9, 41-45.",https://agris.fao.org/search/en/providers/122651/records/6471bd3277fd37171a6e0633,full text
3cd970ea-0cac-81e6-b20e-c4827640fa98,503,Pityokteines curvidens,3cd970ea-0cac-81f8-9105-d2ffa788e0b5,Nosema curvidens,Bacteria,,,,,,,,1959,Lysenko 1959,"Lysenko, O. (1959). Report on diagnosis of bacteria isolated from insects (1954–1958). Entomophaga, 4(1), 15-22.",https://doi.org/10.1007/BF02376098,full text
3cd970ea-0cac-814b-8a6a-cc27fc4a5339,504,Pityokteines curvidens,3cd970ea-0cac-81f8-9105-d2ffa788e0b5,Serratia marcescens,Bacteria,,,,,,,,1959,Lysenko 1959,"Lysenko, O. (1959). Report on diagnosis of bacteria isolated from insects (1954–1958). Entomophaga, 4(1), 15-22.",https://doi.org/10.1007/BF02376098,full text
3cd970ea-0cac-8142-95ae-ef50a9a7c323,505,Trypodendron lineatum,3cd970ea-0cac-81f6-9fae-dff5cefc9112,Pseudomonas septica,Bacteria,,,,,,,,1959,Lysenko 1959,"Lysenko, O. (1959). Report on diagnosis of bacteria isolated from insects (1954–1958). Entomophaga, 4(1), 15-22.",https://doi.org/10.1007/BF02376098,full text
3cd970ea-0cac-8172-8e1b-e2b7f00af3ca,506,Dendroctonus frontalis,3cd970ea-0cac-81b5-b18d-f10167e662e3,Contortylenchus brevicomi,Nematode,evaluation of infection from beetles,,parasite,,,,"Florida, United States",1980,"MacGuidwin et al., 1980","MacGuidwin, A. E., Smart Jr, G. C., Wilkinson, R. C., & Allen, G. E. (1980). Effect of the nematode Contortylenchus brevicomi on gallery construction and fecundity of the southern pine beetle. Journal of nematology, 12(4), 278.",https://pubmed.ncbi.nlm.nih.gov/19300703/,full text
3cd970ea-0cac-818c-92d5-d11d377b5501,507,Dendroctonus frontalis,3cd970ea-0cac-81b5-b18d-f10167e662e3,Unikaryon minutum,Microsporidia,evaluation of infection from beetles,,parasite,,,,"Florida, United States",1980,"MacGuidwin et al., 1980","MacGuidwin, A. E., Smart Jr, G. C., Wilkinson, R. C., & Allen, G. E. (1980). Effect of the nematode Contortylenchus brevicomi on gallery construction and fecundity of the southern pine beetle. Journal of nematology, 12(4), 278.",https://pubmed.ncbi.nlm.nih.gov/19300703/,full text
3cd970ea-0cac-81b9-bc3b-dd5993736d1c,508,Trypodendron lineatum,3cd970ea-0cac-81f6-9fae-dff5cefc9112,Beauveria bassiana,Fungi,,,,,,,,1981,"Magema et al., 1981","Magema N., C. Verstraeten & C. Gaspar 1981. Les ennemis naturels du scolyte Trypodendron lineatum (Olivier, 1795) (Coleopetra, Scolytidae) dans la forest de Hazeilles et des Epioux. Annales de la Societe Royale Zoologique de Belgique 111, 89-95.",,non full-text
3cd970ea-0cac-8152-ba94-fc5da81433d2,509,Dendroctonus rufipennis,3cd970ea-0cac-8134-a2c9-c7fa5c20155e,Beauveria bassiana,Fungi,"isolated from cadaver; tree, and soil",,,morphological and molecular,virulence test,laboratory,United States,2020,"Mann and Davis, 2020","Mann, A. J., & Davis, T. S. (2020). Plant secondary metabolites and low temperature are the major limiting factors for Beauveria bassiana (Bals.-Criv.) Vuill.(Ascomycota: Hypocreales) growth and virulence in a bark beetle system. Biological Control, 141, 104130.",https://doi.org/10.1016/j.biocontrol.2019.104130,full text
3cd970ea-0cac-817e-8fb2-ce0e75bab0ec,510,Ips typographus,3cd970ea-0cac-81e7-bd37-c7209a5601d7,Beauveria bassiana,Fungi,,,,,virulence test,laboratory,,2000,"Markova, 2000","Markova, G. (2000). Pathogenicity of several entomogenous fungi to some of the most serious forest insect pests in Europe.",https://www.cabidigitallibrary.org/doi/full/10.5555/20013072732,only English abstract
3cd970ea-0cac-8144-ae3b-d9c795a33c67,511,Ips typographus,3cd970ea-0cac-81e7-bd37-c7209a5601d7,Paecilomyces farinosus,Fungi,,,,,virulence test,laboratory,,2000,"Markova, 2000","Markova, G. (2000). Pathogenicity of several entomogenous fungi to some of the most serious forest insect pests in Europe.",https://www.cabidigitallibrary.org/doi/full/10.5555/20013072732,only English abstract
3cd970ea-0cac-81c2-a0d9-e3896c41ca5c,512,Ips typographus,3cd970ea-0cac-81e7-bd37-c7209a5601d7,Metarhizium anisopliae,Fungi,,,,,virulence test,laboratory,,2000,"Markova, 2000","Markova, G. (2000). Pathogenicity of several entomogenous fungi to some of the most serious forest insect pests in Europe.",https://www.cabidigitallibrary.org/doi/full/10.5555/20013072732,only English abstract
3cd970ea-0cac-81dc-bdf6-e44ef3454ad2,513,Ips typographus,3cd970ea-0cac-81e7-bd37-c7209a5601d7,Verticillium lecanii,Fungi,,,,,virulence test,laboratory,,2000,"Markova, 2000","Markova, G. (2000). Pathogenicity of several entomogenous fungi to some of the most serious forest insect pests in Europe.",https://www.cabidigitallibrary.org/doi/full/10.5555/20013072732,only English abstract
3cd970ea-0cac-813a-9b75-ecdec4ef4d15,514,Dendroctonus rufipennis,3cd970ea-0cac-8134-a2c9-c7fa5c20155e,Ektaphelenchus obtusus,Nematode,,,parasite,,,,,1956,"Massey, 1956","Massey, C. L. (1956). Nematode parasites and associates of the Engelmann spruce beetle (Dendroctonus engelmanni Hopk.).",https://www.cabidigitallibrary.org/doi/full/10.5555/19560801103,only English abstract
3cd970ea-0cac-81b9-82c5-e2747041e3aa,515,Dendroctonus rufipennis,3cd970ea-0cac-8134-a2c9-c7fa5c20155e,Sphaerularia dendroctoni,Nematode,,,parasite,,,,,1956,"Massey, 1956","Massey, C. L. (1956). Nematode parasites and associates of the Engelmann spruce beetle (Dendroctonus engelmanni Hopk.).",https://www.cabidigitallibrary.org/doi/full/10.5555/19560801103,only English abstract
3cd970ea-0cac-8165-9443-eae5832d0d3f,516,Dendroctonus barberi,3cd970ea-0cac-813c-9bab-da0ca998a960,Alphelenchulus barberus,Nematode,,,parasite,,,,United States,1957,"Massey, 1957","Massey, C. L. (1957). Four new species of Alphelenchulus (Nematoda) parasitic in bark beetles in the United States.",https://www.cabidigitallibrary.org/doi/full/10.5555/19576600725,only English abstract
3cd970ea-0cac-81ce-a47c-e841ee2d9ebf,517,Dendroctonus frontalis,3cd970ea-0cac-81b5-b18d-f10167e662e3,Alphelenchulus barberus,Nematode,,,parasite,,,,United States,1957,"Massey, 1957","Massey, C. L. (1957). Four new species of Alphelenchulus (Nematoda) parasitic in bark beetles in the United States.",https://www.cabidigitallibrary.org/doi/full/10.5555/19576600725,only English abstract
3cd970ea-0cac-81b7-9111-fcb9a7682fa8,518,Dendroctonus brevicomis,3cd970ea-0cac-81b8-bdb2-d0d58ae1dd6f,Alphelenchulus brevicomi,Nematode,,,parasite,,,,United States,1957,"Massey, 1957","Massey, C. L. (1957). Four new species of Alphelenchulus (Nematoda) parasitic in bark beetles in the United States.",https://www.cabidigitallibrary.org/doi/full/10.5555/19576600725,only English abstract
3cd970ea-0cac-812f-a64a-fb7347deac7a,519,Ips oregoni,3cd970ea-0cac-817f-bf7a-ea40459aee1f,Alphelenchulus spirus,Nematode,,,parasite,,,,United States,1957,"Massey, 1957","Massey, C. L. (1957). Four new species of Alphelenchulus (Nematoda) parasitic in bark beetles in the United States.",https://www.cabidigitallibrary.org/doi/full/10.5555/19576600725,only English abstract
3cd970ea-0cac-813c-8ae2-e72d548700f8,520,Ips grandicollis,3cd970ea-0cac-8100-b325-daf2aaa8c8b8,Alphelenchulus grandicolli,Nematode,,,parasite,,,,United States,1957,"Massey, 1957","Massey, C. L. (1957). Four new species of Alphelenchulus (Nematoda) parasitic in bark beetles in the United States.",https://www.cabidigitallibrary.org/doi/full/10.5555/19576600725,only English abstract
3cd970ea-0cac-814a-b2f5-ebac5a7150b1,521,Ips confusus,3cd970ea-0cac-81dc-bbc7-ee2c469f8ddf,Aphelenchulus elongatus,Nematode,,,parasite,,,,United States,1960,"Massey, 1960","Massey, C. L. (1960). Nematode parasites and associates of the California five-spined engraver, Ips confusus (Lec.).",https://www.cabidigitallibrary.org/doi/full/10.5555/19610800154,only English abstract
3cd970ea-0cac-81a1-a901-dc0e432b9009,522,Ips confusus,3cd970ea-0cac-81dc-bbc7-ee2c469f8ddf,Parasitaphelenchus sp.,Nematode,,,parasite; no harm to the host,,,,United States,1960,"Massey, 1960","Massey, C. L. (1960). Nematode parasites and associates of the California five-spined engraver, Ips confusus (Lec.).",https://www.cabidigitallibrary.org/doi/full/10.5555/19610800154,only English abstract
3cd970ea-0cac-8181-b48e-fba8895ffd9e,523,Ips confusus,3cd970ea-0cac-81dc-bbc7-ee2c469f8ddf,Parasitorhabditis obtusa,Nematode,,,parasite,,,,United States,1960,"Massey, 1960","Massey, C. L. (1960). Nematode parasites and associates of the California five-spined engraver, Ips confusus (Lec.).",https://www.cabidigitallibrary.org/doi/full/10.5555/19610800154,only English abstract
3cd970ea-0cac-8130-a232-e2d4448e2116,524,Ips confusus,3cd970ea-0cac-81dc-bbc7-ee2c469f8ddf,Diplogaster bandelieri,Nematode,,,,,,,United States,1960,"Massey, 1960","Massey, C. L. (1960). Nematode parasites and associates of the California five-spined engraver, Ips confusus (Lec.).",https://www.cabidigitallibrary.org/doi/full/10.5555/19610800154,only English abstract
3cd970ea-0cac-81e4-8749-fb95a53e89d3,525,Scolytus ventralis,3cd970ea-0cac-8188-8580-c20e1d961821,Parasitylenchus elongatus,Nematode,,,parasite,,,,"New Mexico, United States",1964,"Massey, 1964a","Massey, C.L., 1964a. The nematode parasites and associates of the fir engraver beetle, Scolytus ventralis Le Conte, in New Mexico. J. Insect Pathol. 6, 133–155.",https://www.cabidigitallibrary.org/doi/full/10.5555/19640501265,only English abstract
3cd970ea-0cac-815b-93c9-fe537823957b,526,Scolytus ventralis,3cd970ea-0cac-8188-8580-c20e1d961821,Parasitylenchus scrutillus,Nematode,,,parasite,,,,"New Mexico, United States",1964,"Massey, 1964a","Massey, C.L., 1964a. The nematode parasites and associates of the fir engraver beetle, Scolytus ventralis Le Conte, in New Mexico. J. Insect Pathol. 6, 133–155.",https://www.cabidigitallibrary.org/doi/full/10.5555/19640501265,only English abstract
3cd970ea-0cac-816a-b0be-c7a8417bf230,527,Scolytus ventralis,3cd970ea-0cac-8188-8580-c20e1d961821,Panagrolaimus judithae,Nematode,,,associate?,,,,"New Mexico, United States",1964,"Massey, 1964a","Massey, C.L., 1964a. The nematode parasites and associates of the fir engraver beetle, Scolytus ventralis Le Conte, in New Mexico. J. Insect Pathol. 6, 133–155.",https://www.cabidigitallibrary.org/doi/full/10.5555/19640501265,only English abstract
3cd970ea-0cac-81fd-a7c9-fc032197836c,528,Scolytus ventralis,3cd970ea-0cac-8188-8580-c20e1d961821,Panagrolaimus concolor,Nematode,,,associate?,,,,"New Mexico, United States",1964,"Massey, 1964a","Massey, C.L., 1964a. The nematode parasites and associates of the fir engraver beetle, Scolytus ventralis Le Conte, in New Mexico. J. Insect Pathol. 6, 133–155.",https://www.cabidigitallibrary.org/doi/full/10.5555/19640501265,only English abstract
3cd970ea-0cac-81b1-bd40-fc48d6037ce9,529,Scolytus ventralis,3cd970ea-0cac-8188-8580-c20e1d961821,Plectonchus wyganti,Nematode,,,associate?,,,,"New Mexico, United States",1964,"Massey, 1964a","Massey, C.L., 1964a. The nematode parasites and associates of the fir engraver beetle, Scolytus ventralis Le Conte, in New Mexico. J. Insect Pathol. 6, 133–155.",https://www.cabidigitallibrary.org/doi/full/10.5555/19640501265,only English abstract
3cd970ea-0cac-81fe-997b-ea4f4d79cd0b,530,Scolytus ventralis,3cd970ea-0cac-8188-8580-c20e1d961821,Panagrobelus scolyti,Nematode,,,associate?,,,,"New Mexico, United States",1964,"Massey, 1964a","Massey, C.L., 1964a. The nematode parasites and associates of the fir engraver beetle, Scolytus ventralis Le Conte, in New Mexico. J. Insect Pathol. 6, 133–155.",https://www.cabidigitallibrary.org/doi/full/10.5555/19640501265,only English abstract
3cd970ea-0cac-816b-8137-f52b0616df37,531,Scolytus ventralis,3cd970ea-0cac-8188-8580-c20e1d961821,Bunonema newmexicana,Nematode,,,associate?,,,,"New Mexico, United States",1964,"Massey, 1964a","Massey, C.L., 1964a. The nematode parasites and associates of the fir engraver beetle, Scolytus ventralis Le Conte, in New Mexico. J. Insect Pathol. 6, 133–155.",https://www.cabidigitallibrary.org/doi/full/10.5555/19640501265,only English abstract
3cd970ea-0cac-8163-97aa-d6adcce28963,532,Scolytus ventralis,3cd970ea-0cac-8188-8580-c20e1d961821,Ektaphelenchus sandiaensis,Nematode,,,associate?,,,,"New Mexico, United States",1964,"Massey, 1964a","Massey, C.L., 1964a. The nematode parasites and associates of the fir engraver beetle, Scolytus ventralis Le Conte, in New Mexico. J. Insect Pathol. 6, 133–155.",https://www.cabidigitallibrary.org/doi/full/10.5555/19640501265,only English abstract
3cd970ea-0cac-8104-a531-d5f1ce52daef,533,Scolytus ventralis,3cd970ea-0cac-8188-8580-c20e1d961821,Bursaphelenchus wilfordi,Nematode,,,associate?,,,,"New Mexico, United States",1964,"Massey, 1964a","Massey, C.L., 1964a. The nematode parasites and associates of the fir engraver beetle, Scolytus ventralis Le Conte, in New Mexico. J. Insect Pathol. 6, 133–155.",https://www.cabidigitallibrary.org/doi/full/10.5555/19640501265,only English abstract
3cd970ea-0cac-810a-8269-dde55ee937b4,534,Scolytus ventralis,3cd970ea-0cac-8188-8580-c20e1d961821,Plectus eurycerus,Nematode,,,associate?,,,,"New Mexico, United States",1964,"Massey, 1964a","Massey, C.L., 1964a. The nematode parasites and associates of the fir engraver beetle, Scolytus ventralis Le Conte, in New Mexico. J. Insect Pathol. 6, 133–155.",https://www.cabidigitallibrary.org/doi/full/10.5555/19640501265,only English abstract
3cd970ea-0cac-81cf-9232-d76a263a7480,535,Scolytus ventralis,3cd970ea-0cac-8188-8580-c20e1d961821,Plectus makrodemas,Nematode,,,associate?,,,,"New Mexico, United States",1964,"Massey, 1964a","Massey, C.L., 1964a. The nematode parasites and associates of the fir engraver beetle, Scolytus ventralis Le Conte, in New Mexico. J. Insect Pathol. 6, 133–155.",https://www.cabidigitallibrary.org/doi/full/10.5555/19640501265,only English abstract
3cd970ea-0cac-8137-a8af-c84b1fcedcc4,536,Scolytus ventralis,3cd970ea-0cac-8188-8580-c20e1d961821,Panagromacra margaretae,Nematode,,,associate?,,,,"New Mexico, United States",1964,"Massey, 1964a","Massey, C.L., 1964a. The nematode parasites and associates of the fir engraver beetle, Scolytus ventralis Le Conte, in New Mexico. J. Insect Pathol. 6, 133–155.",https://www.cabidigitallibrary.org/doi/full/10.5555/19640501265,only English abstract
3cd970ea-0cac-815f-808d-d446d231aed4,537,Dendroctonus rufipennis,3cd970ea-0cac-8134-a2c9-c7fa5c20155e,Ektaphelenchus riograndensis,Nematode,,,parasite,,,,United States,1964,"Massey, 1964b","Massey, C.L., 1964b. Two new species of the nematode genus Ektaphelenchus (Nematoda: Aphelenchoididae) parasites of bark beetles in the south-western United States. Proc. Helminthol. Soc. Wash. 31, 37–40.",https://www.cabidigitallibrary.org/doi/full/10.5555/19650800469,only English abstract
3cd970ea-0cac-8196-a150-e4051c4b6615,538,Dendroctonus barberi,3cd970ea-0cac-813c-9bab-da0ca998a960,Ektaphelenchus riograndensis,Nematode,,,parasite,,,,United States,1964,"Massey, 1964b","Massey, C.L., 1964b. Two new species of the nematode genus Ektaphelenchus (Nematoda: Aphelenchoididae) parasites of bark beetles in the south-western United States. Proc. Helminthol. Soc. Wash. 31, 37–40.",https://www.cabidigitallibrary.org/doi/full/10.5555/19650800469,only English abstract
3cd970ea-0cac-814c-87b7-e273998b9277,539,Ips integer,3cd970ea-0cac-8150-8570-d0e2a0293166,Ektaphelenchus riograndensis,Nematode,,,parasite,,,,United States,1964,"Massey, 1964b","Massey, C.L., 1964b. Two new species of the nematode genus Ektaphelenchus (Nematoda: Aphelenchoididae) parasites of bark beetles in the south-western United States. Proc. Helminthol. Soc. Wash. 31, 37–40.",https://www.cabidigitallibrary.org/doi/full/10.5555/19650800469,only English abstract
3cd970ea-0cac-8164-972e-c812b58a2fe9,540,Ips calligraphus,3cd970ea-0cac-8173-bd2a-d18690870555,Ektaphelenchus riograndensis,Nematode,,,parasite,,,,United States,1964,"Massey, 1964b","Massey, C.L., 1964b. Two new species of the nematode genus Ektaphelenchus (Nematoda: Aphelenchoididae) parasites of bark beetles in the south-western United States. Proc. Helminthol. Soc. Wash. 31, 37–40.",https://www.cabidigitallibrary.org/doi/full/10.5555/19650800469,only English abstract
3cd970ea-0cac-81a7-acca-f7a01fa75fb7,541,Ips lecontei,3cd970ea-0cac-811d-944d-f6a33c686871,Ektaphelenchus riograndensis,Nematode,,,parasite,,,,United States,1964,"Massey, 1964b","Massey, C.L., 1964b. Two new species of the nematode genus Ektaphelenchus (Nematoda: Aphelenchoididae) parasites of bark beetles in the south-western United States. Proc. Helminthol. Soc. Wash. 31, 37–40.",https://www.cabidigitallibrary.org/doi/full/10.5555/19650800469,only English abstract
3cd970ea-0cac-81d3-b56e-efc6fbfcd20b,542,Ips oregonis,3cd970ea-0cac-8192-974d-d9a06e7893c5,Ektaphelenchus riograndensis,Nematode,,,parasite,,,,United States,1964,"Massey, 1964b","Massey, C.L., 1964b. Two new species of the nematode genus Ektaphelenchus (Nematoda: Aphelenchoididae) parasites of bark beetles in the south-western United States. Proc. Helminthol. Soc. Wash. 31, 37–40.",https://www.cabidigitallibrary.org/doi/full/10.5555/19650800469,only English abstract
3cd970ea-0cac-81f0-b0f7-c3793dd74b5e,543,Dryocoetes confusus,3cd970ea-0cac-8181-aa46-cd00f7c990d9,Ektaphelenchus prolobos,Nematode,,,parasite,,,,United States,1964,"Massey, 1964b","Massey, C.L., 1964b. Two new species of the nematode genus Ektaphelenchus (Nematoda: Aphelenchoididae) parasites of bark beetles in the south-western United States. Proc. Helminthol. Soc. Wash. 31, 37–40.",https://www.cabidigitallibrary.org/doi/full/10.5555/19650800469,only English abstract
3cd970ea-0cac-815f-b195-da1dd12b23d0,544,Dendroctonus adjunctus,3cd970ea-0cac-81fa-a396-df87a2420c72,Parasitylenchus stipatus,Nematode,,,internal parasite,,,,"New Mexico, United States",1966,"Massey, 1966a","Massey, C. L. (1966). The nematode parasites and associates of Dendroctonus adjunctus (Coleoptera: Scolytidae) in New Mexico. Annals of the Entomological Society of America, 59(3), 424-440.",https://doi.org/10.1093/aesa/59.3.424,
3cd970ea-0cac-81ea-86ff-c5dbab97958c,545,Dendroctonus adjunctus,3cd970ea-0cac-81fa-a396-df87a2420c72,Parasitaphelenchus dendroctoni,Nematode,,,internal parasite,,,,"New Mexico, United States",1966,"Massey, 1966a","Massey, C. L. (1966). The nematode parasites and associates of Dendroctonus adjunctus (Coleoptera: Scolytidae) in New Mexico. Annals of the Entomological Society of America, 59(3), 424-440.",https://doi.org/10.1093/aesa/59.3.424,
3cd970ea-0cac-81ef-9066-e268b33c6c1e,546,Dendroctonus pseudotsugae,3cd970ea-0cac-818b-8879-fe03575b52dd,Neoditylenchus puniwopus,Nematode,,,associate,,,,United States,1969,"Massey, 1969","Massey, C.L., 1969. New species of tylenchs associated with bark beetles in New Mexico and Colorado. Proc. Helminthol. Soc. Wash. 64, 43–52.",,
3cd970ea-0cac-81a8-9a20-f3ceff856fa6,547,Dendroctonus rufipennis,3cd970ea-0cac-8134-a2c9-c7fa5c20155e,Neoditylenchus yasinskii,Nematode,,,associate,,,,United States,1969,"Massey, 1969","Massey, C.L., 1969. New species of tylenchs associated with bark beetles in New Mexico and Colorado. Proc. Helminthol. Soc. Wash. 64, 43–52.",,
3cd970ea-0cac-817a-a11f-f44f9a41cbf9,548,Scolytus multistriatus,3cd970ea-0cac-81d9-bda0-ca455fdf65b6,Sychnotylenchus scolyti,Nematode,,,associate,,,,United States,1969,"Massey, 1969","Massey, C.L., 1969. New species of tylenchs associated with bark beetles in New Mexico and Colorado. Proc. Helminthol. Soc. Wash. 64, 43–52.",,
3cd970ea-0cac-815c-8624-d92c9930616f,549,Phloeosinus sp.,3cd970ea-0cac-81cc-9af4-d3e0b9bed7ce,Sychnotylenchus phloeosini,Nematode,,,associate,,,,United States,1969,"Massey, 1969","Massey, C.L., 1969. New species of tylenchs associated with bark beetles in New Mexico and Colorado. Proc. Helminthol. Soc. Wash. 64, 43–52.",,
3cd970ea-0cac-8115-a91e-f033e0c26257,550,Dendroctonus rufipennis,3cd970ea-0cac-8134-a2c9-c7fa5c20155e,Aglenchus exignus,Nematode,,,associate,,,,United States,1969,"Massey, 1969","Massey, C.L., 1969. New species of tylenchs associated with bark beetles in New Mexico and Colorado. Proc. Helminthol. Soc. Wash. 64, 43–52.",,
3cd970ea-0cac-8101-96f0-dfdc460d1832,551,Dendroctonus rufipennis,3cd970ea-0cac-8134-a2c9-c7fa5c20155e,Neotylenchus nitidus,Nematode,,,associate,,,,United States,1969,"Massey, 1969","Massey, C.L., 1969. New species of tylenchs associated with bark beetles in New Mexico and Colorado. Proc. Helminthol. Soc. Wash. 64, 43–52.",,
3cd970ea-0cac-8170-aeef-f245fb13b603,552,Dendroctonus adjunctus,3cd970ea-0cac-81fa-a396-df87a2420c72,Parasitylenchus stipatus,Nematode,,,parasite,,,,United States,1974,"Massey, 1974","Massey, C. L. (1974). Biology and taxonomy of nematode parasites and associates of bark beetles in the United States (No. 446). Forest Service, US Department of Agriculture.",https://archive.org/details/biologytaxonomyo0000mass,full text
3cd970ea-0cac-81bf-9ed8-fffe88a2e147,553,Dendroctonus adjunctus,3cd970ea-0cac-81fa-a396-df87a2420c72,Parasitaphelenchus dendroctoni,Nematode,,,parasite,,,,United States,1974,"Massey, 1974","Massey, C. L. (1974). Biology and taxonomy of nematode parasites and associates of bark beetles in the United States (No. 446). Forest Service, US Department of Agriculture.",https://archive.org/details/biologytaxonomyo0000mass,full text
3cd970ea-0cac-810f-a3d3-eb61a80a0c59,554,Dendroctonus brevicomis,3cd970ea-0cac-81b8-bdb2-d0d58ae1dd6f,Contortylenchus brevicomi,Nematode,,,parasite,,,,United States,1974,"Massey, 1974","Massey, C. L. (1974). Biology and taxonomy of nematode parasites and associates of bark beetles in the United States (No. 446). Forest Service, US Department of Agriculture.",https://archive.org/details/biologytaxonomyo0000mass,full text
3cd970ea-0cac-81e5-9bb4-e088ed3012aa,555,Dendroctonus frontalis,3cd970ea-0cac-81b5-b18d-f10167e662e3,Contortylenchus brevicomi,Nematode,,,parasite,,,,United States,1974,"Massey, 1974","Massey, C. L. (1974). Biology and taxonomy of nematode parasites and associates of bark beetles in the United States (No. 446). Forest Service, US Department of Agriculture.",https://archive.org/details/biologytaxonomyo0000mass,full text
3cd970ea-0cac-8114-9d1c-c730f193ae33,556,Dendroctonus ponderosae,3cd970ea-0cac-8190-bc06-f7745f245114,Contortylenchus reversus,Nematode,,,parasite,,,,United States,1974,"Massey, 1974","Massey, C. L. (1974). Biology and taxonomy of nematode parasites and associates of bark beetles in the United States (No. 446). Forest Service, US Department of Agriculture.",https://archive.org/details/biologytaxonomyo0000mass,full text
3cd970ea-0cac-8149-a590-ce0b846ac539,557,Dendroctonus pseudotsugae,3cd970ea-0cac-818b-8879-fe03575b52dd,Contortylenchus reversus,Nematode,,,parasite,,,,United States,1974,"Massey, 1974","Massey, C. L. (1974). Biology and taxonomy of nematode parasites and associates of bark beetles in the United States (No. 446). Forest Service, US Department of Agriculture.",https://archive.org/details/biologytaxonomyo0000mass,full text
3cd970ea-0cac-814a-9e9d-fb8a9026de87,558,Dendroctonus pseudotsugae,3cd970ea-0cac-818b-8879-fe03575b52dd,Parasitylenchus beccus,Nematode,,,parasite,,,,United States,1974,"Massey, 1974","Massey, C. L. (1974). Biology and taxonomy of nematode parasites and associates of bark beetles in the United States (No. 446). Forest Service, US Department of Agriculture.",https://archive.org/details/biologytaxonomyo0000mass,full text
3cd970ea-0cac-811b-87a0-f29b496c8f96,559,Dendroctonus rufipennis,3cd970ea-0cac-8134-a2c9-c7fa5c20155e,Sphaerularia dendroctoni,Nematode,,,parasite,,,,United States,1974,"Massey, 1974","Massey, C. L. (1974). Biology and taxonomy of nematode parasites and associates of bark beetles in the United States (No. 446). Forest Service, US Department of Agriculture.",https://archive.org/details/biologytaxonomyo0000mass,full text
3cd970ea-0cac-81ce-addc-d34353ed78b3,560,Dendroctonus rufipennis,3cd970ea-0cac-8134-a2c9-c7fa5c20155e,Contortylenchus reversus,Nematode,,,parasite,,,,United States,1974,"Massey, 1974","Massey, C. L. (1974). Biology and taxonomy of nematode parasites and associates of bark beetles in the United States (No. 446). Forest Service, US Department of Agriculture.",https://archive.org/details/biologytaxonomyo0000mass,full text
3cd970ea-0cac-81fd-b9ff-d297aa76c803,561,Dendroctonus terebrans,3cd970ea-0cac-8159-abaa-d4cae3c8c14e,Contortylenchus terebranus,Nematode,,,parasite,,,,United States,1974,"Massey, 1974","Massey, C. L. (1974). Biology and taxonomy of nematode parasites and associates of bark beetles in the United States (No. 446). Forest Service, US Department of Agriculture.",https://archive.org/details/biologytaxonomyo0000mass,full text
3cd970ea-0cac-8194-ab80-fda6a4d5f81b,562,Dendroctonus valens,3cd970ea-0cac-815f-8d62-ff317aff923c,Contortylenchus sp.,Nematode,,,parasite,,,,United States,1974,"Massey, 1974","Massey, C. L. (1974). Biology and taxonomy of nematode parasites and associates of bark beetles in the United States (No. 446). Forest Service, US Department of Agriculture.",https://archive.org/details/biologytaxonomyo0000mass,full text
3cd970ea-0cac-81ca-a5a6-c29dd0f8a01f,563,Ips avulsus,3cd970ea-0cac-81c2-b4d1-f11ed6ee8189,Parasitylenchus avulsi,Nematode,,,parasite,,,,United States,1974,"Massey, 1974","Massey, C. L. (1974). Biology and taxonomy of nematode parasites and associates of bark beetles in the United States (No. 446). Forest Service, US Department of Agriculture.",https://archive.org/details/biologytaxonomyo0000mass,full text
3cd970ea-0cac-819b-9813-ee0e64f5185f,564,Ips calligraphus,3cd970ea-0cac-8173-bd2a-d18690870555,Contortylenchus grandicolli,Nematode,,,parasite,,,,United States,1974,"Massey, 1974","Massey, C. L. (1974). Biology and taxonomy of nematode parasites and associates of bark beetles in the United States (No. 446). Forest Service, US Department of Agriculture.",https://archive.org/details/biologytaxonomyo0000mass,full text
3cd970ea-0cac-81bf-9a28-ec5cd463471c,565,Ips confusus,3cd970ea-0cac-81dc-bbc7-ee2c469f8ddf,Contortylenchus elongatus,Nematode,,,parasite,,,,United States,1974,"Massey, 1974","Massey, C. L. (1974). Biology and taxonomy of nematode parasites and associates of bark beetles in the United States (No. 446). Forest Service, US Department of Agriculture.",https://archive.org/details/biologytaxonomyo0000mass,full text
3cd970ea-0cac-81b7-83e3-caa1bed3b2ad,566,Ips cribricollis,3cd970ea-0cac-81de-9495-db898682da04,Contortylenchus cribicolli,Nematode,,,parasite,,,,United States,1974,"Massey, 1974","Massey, C. L. (1974). Biology and taxonomy of nematode parasites and associates of bark beetles in the United States (No. 446). Forest Service, US Department of Agriculture.",https://archive.org/details/biologytaxonomyo0000mass,full text
3cd970ea-0cac-81da-a919-cca2ff0b50c8,567,Ips grandicollis,3cd970ea-0cac-8100-b325-daf2aaa8c8b8,Contortylenchus grandicolli,Nematode,,,parasite,,,,United States,1974,"Massey, 1974","Massey, C. L. (1974). Biology and taxonomy of nematode parasites and associates of bark beetles in the United States (No. 446). Forest Service, US Department of Agriculture.",https://archive.org/details/biologytaxonomyo0000mass,full text
3cd970ea-0cac-8119-a593-c31b9827ae80,568,Ips pilifrons,3cd970ea-0cac-81aa-ae2b-d637066a700f,Contortylenchus spirus,Nematode,,,parasite,,,,United States,1974,"Massey, 1974","Massey, C. L. (1974). Biology and taxonomy of nematode parasites and associates of bark beetles in the United States (No. 446). Forest Service, US Department of Agriculture.",https://archive.org/details/biologytaxonomyo0000mass,full text
3cd970ea-0cac-81eb-b172-f00b4363c020,569,Ips pini,3cd970ea-0cac-81f0-9fd5-cb33623bff72,Parasitylenchus ipinius,Nematode,,,parasite,,,,United States,1974,"Massey, 1974","Massey, C. L. (1974). Biology and taxonomy of nematode parasites and associates of bark beetles in the United States (No. 446). Forest Service, US Department of Agriculture.",https://archive.org/details/biologytaxonomyo0000mass,full text
3cd970ea-0cac-810b-a0bc-fdc8a1c1fef9,570,Ips pini,3cd970ea-0cac-81f0-9fd5-cb33623bff72,Parasitylenchus ovarius,Nematode,,,parasite,,,,United States,1974,"Massey, 1974","Massey, C. L. (1974). Biology and taxonomy of nematode parasites and associates of bark beetles in the United States (No. 446). Forest Service, US Department of Agriculture.",https://archive.org/details/biologytaxonomyo0000mass,full text
3cd970ea-0cac-81be-9077-fd6db515ce20,571,Ips pini,3cd970ea-0cac-81f0-9fd5-cb33623bff72,Contortylenchus spirus,Nematode,,,parasite,,,,United States,1974,"Massey, 1974","Massey, C. L. (1974). Biology and taxonomy of nematode parasites and associates of bark beetles in the United States (No. 446). Forest Service, US Department of Agriculture.",https://archive.org/details/biologytaxonomyo0000mass,full text
3cd970ea-0cac-81de-b164-e465981248b4,572,Hylurgops pinifex,3cd970ea-0cac-8119-93e9-c9a99ba03ca3,Parasitylenchus coronatus,Nematode,,,parasite,,,,United States,1974,"Massey, 1974","Massey, C. L. (1974). Biology and taxonomy of nematode parasites and associates of bark beetles in the United States (No. 446). Forest Service, US Department of Agriculture.",https://archive.org/details/biologytaxonomyo0000mass,full text
3cd970ea-0cac-81cd-8eb3-f62a379bf602,573,Hylurgops pinifex,3cd970ea-0cac-8119-93e9-c9a99ba03ca3,Contortylenchus sp.,Nematode,,,parasite,,,,United States,1974,"Massey, 1974","Massey, C. L. (1974). Biology and taxonomy of nematode parasites and associates of bark beetles in the United States (No. 446). Forest Service, US Department of Agriculture.",https://archive.org/details/biologytaxonomyo0000mass,full text
3cd970ea-0cac-81a1-9b57-e855f9f62f65,574,Hylesinus aculeatus,3cd970ea-0cac-81bc-886e-ed9b9d343391,Parasitylenchus lepersini,Nematode,,,parasite,,,,United States,1974,"Massey, 1974","Massey, C. L. (1974). Biology and taxonomy of nematode parasites and associates of bark beetles in the United States (No. 446). Forest Service, US Department of Agriculture.",https://archive.org/details/biologytaxonomyo0000mass,full text
3cd970ea-0cac-8101-8ae9-f58a25f378c0,575,Orthotomicus caelatus,3cd970ea-0cac-81b6-a356-f37efda65afd,Parasitylenchus oriundus,Nematode,,,parasite,,,,United States,1974,"Massey, 1974","Massey, C. L. (1974). Biology and taxonomy of nematode parasites and associates of bark beetles in the United States (No. 446). Forest Service, US Department of Agriculture.",https://archive.org/details/biologytaxonomyo0000mass,full text
3cd970ea-0cac-811c-b87f-c038d279fbae,576,Pityophthorus sp.,3cd970ea-0cac-813e-ad04-c07f365002ca,Contortylenchus pityophthori,Nematode,,,parasite,,,,United States,1974,"Massey, 1974","Massey, C. L. (1974). Biology and taxonomy of nematode parasites and associates of bark beetles in the United States (No. 446). Forest Service, US Department of Agriculture.",https://archive.org/details/biologytaxonomyo0000mass,full text
3cd970ea-0cac-8163-878f-f348f4578441,577,Pityophthorus sp.,3cd970ea-0cac-813e-ad04-c07f365002ca,Parasitaphelenchus sp.,Nematode,,,parasite,,,,United States,1974,"Massey, 1974","Massey, C. L. (1974). Biology and taxonomy of nematode parasites and associates of bark beetles in the United States (No. 446). Forest Service, US Department of Agriculture.",https://archive.org/details/biologytaxonomyo0000mass,full text
3cd970ea-0cac-81c6-a15c-e7265c24e860,578,Pityophthorus sp.,3cd970ea-0cac-813e-ad04-c07f365002ca,Parasitylenchus sp.,Nematode,,,parasite,,,,United States,1974,"Massey, 1974","Massey, C. L. (1974). Biology and taxonomy of nematode parasites and associates of bark beetles in the United States (No. 446). Forest Service, US Department of Agriculture.",https://archive.org/details/biologytaxonomyo0000mass,full text
3cd970ea-0cac-8114-91b4-fdca96b4b4d8,579,Polygraphus hoppingi,3cd970ea-0cac-8193-8064-d33a9fe2fb7f,Parasitylenchus parasitus,Nematode,,,parasite,,,,United States,1974,"Massey, 1974","Massey, C. L. (1974). Biology and taxonomy of nematode parasites and associates of bark beetles in the United States (No. 446). Forest Service, US Department of Agriculture.",https://archive.org/details/biologytaxonomyo0000mass,full text
3cd970ea-0cac-8148-bb38-d0747f36f015,580,Scolytus multistriatus,3cd970ea-0cac-81d9-bda0-ca455fdf65b6,Parasitaphelenchus sp.,Nematode,,,parasite,,,,United States,1974,"Massey, 1974","Massey, C. L. (1974). Biology and taxonomy of nematode parasites and associates of bark beetles in the United States (No. 446). Forest Service, US Department of Agriculture.",https://archive.org/details/biologytaxonomyo0000mass,full text
3cd970ea-0cac-811e-a603-e2a49c2e4b9b,581,Scolytus ventralis,3cd970ea-0cac-8188-8580-c20e1d961821,Parasitylenchus elongatus,Nematode,,,parasite,,,,United States,1974,"Massey, 1974","Massey, C. L. (1974). Biology and taxonomy of nematode parasites and associates of bark beetles in the United States (No. 446). Forest Service, US Department of Agriculture.",https://archive.org/details/biologytaxonomyo0000mass,full text
3cd970ea-0cac-819f-b08e-eac1df2b9dff,582,Ips typographus,3cd970ea-0cac-81e7-bd37-c7209a5601d7,Beauveria bassiana,Fungi,,,,,pathogenicity test,,,1985,"Matha and Weiser, 1985","Matha V. & J. Weiser 1985. Effect of the fungus Beauveria bassiana on adult bark beetles Ips typographus. Conference Biological and Biotechnical Control of Forest Pests, Tabor (CSFR).",,non full-text
3cd970ea-0cac-817b-95be-e045526bc70c,583,Ips typographus,3cd970ea-0cac-81e7-bd37-c7209a5601d7,Chytridiopsis typographi,Protist,evaluation of pathogen from beetles,,pathogen,,,,Slovakia,2012,"Michalková et al., 2012","Michalková, V., Krascsenitsová, E., & Kozánek, M. (2012). On the pathogens of the spruce bark beetle Ips typographus (Coleoptera: Scolytinae) in the Western Carpathians. Biologia, 67(1), 217-221.",https://doi.org/10.2478/s11756-011-0154-7,full text
3cd970ea-0cac-8130-bdea-dccfb23cb6df,584,Ips typographus,3cd970ea-0cac-81e7-bd37-c7209a5601d7,Gregarina typographi,Protist,evaluation of pathogen from beetles,,pathogen,,,,Slovakia,2012,"Michalková et al., 2012","Michalková, V., Krascsenitsová, E., & Kozánek, M. (2012). On the pathogens of the spruce bark beetle Ips typographus (Coleoptera: Scolytinae) in the Western Carpathians. Biologia, 67(1), 217-221.",https://doi.org/10.2478/s11756-011-0154-7,full text
3cd970ea-0cac-81ea-adc7-cf5eed8b978f,585,Ips typographus,3cd970ea-0cac-81e7-bd37-c7209a5601d7,Malamoeba scolyti,Protist,evaluation of pathogen from beetles,,pathogen,,,,Slovakia,2012,"Michalková et al., 2012","Michalková, V., Krascsenitsová, E., & Kozánek, M. (2012). On the pathogens of the spruce bark beetle Ips typographus (Coleoptera: Scolytinae) in the Western Carpathians. Biologia, 67(1), 217-221.",https://doi.org/10.2478/s11756-011-0154-7,full text
3cd970ea-0cac-81d9-8352-d3a5d76e7c95,586,Ips typographus,3cd970ea-0cac-81e7-bd37-c7209a5601d7,Neoparasitylenchus sp.,Nematode,evaluation of pathogen from beetles,,pathogen,,,,Slovakia,2012,"Michalková et al., 2012","Michalková, V., Krascsenitsová, E., & Kozánek, M. (2012). On the pathogens of the spruce bark beetle Ips typographus (Coleoptera: Scolytinae) in the Western Carpathians. Biologia, 67(1), 217-221.",https://doi.org/10.2478/s11756-011-0154-7,full text
3cd970ea-0cac-8196-923e-d9e87c87629b,587,Ips typographus,3cd970ea-0cac-81e7-bd37-c7209a5601d7,unidentified nematode species,Nematode,evaluation of pathogen from beetles,,pathogen,,,,Slovakia,2012,"Michalková et al., 2012","Michalková, V., Krascsenitsová, E., & Kozánek, M. (2012). On the pathogens of the spruce bark beetle Ips typographus (Coleoptera: Scolytinae) in the Western Carpathians. Biologia, 67(1), 217-221.",https://doi.org/10.2478/s11756-011-0154-7,full text
3cd970ea-0cac-81cc-a323-e8b39195f263,588,Ips typographus,3cd970ea-0cac-81e7-bd37-c7209a5601d7,Beauveria bassiana,Fungi,evaluation of pathogen from beetles,,pathogen,,,,Slovakia,2012,"Michalková et al., 2012","Michalková, V., Krascsenitsová, E., & Kozánek, M. (2012). On the pathogens of the spruce bark beetle Ips typographus (Coleoptera: Scolytinae) in the Western Carpathians. Biologia, 67(1), 217-221.",https://doi.org/10.2478/s11756-011-0154-7,full text
3cd970ea-0cac-8180-9faf-d1276291a2e2,589,Ips typographus,3cd970ea-0cac-81e7-bd37-c7209a5601d7,Beauveria bassiana,Fungi,isolated from infected beetle,,pathogen,morphological and molecular,,,Serbia,2021,"Milosavljević et al., 2021","Milosavljević, M., Tabaković-Tošić, M., Radulović, Z., Marković, M., & Rindoš, M. (2021). Isolation, identification and phylogenetic position of entomopathogenic fungus Beauveria bassiana from Ips typographus in Serbia. Fresenius Environ. Bull, 30, 9443-9448.",https://www.researchgate.net/profile/Michal-Rindos/publication/353555079_Isolation_identification_and_phylogenetic_position_of_entomopathogenic_fungus_Beauveria_bassiana_from_Ips_typographus_in_Serbia/links/6102aaec1ca20f6f86e7e226/Isolation-identification-and-phylogenetic-position-of-entomopathogenic-fungus-Beauveria-bassiana-from-Ips-typographus-in-Serbia.pdf,full text
3cd970ea-0cac-81d0-b5fe-d41a47a77460,590,Ips typographus,3cd970ea-0cac-81e7-bd37-c7209a5601d7,Beauveria bassiana,Fungi,isolated from infected beetle,cuticular contact,pathogen,,pathogenicity test,laboratory,Serbia,2026,"Milosavljević et al., 2026","Milosavljević, M., Tabaković-Tošić, M., Stajić, S., Mitrović, S., Radulović, Z., Poduška, Z., & Gavrilović, B. (2026). Biocontrol Potential of Indigenous Beauveria bassiana Strain Against Ips typographus from Tara National Park Under Varying Temperature Regimes. Šumarski list, 150(5-6), 219-227.",https://hrcak.srce.hr/file/501420,full text
3cd970ea-0cac-81bc-b23d-f17627786ed4,591,Hypothenemus hampei,3cd970ea-0cac-81f7-998c-d66f5aa14d2a,Beauveria bassiana,Fungi,isolated from infected beetle,,associate; occurrence survey,morphological,,,Nicaragua,2007,"Monzón et al., 2007","Monzón, A., Klingen, I., Guharay, F., & Papierok, B. (2007). Naturally occurring Beauveria bassiana in Hypothenemus hampei populations in unsprayed coffee fields. IOBC WPRS BULLETIN, 30(1), 131.",https://www.researchgate.net/profile/Milan-Pernek/publication/311344954_Occurence_of_Gregarina_typographi_Sporozoa_Gregarinidae_and_Metschnikowia_cf_typographi_Ascomycota_Metschnikowiacae_in_Ips_sexdentatus_Coleoptera_Scolytidae_from_Austria/links/5f16b54d92851cd5fa39b48c/Occurence-of-Gregarina-typographi-Sporozoa-Gregarinidae-and-Metschnikowia-cf-typographi-Ascomycota-Metschnikowiacae-in-Ips-sexdentatus-Coleoptera-Scolytidae-from-Austria.pdf#page=140,full text
3cd970ea-0cac-81d5-84db-fb9eeaf51744,592,Dendroctonus frontalis,3cd970ea-0cac-81b5-b18d-f10167e662e3,Serratia marcescens,Bacteria,evaluation of pathogen from beetles,,pathogen,,,,United States,1971,Moore 1971,"Moore G.E. 1971. Mortality Factors Caused by Pathogenic Bacteria and Fungi of the Southern Pine Beetle in North Carolina. Journal of Invertebrate Pathology 17, 28-37.",https://doi.org/10.1016/0022-2011(71)90121-2,full text
3cd970ea-0cac-81ce-b001-c2057f5ce231,593,Dendroctonus frontalis,3cd970ea-0cac-81b5-b18d-f10167e662e3,Pseudomonas aeruginosa,Bacteria,evaluation of pathogen from beetles,,pathogen,,,,United States,1971,Moore 1971,"Moore G.E. 1971. Mortality Factors Caused by Pathogenic Bacteria and Fungi of the Southern Pine Beetle in North Carolina. Journal of Invertebrate Pathology 17, 28-37.",https://doi.org/10.1016/0022-2011(71)90121-2,full text
3cd970ea-0cac-816b-9e7d-ed551e0ef289,594,Dendroctonus frontalis,3cd970ea-0cac-81b5-b18d-f10167e662e3,Bacillus thuringiensis var. thuringiensis,Bacteria,evaluation of pathogen from beetles,,pathogen,,,,United States,1971,Moore 1971,"Moore G.E. 1971. Mortality Factors Caused by Pathogenic Bacteria and Fungi of the Southern Pine Beetle in North Carolina. Journal of Invertebrate Pathology 17, 28-37.",https://doi.org/10.1016/0022-2011(71)90121-2,full text
3cd970ea-0cac-81ed-a78f-c0f002ac9f8d,595,Dendroctonus frontalis,3cd970ea-0cac-81b5-b18d-f10167e662e3,Flavobacterium sp.,Bacteria,evaluation of pathogen from beetles,,pathogen,,,,United States,1971,Moore 1971,"Moore G.E. 1971. Mortality Factors Caused by Pathogenic Bacteria and Fungi of the Southern Pine Beetle in North Carolina. Journal of Invertebrate Pathology 17, 28-37.",https://doi.org/10.1016/0022-2011(71)90121-2,full text
3cd970ea-0cac-817c-8de1-d67eb17eb19d,596,Dendroctonus frontalis,3cd970ea-0cac-81b5-b18d-f10167e662e3,Bacillus cereus,Bacteria,evaluation of pathogen from beetles,,pathogen,,,,United States,1971,Moore 1971,"Moore G.E. 1971. Mortality Factors Caused by Pathogenic Bacteria and Fungi of the Southern Pine Beetle in North Carolina. Journal of Invertebrate Pathology 17, 28-37.",https://doi.org/10.1016/0022-2011(71)90121-2,full text
3cd970ea-0cac-8179-b939-efa49fe5914c,597,Dendroctonus frontalis,3cd970ea-0cac-81b5-b18d-f10167e662e3,Pseudomonas fluorescens,Bacteria,evaluation of pathogen from beetles,,pathogen,,,,United States,1971,Moore 1971,"Moore G.E. 1971. Mortality Factors Caused by Pathogenic Bacteria and Fungi of the Southern Pine Beetle in North Carolina. Journal of Invertebrate Pathology 17, 28-37.",https://doi.org/10.1016/0022-2011(71)90121-2,full text
3cd970ea-0cac-8176-9905-d63119ebe38c,598,Dendroctonus frontalis,3cd970ea-0cac-81b5-b18d-f10167e662e3,Fusarium solani,Fungi,evaluation of pathogen from beetles,,pathogen,,,,United States,1971,Moore 1971,"Moore G.E. 1971. Mortality Factors Caused by Pathogenic Bacteria and Fungi of the Southern Pine Beetle in North Carolina. Journal of Invertebrate Pathology 17, 28-37.",https://doi.org/10.1016/0022-2011(71)90121-2,full text
3cd970ea-0cac-814c-bda9-fc466cc84f1c,599,Dendroctonus frontalis,3cd970ea-0cac-81b5-b18d-f10167e662e3,Beauveria bassiana,Fungi,evaluation of pathogen from beetles,,pathogen,,,,United States,1971,Moore 1971,"Moore G.E. 1971. Mortality Factors Caused by Pathogenic Bacteria and Fungi of the Southern Pine Beetle in North Carolina. Journal of Invertebrate Pathology 17, 28-37.",https://doi.org/10.1016/0022-2011(71)90121-2,full text
3cd970ea-0cac-8198-b4a9-c3a8757610f4,600,Dendroctonus frontalis,3cd970ea-0cac-81b5-b18d-f10167e662e3,Aspergillus flavus,Fungi,evaluation of pathogen from beetles,,pathogen,,,,United States,1971,Moore 1971,"Moore G.E. 1971. Mortality Factors Caused by Pathogenic Bacteria and Fungi of the Southern Pine Beetle in North Carolina. Journal of Invertebrate Pathology 17, 28-37.",https://doi.org/10.1016/0022-2011(71)90121-2,full text
3cd970ea-0cac-8128-a66c-ed0cdf275aa0,601,Dendroctonus frontalis,3cd970ea-0cac-81b5-b18d-f10167e662e3,Cephalosporium sp.,Fungi,evaluation of pathogen from beetles,,pathogen,,,,United States,1971,Moore 1971,"Moore G.E. 1971. Mortality Factors Caused by Pathogenic Bacteria and Fungi of the Southern Pine Beetle in North Carolina. Journal of Invertebrate Pathology 17, 28-37.",https://doi.org/10.1016/0022-2011(71)90121-2,full text
3cd970ea-0cac-8105-813c-cc575a85e79e,602,Dendroctonus frontalis,3cd970ea-0cac-81b5-b18d-f10167e662e3,Metarhizium anisopliae,Fungi,evaluation of pathogen from beetles,,pathogen,,,,United States,1971,Moore 1971,"Moore G.E. 1971. Mortality Factors Caused by Pathogenic Bacteria and Fungi of the Southern Pine Beetle in North Carolina. Journal of Invertebrate Pathology 17, 28-37.",https://doi.org/10.1016/0022-2011(71)90121-2,full text
3cd970ea-0cac-815a-a8ee-c372459ddafe,603,Dendroctonus frontalis,3cd970ea-0cac-81b5-b18d-f10167e662e3,Paecilomyces sp.,Fungi,evaluation of pathogen from beetles,,pathogen,,,,United States,1971,Moore 1971,"Moore G.E. 1971. Mortality Factors Caused by Pathogenic Bacteria and Fungi of the Southern Pine Beetle in North Carolina. Journal of Invertebrate Pathology 17, 28-37.",https://doi.org/10.1016/0022-2011(71)90121-2,full text
3cd970ea-0cac-8196-948f-c84f0d849655,604,Dendroctonus frontalis,3cd970ea-0cac-81b5-b18d-f10167e662e3,Scopulariopsis sp.,Fungi,evaluation of pathogen from beetles,,pathogen,,,,United States,1971,Moore 1971,"Moore G.E. 1971. Mortality Factors Caused by Pathogenic Bacteria and Fungi of the Southern Pine Beetle in North Carolina. Journal of Invertebrate Pathology 17, 28-37.",https://doi.org/10.1016/0022-2011(71)90121-2,full text
3cd970ea-0cac-812a-ab89-c67f908dd650,605,Dendroctonus frontalis,3cd970ea-0cac-81b5-b18d-f10167e662e3,Aerobacter aerogenes,Bacteria,isolated from beetle,,,,,,United States,1972,Moore 1972a,"Moore G.E. 1972. Microflora from the Alimentary Tract of Healthy Southern Pine Beetles, Dendroctonus frontalis (Scolytidae), and Their Possible Relationship to Pathogenicity. Journal of Invertebrate Pathology 19, 72-75.",https://doi.org/10.1016/0022-2011(72)90191-7,full text
3cd970ea-0cac-8152-ab5b-f0c300e08ea6,606,Dendroctonus frontalis,3cd970ea-0cac-81b5-b18d-f10167e662e3,Alcaligenes faecalis,Bacteria,isolated from beetle,,,,,,United States,1972,Moore 1972a,"Moore G.E. 1972. Microflora from the Alimentary Tract of Healthy Southern Pine Beetles, Dendroctonus frontalis (Scolytidae), and Their Possible Relationship to Pathogenicity. Journal of Invertebrate Pathology 19, 72-75.",https://doi.org/10.1016/0022-2011(72)90191-7,full text
3cd970ea-0cac-8126-93bf-f2e4d2c333ad,607,Dendroctonus frontalis,3cd970ea-0cac-81b5-b18d-f10167e662e3,Serratia marcescens,Bacteria,isolated from beetle,,,,,,United States,1972,Moore 1972a,"Moore G.E. 1972. Microflora from the Alimentary Tract of Healthy Southern Pine Beetles, Dendroctonus frontalis (Scolytidae), and Their Possible Relationship to Pathogenicity. Journal of Invertebrate Pathology 19, 72-75.",https://doi.org/10.1016/0022-2011(72)90191-7,full text
3cd970ea-0cac-81e9-98fa-fb5a50ba4ea5,608,Dendroctonus frontalis,3cd970ea-0cac-81b5-b18d-f10167e662e3,Bacillus cereus,Bacteria,isolated from beetle,,,,,,United States,1972,Moore 1972a,"Moore G.E. 1972. Microflora from the Alimentary Tract of Healthy Southern Pine Beetles, Dendroctonus frontalis (Scolytidae), and Their Possible Relationship to Pathogenicity. Journal of Invertebrate Pathology 19, 72-75.",https://doi.org/10.1016/0022-2011(72)90191-7,full text
3cd970ea-0cac-8177-b904-d4e8b122c1d4,609,Dendroctonus frontalis,3cd970ea-0cac-81b5-b18d-f10167e662e3,Beauveria baasiana,Fungi,isolated from beetle,,pathogen,,,,United States,1972,Moore 1972a,"Moore G.E. 1972. Microflora from the Alimentary Tract of Healthy Southern Pine Beetles, Dendroctonus frontalis (Scolytidae), and Their Possible Relationship to Pathogenicity. Journal of Invertebrate Pathology 19, 72-75.",https://doi.org/10.1016/0022-2011(72)90191-7,full text
3cd970ea-0cac-813c-a57a-e32baadbc0ab,610,Dendroctonus frontalis,3cd970ea-0cac-81b5-b18d-f10167e662e3,Aspergillus favus,Fungi,isolated from beetle,,,,,,United States,1972,Moore 1972a,"Moore G.E. 1972. Microflora from the Alimentary Tract of Healthy Southern Pine Beetles, Dendroctonus frontalis (Scolytidae), and Their Possible Relationship to Pathogenicity. Journal of Invertebrate Pathology 19, 72-75.",https://doi.org/10.1016/0022-2011(72)90191-7,full text
3cd970ea-0cac-81e6-8074-e7b3f23931aa,611,Dendroctonus frontalis,3cd970ea-0cac-81b5-b18d-f10167e662e3,Fusarium solani,Fungi,isolated from beetle,,,,,,United States,1972,Moore 1972a,"Moore G.E. 1972. Microflora from the Alimentary Tract of Healthy Southern Pine Beetles, Dendroctonus frontalis (Scolytidae), and Their Possible Relationship to Pathogenicity. Journal of Invertebrate Pathology 19, 72-75.",https://doi.org/10.1016/0022-2011(72)90191-7,full text
3cd970ea-0cac-81d6-8488-ec50457d97ff,612,Dendroctonus frontalis,3cd970ea-0cac-81b5-b18d-f10167e662e3,Beauveria bassiana,Fungi,,,,,pathogenicity test,laboratory,,1970,"Moore, 1970","Moore, G. E. (1970). Isolating entomogenous fungi and bacteria, and tests of fungal isolates against the southern pine beetle.",https://doi.org/10.1093/jee/63.5.1702,full text
3cd970ea-0cac-81b6-9d3f-f43de015f07e,613,Dendroctonus frontalis,3cd970ea-0cac-81b5-b18d-f10167e662e3,Aspergillus flavus,Fungi,,,,,pathogenicity test,laboratory,,1970,"Moore, 1970","Moore, G. E. (1970). Isolating entomogenous fungi and bacteria, and tests of fungal isolates against the southern pine beetle.",https://doi.org/10.1093/jee/63.5.1702,full text
3cd970ea-0cac-811a-a887-ea2c070dc451,614,Dendroctonus frontalis,3cd970ea-0cac-81b5-b18d-f10167e662e3,Fusarium solani,Fungi,,,,,pathogenicity test,laboratory,,1970,"Moore, 1970","Moore, G. E. (1970). Isolating entomogenous fungi and bacteria, and tests of fungal isolates against the southern pine beetle.",https://doi.org/10.1093/jee/63.5.1702,full text
3cd970ea-0cac-818d-8655-e193fe548b48,615,Dendroctonus frontalis,3cd970ea-0cac-81b5-b18d-f10167e662e3,Bacillus cereus,Bacteria,isolated from infected beetle,,,,pathogenicity test,laboratory,United States,1972,"Moore, 1972b","Moore, G.E., 1972. Pathogenicity of ten strains of bacteria to larvae of the southern pine beetle. J. Invertebr. Pathol. 20, 41–45.",https://doi.org/10.1016/0022-2011(72)90079-1,full text
3cd970ea-0cac-8139-a09a-fd8b6a926619,616,Dendroctonus frontalis,3cd970ea-0cac-81b5-b18d-f10167e662e3,Bacillus thuringiensis var. thuringiensis,Bacteria,isolated from infected beetle,,,,pathogenicity test,laboratory,United States,1972,"Moore, 1972b","Moore, G.E., 1972. Pathogenicity of ten strains of bacteria to larvae of the southern pine beetle. J. Invertebr. Pathol. 20, 41–45.",https://doi.org/10.1016/0022-2011(72)90079-1,full text
3cd970ea-0cac-814c-930f-e68091cd1fc2,617,Dendroctonus frontalis,3cd970ea-0cac-81b5-b18d-f10167e662e3,Bacillus thuringiensis var. kenyae,Bacteria,isolated from infected beetle,,,,pathogenicity test,laboratory,United States,1972,"Moore, 1972b","Moore, G.E., 1972. Pathogenicity of ten strains of bacteria to larvae of the southern pine beetle. J. Invertebr. Pathol. 20, 41–45.",https://doi.org/10.1016/0022-2011(72)90079-1,full text
3cd970ea-0cac-8166-a606-d1cfd671ac5c,618,Dendroctonus frontalis,3cd970ea-0cac-81b5-b18d-f10167e662e3,Pseudomonas aeruginosa,Bacteria,isolated from infected beetle,,,,pathogenicity test,laboratory,United States,1972,"Moore, 1972b","Moore, G.E., 1972. Pathogenicity of ten strains of bacteria to larvae of the southern pine beetle. J. Invertebr. Pathol. 20, 41–45.",https://doi.org/10.1016/0022-2011(72)90079-1,full text
3cd970ea-0cac-8164-be31-ea56d31fafcb,619,Dendroctonus frontalis,3cd970ea-0cac-81b5-b18d-f10167e662e3,Pseudomonas fluorescens,Bacteria,isolated from infected beetle,,,,pathogenicity test,laboratory,United States,1972,"Moore, 1972b","Moore, G.E., 1972. Pathogenicity of ten strains of bacteria to larvae of the southern pine beetle. J. Invertebr. Pathol. 20, 41–45.",https://doi.org/10.1016/0022-2011(72)90079-1,full text
3cd970ea-0cac-815d-9c11-e13096179f2b,620,Dendroctonus frontalis,3cd970ea-0cac-81b5-b18d-f10167e662e3,Serratia marcescens,Bacteria,isolated from infected beetle,,,,pathogenicity test,laboratory,United States,1972,"Moore, 1972b","Moore, G.E., 1972. Pathogenicity of ten strains of bacteria to larvae of the southern pine beetle. J. Invertebr. Pathol. 20, 41–45.",https://doi.org/10.1016/0022-2011(72)90079-1,full text
3cd970ea-0cac-81ed-ba23-d64ab575dd90,621,Dendroctonus frontalis,3cd970ea-0cac-81b5-b18d-f10167e662e3,Beauveria bassiana,Fungi,isolated from infected beetle,,,,pathogenicity test,laboratory,,1973,"Moore, 1973","Moore, G. E. (1973). Pathogenicity of three entomogenous fungi to the southern pine beetle at various temperatures and humidities. Environmental Entomology, 2(1), 54-57.",https://doi.org/10.1093/ee/2.1.54,full text
3cd970ea-0cac-814c-b52f-de63673a2d45,622,Dendroctonus frontalis,3cd970ea-0cac-81b5-b18d-f10167e662e3,Aspergillus flavus,Fungi,isolated from infected beetle,,,,pathogenicity test,laboratory,,1973,"Moore, 1973","Moore, G. E. (1973). Pathogenicity of three entomogenous fungi to the southern pine beetle at various temperatures and humidities. Environmental Entomology, 2(1), 54-57.",https://doi.org/10.1093/ee/2.1.54,full text
3cd970ea-0cac-8116-9cdb-e2238edf11ae,623,Dendroctonus frontalis,3cd970ea-0cac-81b5-b18d-f10167e662e3,Fusarium solani,Fungi,isolated from infected beetle,,,,pathogenicity test,laboratory,,1973,"Moore, 1973","Moore, G. E. (1973). Pathogenicity of three entomogenous fungi to the southern pine beetle at various temperatures and humidities. Environmental Entomology, 2(1), 54-57.",https://doi.org/10.1093/ee/2.1.54,full text
3cd970ea-0cac-8162-9a4e-d7f80004c51c,624,Ips typographus,3cd970ea-0cac-81e7-bd37-c7209a5601d7,Beauveria bassiana,Fungi,isolated from infected beetle,,,morphological and molecular,pathogenicity test,laboratory,Slovakia,2013,"Mudrončeková et al., 2013","Mudrončeková, S., Mazáň, M., & Nemčovič, M. (2013). Entomopathogenic fungus species Beauveria bassiana (Bals.) and Metarhizium anisopliae (Metsch.) used as mycoinsecticide effective in biological control of Ips typographus (L.). Journal of Microbiology, Biotechnology and Food Sciences, 2(6), 2469-2472.",https://office2.jmbfs.org/index.php/JMBFS/article/view/7106,full text
3cd970ea-0cac-81fc-a759-da2b6c3f0091,625,Ips typographus,3cd970ea-0cac-81e7-bd37-c7209a5601d7,Metarhizium anisopliae,Fungi,isolated from soil,,,morphological and molecular,pathogenicity test,laboratory,Slovakia,2013,"Mudrončeková et al., 2013","Mudrončeková, S., Mazáň, M., & Nemčovič, M. (2013). Entomopathogenic fungus species Beauveria bassiana (Bals.) and Metarhizium anisopliae (Metsch.) used as mycoinsecticide effective in biological control of Ips typographus (L.). Journal of Microbiology, Biotechnology and Food Sciences, 2(6), 2469-2472.",https://office2.jmbfs.org/index.php/JMBFS/article/view/7106,full text
3cd970ea-0cac-8108-99fd-fab658ec1017,626,Ips typographus,3cd970ea-0cac-81e7-bd37-c7209a5601d7,Aspergilus flavus,Fungi,isolated from infected beetle,,,morphological and molecular,pathogenicity test,laboratory,Slovakia,2013,"Mudrončeková et al., 2013","Mudrončeková, S., Mazáň, M., & Nemčovič, M. (2013). Entomopathogenic fungus species Beauveria bassiana (Bals.) and Metarhizium anisopliae (Metsch.) used as mycoinsecticide effective in biological control of Ips typographus (L.). Journal of Microbiology, Biotechnology and Food Sciences, 2(6), 2469-2472.",https://office2.jmbfs.org/index.php/JMBFS/article/view/7106,full text
3cd970ea-0cac-81fc-930a-c3de410a1178,627,Ips typographus,3cd970ea-0cac-81e7-bd37-c7209a5601d7,Aspergilus oryzae,Fungi,isolated from infected beetle,,,morphological and molecular,pathogenicity test,laboratory,Slovakia,2013,"Mudrončeková et al., 2013","Mudrončeková, S., Mazáň, M., & Nemčovič, M. (2013). Entomopathogenic fungus species Beauveria bassiana (Bals.) and Metarhizium anisopliae (Metsch.) used as mycoinsecticide effective in biological control of Ips typographus (L.). Journal of Microbiology, Biotechnology and Food Sciences, 2(6), 2469-2472.",https://office2.jmbfs.org/index.php/JMBFS/article/view/7106,full text
3cd970ea-0cac-81ad-969f-fbee5381e935,628,Ips typographus,3cd970ea-0cac-81e7-bd37-c7209a5601d7,Penicillium ochrochloron,Fungi,isolated from infected beetle,,,morphological and molecular,pathogenicity test,laboratory,Slovakia,2013,"Mudrončeková et al., 2013","Mudrončeková, S., Mazáň, M., & Nemčovič, M. (2013). Entomopathogenic fungus species Beauveria bassiana (Bals.) and Metarhizium anisopliae (Metsch.) used as mycoinsecticide effective in biological control of Ips typographus (L.). Journal of Microbiology, Biotechnology and Food Sciences, 2(6), 2469-2472.",https://office2.jmbfs.org/index.php/JMBFS/article/view/7106,full text
3cd970ea-0cac-8136-96ed-f0b696e4f64a,629,Ips typographus,3cd970ea-0cac-81e7-bd37-c7209a5601d7,Serratia liquifaciens,Bacteria,isolated from cadaver,,pathogen? increased mortality relative to the control,morphological and molecular,pathogenicity test,laboratory,Turkey,2011,"Muratoglu et al., 2011","Muratoǧlu, H., Sezen, K., & Demirbaǧ, Z. (2011). Determination and pathogenicity of the bacterial flora associated with the spruce bark beetle, Ips typographus (L.)(Coleoptera: Curculionidae: Scolytinae). Turkish Journal of Biology, 35(1), 9-20.",https://journals.tubitak.gov.tr/cgi/viewcontent.cgi?article=1897&context=biology,full text
3cd970ea-0cac-817f-a47d-fb745fb7ef38,630,Ips typographus,3cd970ea-0cac-81e7-bd37-c7209a5601d7,Bacillus sphaericus,Bacteria,isolated from cadaver,,,morphological and molecular,pathogenicity test,laboratory,Turkey,2011,"Muratoglu et al., 2011","Muratoǧlu, H., Sezen, K., & Demirbaǧ, Z. (2011). Determination and pathogenicity of the bacterial flora associated with the spruce bark beetle, Ips typographus (L.)(Coleoptera: Curculionidae: Scolytinae). Turkish Journal of Biology, 35(1), 9-20.",https://journals.tubitak.gov.tr/cgi/viewcontent.cgi?article=1897&context=biology,full text
3cd970ea-0cac-8132-8c1d-f1da71886474,631,Ips typographus,3cd970ea-0cac-81e7-bd37-c7209a5601d7,Acinetobacter sp.,Bacteria,isolated from cadaver,,,morphological and molecular,pathogenicity test,laboratory,Turkey,2011,"Muratoglu et al., 2011","Muratoǧlu, H., Sezen, K., & Demirbaǧ, Z. (2011). Determination and pathogenicity of the bacterial flora associated with the spruce bark beetle, Ips typographus (L.)(Coleoptera: Curculionidae: Scolytinae). Turkish Journal of Biology, 35(1), 9-20.",https://journals.tubitak.gov.tr/cgi/viewcontent.cgi?article=1897&context=biology,full text
3cd970ea-0cac-818f-ba14-e3db5587cfe7,632,Ips typographus,3cd970ea-0cac-81e7-bd37-c7209a5601d7,Proteus vulgaris,Bacteria,isolated from cadaver,,,morphological and molecular,pathogenicity test,laboratory,Turkey,2011,"Muratoglu et al., 2011","Muratoǧlu, H., Sezen, K., & Demirbaǧ, Z. (2011). Determination and pathogenicity of the bacterial flora associated with the spruce bark beetle, Ips typographus (L.)(Coleoptera: Curculionidae: Scolytinae). Turkish Journal of Biology, 35(1), 9-20.",https://journals.tubitak.gov.tr/cgi/viewcontent.cgi?article=1897&context=biology,full text
3cd970ea-0cac-815f-8521-c10e29625e84,633,Xyleborus dispar,3cd970ea-0cac-8194-8ff7-e26f1f5f57a2,Bacillus thuringiensis subsp. Tolworthi,Bacteria,,,pathogen,,,,Italy,1994,Natali et al. 1994,"Natali, V., Paparatti, B., & Canganella, F. (1994). Microorganisms carried by Xyleborus dispar (F.)(Coleoptera, Scolytidae) females, collected on European hazel trees in the area surrounding the lake of Vico (Viterbo, central Italy).",https://www.cabidigitallibrary.org/doi/full/10.5555/19961108444,only English abstract
3cd970ea-0cac-81d5-b151-f335f26ab4bb,634,Xyleborus dispar,3cd970ea-0cac-8194-8ff7-e26f1f5f57a2,Pseudomonas chlororaphis,Bacteria,,,pathogen,,,,Italy,1994,Natali et al. 1994,"Natali, V., Paparatti, B., & Canganella, F. (1994). Microorganisms carried by Xyleborus dispar (F.)(Coleoptera, Scolytidae) females, collected on European hazel trees in the area surrounding the lake of Vico (Viterbo, central Italy).",https://www.cabidigitallibrary.org/doi/full/10.5555/19961108444,only English abstract
3cd970ea-0cac-8175-b87d-ce64aeef85e3,635,Euwallacea fornicatus,3cd970ea-0cac-81b5-84b2-dd068c7cc706,Beauveria bassiana,Fungi,commercial strain,cuticular contact,pathogen,,pathogenicity test,laboratory,South Africa,2023,"Nel et al., 2023","Nel, W. J., Slippers, B., Wingfield, M. J., Yilmaz, N., & Hurley, B. P. (2023). Efficacy of commercially available entomopathogenic agents against the polyphagous shot hole borer in South Africa. Insects, 14(4), 361.",https://doi.org/10.3390/insects14040361,full text
3cd970ea-0cac-8134-ad3e-d16efdd0d62c,636,Euwallacea fornicatus,3cd970ea-0cac-81b5-84b2-dd068c7cc706,Metarhizium anisopliae,Fungi,commercial strain,cuticular contact,pathogen,,pathogenicity test,laboratory,South Africa,2023,"Nel et al., 2023","Nel, W. J., Slippers, B., Wingfield, M. J., Yilmaz, N., & Hurley, B. P. (2023). Efficacy of commercially available entomopathogenic agents against the polyphagous shot hole borer in South Africa. Insects, 14(4), 361.",https://doi.org/10.3390/insects14040361,full text
3cd970ea-0cac-81db-8f13-cede8bce3eb3,637,Ips confusus,3cd970ea-0cac-81dc-bbc7-ee2c469f8ddf,Contortylenchus elongatus,Nematode,,,parasite,,,,,1963,"Nickle, 1963","Nickle, W. R. (1963). Observations on the effect of nematodes on Ips confusus (LeConte) and other bark beetles.",https://www.cabidigitallibrary.org/doi/full/10.5555/19630602501,only English abstract
3cd970ea-0cac-8131-a94e-fec7e94cb2e1,638,Dendroctonus brevicomis,3cd970ea-0cac-81b8-bdb2-d0d58ae1dd6f,Contortylenchus brevicomi,Nematode,,,parasite,,,,,1963,"Nickle, 1963","Nickle, W. R. (1963). Observations on the effect of nematodes on Ips confusus (LeConte) and other bark beetles.",https://www.cabidigitallibrary.org/doi/full/10.5555/19630602501,only English abstract
3cd970ea-0cac-8127-b44b-fd6bbe46e219,639,Ips confusus,3cd970ea-0cac-81dc-bbc7-ee2c469f8ddf,Sulphurtylenchus sp.,Nematode,,,pathogen,,,,,1963,"Nickle, 1963","Nickle, W. R. (1963). Observations on the effect of nematodes on Ips confusus (LeConte) and other bark beetles.",https://www.cabidigitallibrary.org/doi/full/10.5555/19630602501,only English abstract
3cd970ea-0cac-819e-9cc5-e8ee4bc1a204,640,Scolytus rugulosus,3cd970ea-0cac-814e-8699-ee61886bc086,Neoparasitylenchus rugulosi,Nematode,,,parasite,,,,United States,1971,"Nickle, 1971","Nickle, W. R. (1971). Behavior of the shothole borer, Scolytus rugulosus, altered by the nematode parasite Neoparasitylenchus rugulosi. Annals of the Entomological Society of America, 64(3), 751-751.",https://doi.org/10.1093/aesa/64.3.751,full text
3cd970ea-0cac-81d6-9592-d546e4799541,641,Dendroctonus valens,3cd970ea-0cac-815f-8d62-ff317aff923c,Cephalosporium sp.,Fungi,,,pathogen,,,,China,2010,"Nie et al., 2010",Research on using Beauveria bassiana to control Dendroctonus valens,用白僵菌治松林大小蠹的研究,full text
3cd970ea-0cac-81d7-92ac-f4f2bda53de9,642,Dendroctonus valens,3cd970ea-0cac-815f-8d62-ff317aff923c,Acremonium sp.,Fungi,,,pathogen,,,,China,2010,"Nie et al., 2010",Research on using Beauveria bassiana to control Dendroctonus valens,用白僵菌治松林大小蠹的研究,full text
3cd970ea-0cac-81f7-8f12-d96cd989321a,643,Dendroctonus valens,3cd970ea-0cac-815f-8d62-ff317aff923c,Trichoderma sp.,Fungi,,,pathogen,,,,China,2010,"Nie et al., 2010",Research on using Beauveria bassiana to control Dendroctonus valens,用白僵菌治松林大小蠹的研究,full text
3cd970ea-0cac-81af-a170-e587f8c951f5,644,Dendroctonus valens,3cd970ea-0cac-815f-8d62-ff317aff923c,Beauveria bassiana,Fungi,,,pathogen,,,,China,2010,"Nie et al., 2010",Research on using Beauveria bassiana to control Dendroctonus valens,用白僵菌治松林大小蠹的研究,full text
3cd970ea-0cac-8104-98c4-eb6044bddbf6,645,Ips typographus,3cd970ea-0cac-81e7-bd37-c7209a5601d7,Bacillus thuringiensis var. tenebrionis,Bacteria,,,,,pathogenicity test,,,2000,"Novotny and Turcani, 2000","Novotny J. & M. Turcani 2000. The results of experimental treatment of biopreparation on the basis of Bacillus thuringiensis var. tenebrionis Berl. for control of Ips typographus L. (Col., Scolytidae). Lesnicky casopis (Forestry Journal) 46, 303-10.",https://www.cabidigitallibrary.org/doi/full/10.5555/20023042909,only English abstract
3cd970ea-0cac-810b-aa24-d4ee0bf631cd,646,Tomicus piniperda,3cd970ea-0cac-8130-bbd3-e29afac9abf6,Beauveria bassiana,Fungi,,,,,,,,1968,"Nuorteva and Salonen, 1968","Nuorteva M. & M. Salonen 1968. Versuche mit Beauveria bassiana (Bals.) Vuill. gegen Blastophagus piniperda L. (Col., Scolytidae). Annales Entomologici Fennici 34, 49-55.",https://doi.org/10.1007/BF02025206,full text
3cd970ea-0cac-8129-b3d4-f339a2a05427,647,Dendroctonus micans,3cd970ea-0cac-818b-bd09-d27467805361,Bacillus mycoides,Bacteria,four soil-originated Bacillus spp.,,,morphological,infection test,laboratory,Turkey,2018,"Odabas Alver et al., 2018","Odabas Alver, D., & Ertürk, Ö. (2018). Effects of four soil-originated Bacillus spp. on the great spruce bark beetle, Dendroctonus micans (Kugelann)(Coleoptera: Curculionidae, Scolytinae). Egyptian Journal of Biological Pest Control, 28(1), 70.",https://doi.org/10.1186/s41938-018-0074-8,full text
3cd970ea-0cac-8161-b392-ccb3b5466136,648,Dendroctonus micans,3cd970ea-0cac-818b-bd09-d27467805361,Bacillus cereus,Bacteria,four soil-originated Bacillus spp.,,,morphological,infection test,laboratory,Turkey,2018,"Odabas Alver et al., 2018","Odabas Alver, D., & Ertürk, Ö. (2018). Effects of four soil-originated Bacillus spp. on the great spruce bark beetle, Dendroctonus micans (Kugelann)(Coleoptera: Curculionidae, Scolytinae). Egyptian Journal of Biological Pest Control, 28(1), 70.",https://doi.org/10.1186/s41938-018-0074-8,full text
3cd970ea-0cac-81ec-945e-fa9c39e02366,649,Dendroctonus micans,3cd970ea-0cac-818b-bd09-d27467805361,Bacillus thuringiensis,Bacteria,four soil-originated Bacillus spp.,,,morphological,infection test,laboratory,Turkey,2018,"Odabas Alver et al., 2018","Odabas Alver, D., & Ertürk, Ö. (2018). Effects of four soil-originated Bacillus spp. on the great spruce bark beetle, Dendroctonus micans (Kugelann)(Coleoptera: Curculionidae, Scolytinae). Egyptian Journal of Biological Pest Control, 28(1), 70.",https://doi.org/10.1186/s41938-018-0074-8,full text
3cd970ea-0cac-8143-8586-f2c416a6188e,650,Ips avulsus,3cd970ea-0cac-81c2-b4d1-f11ed6ee8189,Beauveria bassiana,Fungi,,,,morphological,pathogenicity test,field,"Los Angeles, United States",2018,"Olatinwo et al., 2018","Olatinwo, R., Walters, S., & Strom, B. (2018). Impact of Beauveria bassiana (Ascomycota: Hypocreales) on the Small Southern Pine Engraver (Coleoptera: Scolytidae) in a Loblolly Pine Bolt Assay1. Journal of Entomological Science, 53(2), 180-191.",https://doi.org/10.18474/JES17-58.1,full text
3cd970ea-0cac-816f-afe5-d2812af6a9a1,651,Dendroctonus frontalis,3cd970ea-0cac-81b5-b18d-f10167e662e3,Metarhizium anisopliae,Fungi,,,,,pathogenicity test,laboratory,,1981,"Pabst and Sikorowski, 1981","Pabst, G. S., & Sikorowski, P. P. (1981). Susceptibility of southern pine beetle (Dendroctonus frontalis) on oligidic medium to Paecilomyces viridis and also Beauveria bassiana, and Metarhizium anisopliae.",https://www.cabidigitallibrary.org/doi/full/10.5555/19810582891,only English abstract
3cd970ea-0cac-81c7-a020-c2b3b5fd0345,652,Dendroctonus frontalis,3cd970ea-0cac-81b5-b18d-f10167e662e3,Beauveria bassiana,Fungi,,,,,pathogenicity test,laboratory,,1981,"Pabst and Sikorowski, 1981","Pabst, G. S., & Sikorowski, P. P. (1981). Susceptibility of southern pine beetle (Dendroctonus frontalis) on oligidic medium to Paecilomyces viridis and also Beauveria bassiana, and Metarhizium anisopliae.",https://www.cabidigitallibrary.org/doi/full/10.5555/19810582891,only English abstract
3cd970ea-0cac-81fa-90fc-d309ab8184cd,653,Dendroctonus frontalis,3cd970ea-0cac-81b5-b18d-f10167e662e3,Paecilomyces viridis,Fungi,,,,,pathogenicity test,laboratory,,1981,"Pabst and Sikorowski, 1981","Pabst, G. S., & Sikorowski, P. P. (1981). Susceptibility of southern pine beetle (Dendroctonus frontalis) on oligidic medium to Paecilomyces viridis and also Beauveria bassiana, and Metarhizium anisopliae.",https://www.cabidigitallibrary.org/doi/full/10.5555/19810582891,only English abstract
3cd970ea-0cac-81b8-b1bd-c0f49e0dbc6a,654,Polygraphus proximus,3cd970ea-0cac-81e2-af3f-e4a87a58cfcb,Beauveria bassiana,Fungi,isolated from Dendrolimus sibiricus,,,,pathogenicity test,,,2020,"Pavlov et al., 2020","Pavlov, I. N., Litovka, Y. A., Golubev, D. V., Astapenko, S. A., Chromogin, P. V., Usoltseva, Y. V., ... & Petrenko, S. M. (2020). Mass reproduction of Polygraphus proximus Blandford in fir forests of Siberia infected with root and stem pathogens: monitoring, patterns, and biological control. Contemporary Problems of Ecology, 13(1), 71-84.",https://doi.org/10.1134/S1995425520010060,full text
3cd970ea-0cac-81a9-8dd5-cfddf59c55fa,655,Ips amitinus,3cd970ea-0cac-815a-a757-ffcc6a0735b5,Beauveria bassiana,Fungi,,,association report,molecular,,,Russia,2023,"Pavlov et al., 2023","Pavlov, I. N., Vasaitis, R., Litovka, Y. A., Timofeev, A. A., & Menkis, A. (2023). Infestation by Ips amitinus (Eichhoff, 1872), its associated fungi, and butt rots in stands of Pinus sibirica in South-Western Siberia. Forests, 14(12), 2383.",https://doi.org/10.3390/f14122383,full text
3cd970ea-0cac-812b-9bfe-d97ae20390b5,656,Pityokteines curvidens,3cd970ea-0cac-81f8-9105-d2ffa788e0b5,Chytridiopsis cf. typographi,Microsporidia,isolated from beetle,midgut epithelium,pathogen; occurrence survey,,,,Croatia,2009,"Pernek et al., 2009","Pernek, M., Matošević, D., Hrašovec, B., Kučinić, M., & Wegensteiner, R. (2009). Occurrence of pathogens in outbreak populations of Pityokteines spp.(Coleoptera, Curculionidae, Scolytinae) in silver fir forests. Journal of Pest Science, 82(4), 343-349.",https://doi.org/10.1007/s10340-009-0259-8,full text
3cd970ea-0cac-8119-b772-f087a6816761,657,Pityokteines curvidens,3cd970ea-0cac-81f8-9105-d2ffa788e0b5,Gregarina sp.,Protist,isolated from beetle,midgut lumen,pathogen; occurrence survey,,,,Croatia,2009,"Pernek et al., 2009","Pernek, M., Matošević, D., Hrašovec, B., Kučinić, M., & Wegensteiner, R. (2009). Occurrence of pathogens in outbreak populations of Pityokteines spp.(Coleoptera, Curculionidae, Scolytinae) in silver fir forests. Journal of Pest Science, 82(4), 343-349.",https://doi.org/10.1007/s10340-009-0259-8,full text
3cd970ea-0cac-8111-a1fb-c302a027c7fc,658,Pityokteines spinidens,3cd970ea-0cac-8193-91d3-d4f783a52218,Gregarina sp.,Protist,isolated from beetle,midgut lumen,pathogen; occurrence survey,,,,Croatia,2009,"Pernek et al., 2009","Pernek, M., Matošević, D., Hrašovec, B., Kučinić, M., & Wegensteiner, R. (2009). Occurrence of pathogens in outbreak populations of Pityokteines spp.(Coleoptera, Curculionidae, Scolytinae) in silver fir forests. Journal of Pest Science, 82(4), 343-349.",https://doi.org/10.1007/s10340-009-0259-8,full text
3cd970ea-0cac-8184-b5c6-d3ef564e761b,659,Pityokteines spinidens,3cd970ea-0cac-8193-91d3-d4f783a52218,Chytridiopsis cf. typographi,Microsporidia,isolated from beetle,midgut epithelium,pathogen; occurrence survey,,,,Croatia,2009,"Pernek et al., 2009","Pernek, M., Matošević, D., Hrašovec, B., Kučinić, M., & Wegensteiner, R. (2009). Occurrence of pathogens in outbreak populations of Pityokteines spp.(Coleoptera, Curculionidae, Scolytinae) in silver fir forests. Journal of Pest Science, 82(4), 343-349.",https://doi.org/10.1007/s10340-009-0259-8,full text
3cd970ea-0cac-815c-a775-e44abc2b63eb,660,Pityokteines spinidens,3cd970ea-0cac-8193-91d3-d4f783a52218,Canningia spinidentis,Microsporidia,isolated from beetle,fat body; gonads; midgut epithelium,pathogen; occurrence survey,,,,Croatia,2009,"Pernek et al., 2009","Pernek, M., Matošević, D., Hrašovec, B., Kučinić, M., & Wegensteiner, R. (2009). Occurrence of pathogens in outbreak populations of Pityokteines spp.(Coleoptera, Curculionidae, Scolytinae) in silver fir forests. Journal of Pest Science, 82(4), 343-349.",https://doi.org/10.1007/s10340-009-0259-8,full text
3cd970ea-0cac-81e9-b4a8-e4916b55fcde,661,Pityokteines spinidens,3cd970ea-0cac-8193-91d3-d4f783a52218,Menzbieria sp.,Protist,isolated from beetle,midgut epithelium,pathogen; occurrence survey,,,,Croatia,2009,"Pernek et al., 2009","Pernek, M., Matošević, D., Hrašovec, B., Kučinić, M., & Wegensteiner, R. (2009). Occurrence of pathogens in outbreak populations of Pityokteines spp.(Coleoptera, Curculionidae, Scolytinae) in silver fir forests. Journal of Pest Science, 82(4), 343-349.",https://doi.org/10.1007/s10340-009-0259-8,full text
3cd970ea-0cac-812b-a607-dedac4a16028,662,Pityokteines vorontzovi,3cd970ea-0cac-81bb-8fe5-c0bb4463e14e,Chytridiopsis cf. typographi,Microsporidia,isolated from beetle,midgut epithelium,pathogen; occurrence survey,,,,Croatia,2009,"Pernek et al., 2009","Pernek, M., Matošević, D., Hrašovec, B., Kučinić, M., & Wegensteiner, R. (2009). Occurrence of pathogens in outbreak populations of Pityokteines spp.(Coleoptera, Curculionidae, Scolytinae) in silver fir forests. Journal of Pest Science, 82(4), 343-349.",https://doi.org/10.1007/s10340-009-0259-8,full text
3cd970ea-0cac-8109-8dbc-df27f21f9034,663,Pityokteines vorontzovi,3cd970ea-0cac-81bb-8fe5-c0bb4463e14e,Gregarina sp.,Protist,isolated from beetle,midgut lumen,pathogen; occurrence survey,,,,Croatia,2009,"Pernek et al., 2009","Pernek, M., Matošević, D., Hrašovec, B., Kučinić, M., & Wegensteiner, R. (2009). Occurrence of pathogens in outbreak populations of Pityokteines spp.(Coleoptera, Curculionidae, Scolytinae) in silver fir forests. Journal of Pest Science, 82(4), 343-349.",https://doi.org/10.1007/s10340-009-0259-8,full text
3cd970ea-0cac-8167-936b-f718e7cf7f9b,664,Pityokteines curvidens,3cd970ea-0cac-81f8-9105-d2ffa788e0b5,Beauveria bassiana,Fungi,,,,,pathogenicity test,,Croatia,2007,"Pernek, 2007","Pernek, M. (2007). Influence of the entomopathogenic fungi Beauveria bassiana on the mortality of fir bark beetles Pityokteines spinidens and Pityokteines curvidens. Radovi, 42(2), 143-153.",https://hrcak.srce.hr/clanak/41060,full text
3cd970ea-0cac-81fe-9936-c2d3d44bcd26,665,Pityokteines spinidens,3cd970ea-0cac-8193-91d3-d4f783a52218,Beauveria bassiana,Fungi,,,,,pathogenicity test,,Croatia,2007,"Pernek, 2007","Pernek, M. (2007). Influence of the entomopathogenic fungi Beauveria bassiana on the mortality of fir bark beetles Pityokteines spinidens and Pityokteines curvidens. Radovi, 42(2), 143-153.",https://hrcak.srce.hr/clanak/41060,full text
3cd970ea-0cac-8148-a652-f4e13fd136ed,666,Scolytus multistriatus,3cd970ea-0cac-81d9-bda0-ca455fdf65b6,bacteria,Bacteria,,,,,,,Europe,1955,Pesson et al. 1955,"Pesson P., C. Toumonoff & C. Chararas 1955. Étude des epizooties bactériennes observées dans les élevages d’insectes xylophages. Annales Épiphyties 6, 315-28.",,non full-text
3cd970ea-0cac-818c-90da-f64e6cade70b,667,Hylastes ater,3cd970ea-0cac-81ae-9426-f1fe79be2612,Beauveria bassiana,Fungi,,,pathogen,,,,Great Britain,1932,"Petch, 1932","Petch, T., 1932. A list of the entomogenous fungi of Great Britain. T. Brit.
Mycol. Soc. 17, 170–178.",https://doi.org/10.1016/S0007-1536(32)80012-4,full text
3cd970ea-0cac-8173-9064-d0513b7b88fe,668,Ips typographus,3cd970ea-0cac-81e7-bd37-c7209a5601d7,ItEPV,Virus,,,,,,,Bulgaria,2018,"Pilarska et al., 2018","Pilarska, D., Georgiev, G., Dobreva, M., Takov, D., Mirchev, P., Doychev, D., ... & Hajek, A. E. (2018). Pathogens and parasitoids of forest pest insects in the region of Forest Protection Station Plovdiv during the period 1990–2017. Silva, 19, 3.",https://silvabalcanica.wordpress.com/wp-content/uploads/2020/03/sb_193_2018-4.pdf,full text
3cd970ea-0cac-8184-8a9e-ea3c73f6063e,669,Ips typographus,3cd970ea-0cac-81e7-bd37-c7209a5601d7,Gregarina typographi,Protist,,,,,,,Bulgaria,2018,"Pilarska et al., 2018","Pilarska, D., Georgiev, G., Dobreva, M., Takov, D., Mirchev, P., Doychev, D., ... & Hajek, A. E. (2018). Pathogens and parasitoids of forest pest insects in the region of Forest Protection Station Plovdiv during the period 1990–2017. Silva, 19, 3.",https://silvabalcanica.wordpress.com/wp-content/uploads/2020/03/sb_193_2018-4.pdf,full text
3cd970ea-0cac-8193-9e12-d1ccf09d4773,670,Ips sexdentatus,3cd970ea-0cac-81b2-b8a3-d4a7253b9941,Gregarina typographi,Protist,,,,,,,Bulgaria,2018,"Pilarska et al., 2018","Pilarska, D., Georgiev, G., Dobreva, M., Takov, D., Mirchev, P., Doychev, D., ... & Hajek, A. E. (2018). Pathogens and parasitoids of forest pest insects in the region of Forest Protection Station Plovdiv during the period 1990–2017. Silva, 19, 3.",https://silvabalcanica.wordpress.com/wp-content/uploads/2020/03/sb_193_2018-4.pdf,full text
3cd970ea-0cac-815d-b4e7-cfe5eca02078,671,Ips acuminatus,3cd970ea-0cac-81e3-9078-eb847964ce01,Gregarina typographi,Protist,,,,,,,Bulgaria,2018,"Pilarska et al., 2018","Pilarska, D., Georgiev, G., Dobreva, M., Takov, D., Mirchev, P., Doychev, D., ... & Hajek, A. E. (2018). Pathogens and parasitoids of forest pest insects in the region of Forest Protection Station Plovdiv during the period 1990–2017. Silva, 19, 3.",https://silvabalcanica.wordpress.com/wp-content/uploads/2020/03/sb_193_2018-4.pdf,full text
3cd970ea-0cac-817d-ba9a-ec673f26f1b3,672,Ips typographus,3cd970ea-0cac-81e7-bd37-c7209a5601d7,Chytridiopsis typographi,Microsporidia,,,,,,,Bulgaria,2018,"Pilarska et al., 2018","Pilarska, D., Georgiev, G., Dobreva, M., Takov, D., Mirchev, P., Doychev, D., ... & Hajek, A. E. (2018). Pathogens and parasitoids of forest pest insects in the region of Forest Protection Station Plovdiv during the period 1990–2017. Silva, 19, 3.",https://silvabalcanica.wordpress.com/wp-content/uploads/2020/03/sb_193_2018-4.pdf,full text
3cd970ea-0cac-8127-9e9a-f36a9370ed70,673,Dryocoetes autographus,3cd970ea-0cac-81b6-87c6-e583eea30425,Beauveria bassiana,Fungi,,,,,,,Bulgaria,2018,"Pilarska et al., 2018","Pilarska, D., Georgiev, G., Dobreva, M., Takov, D., Mirchev, P., Doychev, D., ... & Hajek, A. E. (2018). Pathogens and parasitoids of forest pest insects in the region of Forest Protection Station Plovdiv during the period 1990–2017. Silva, 19, 3.",https://silvabalcanica.wordpress.com/wp-content/uploads/2020/03/sb_193_2018-4.pdf,full text
3cd970ea-0cac-817e-bb13-f09dfcac8c03,674,Hylurgops palliatus,3cd970ea-0cac-816f-b74a-dc5ef373dcda,Beauveria bassiana,Fungi,,,,,,,Bulgaria,2018,"Pilarska et al., 2018","Pilarska, D., Georgiev, G., Dobreva, M., Takov, D., Mirchev, P., Doychev, D., ... & Hajek, A. E. (2018). Pathogens and parasitoids of forest pest insects in the region of Forest Protection Station Plovdiv during the period 1990–2017. Silva, 19, 3.",https://silvabalcanica.wordpress.com/wp-content/uploads/2020/03/sb_193_2018-4.pdf,full text
3cd970ea-0cac-8137-960a-c02aaaf72db0,675,Trypodendron lineatum,3cd970ea-0cac-81f6-9fae-dff5cefc9112,Beauveria bassiana,Fungi,,,,,,,,1988,"Prazak, 1988","Prazak R. 1988. Die Wirkung des insektenpathogenen Pilzes Beauveria bassiana (Bals.) Vuill. auf den Gestreiften Nutzholzborkenkäfer Trypodendron lineatum Oliv. (Coleoptera: Scolytidae). PhD thesis, Universität für Bodenkultur Wien.",,non full-text
3cd970ea-0cac-81dc-99df-db99887a7f05,676,Trypodendron lineatum,3cd970ea-0cac-81f6-9fae-dff5cefc9112,Beauveria bassiana,Fungi,,,,,pathogenicity test,,,1991,"Prazak, 1991","Prazak R. 1991. Studies on indirect infection of Trypodendron lineatum Oliv. with Beauveria bassiana (Bals.) Vuill. Journal of Applied Entomology 111, 431-41.",https://doi.org/10.1111/j.1439-0418.1991.tb00345.x,full text
3cd970ea-0cac-8123-bdb8-c696b8de5023,677,Trypodendron lineatum,3cd970ea-0cac-81f6-9fae-dff5cefc9112,Beauveria bassiana,Fungi,,cuticular contact,,,pathogenicity test,laboratory,,1997,"Prazak, 1997","Prazak R. 1997. Laboratory evaluation of Beauveria bassiana (Bals.) Vuill. (Deuteromycotina: Hyphomycetes) against Trypodendron lineatum Oliv. (Coleopetra: Scolytidae). Journal of Plant Diseases and Protection 104, 459-65.",https://www.jstor.org/stable/pdf/43215193.pdf,full text
3cd970ea-0cac-810c-94e6-d9528380b466,678,Ips typographus,3cd970ea-0cac-81e7-bd37-c7209a5601d7,ItEPV,Virus,,,,,,,,1999,"Pultar and Weiser, 1999",Pultar O. & J. Weiser 1999. Infection of Ips typographus with entomopoxvirus in the forest. Poster at 7th IOBC/wprs meeting in Vienna.,,non full-text
3cd970ea-0cac-81ba-b4be-d203ad97ce2a,679,Pityogenes chalcographus,3cd970ea-0cac-81ae-b124-f43044691162,Malamoeba scolyti,Protist,,,,,pathogenicity test,,,1979,"Purrini and Führer, 1979","Purrini K. & E. Führer 1979. Experimentelle Infektion von Pityogenes chalcographus L. (Col.: Scolytidae) durch Malamoeba scolyti Purrini (Amoebina, Amoebidae) und Menzbieria chalcographi Weiser (Neogregarina, Ophryocystidae). Anzeiger für Schädlingskunde, Pflanzenschutz, Umweltschutz 52, 167-73.",https://www.cabidigitallibrary.org/doi/full/10.5555/19800868889,only English abstract
3cd970ea-0cac-8112-b321-dd2075b6c725,680,Pityogenes chalcographus,3cd970ea-0cac-81ae-b124-f43044691162,Menzbieria chalcographi,Protist,,,,,pathogenicity test,,,1979,"Purrini and Führer, 1979","Purrini K. & E. Führer 1979. Experimentelle Infektion von Pityogenes chalcographus L. (Col.: Scolytidae) durch Malamoeba scolyti Purrini (Amoebina, Amoebidae) und Menzbieria chalcographi Weiser (Neogregarina, Ophryocystidae). Anzeiger für Schädlingskunde, Pflanzenschutz, Umweltschutz 52, 167-73.",https://www.cabidigitallibrary.org/doi/full/10.5555/19800868889,only English abstract
3cd970ea-0cac-81c0-8acd-e1a394be90d2,681,Pityogenes calcaratus,3cd970ea-0cac-81a5-bfc2-d7b37e65edfb,Nosema calcarati,Microsporidia,,,parasite,,,,Israel,1982,"Purrini and Halperin, 1982","Purrini K. & J. Halperin 1982. Nosema calcarati n.sp. (Microsporidia), a new parasite of Pityogenes calcaratus Eichhoff (Col., Scolytidae). Zeitschrift für angewandte Entomologie 94, 87-92.",https://doi.org/10.1111/j.1439-0418.1982.tb02549.x,full text
3cd970ea-0cac-81e4-8867-d1586e0eccd1,682,Hylesinus fraxini,3cd970ea-0cac-81a9-88a2-fe7f33707b1c,Ophryocystis hylesini,Protist,,,parasite,,,,Germany,1981,"Purrini and Ormieres, 1981","Purrini K. & R. Ormieres 1981. On three new sporozoan parasites of bark beetles (Scolytidae, Coleoptera). Zeitschrift für angewandte Entomologie 91, 67-74.",https://doi.org/10.1111/j.1439-0418.1981.tb04452.x,full text
3cd970ea-0cac-81fa-a1e0-cb99c0ed3ccc,683,Trypodendron domesticum,3cd970ea-0cac-8190-8717-c8fec4caa117,Pleistophora xyloteri,Microsporidia,,,parasite,,,,Germany,1981,"Purrini and Ormieres, 1981","Purrini K. & R. Ormieres 1981. On three new sporozoan parasites of bark beetles (Scolytidae, Coleoptera). Zeitschrift für angewandte Entomologie 91, 67-74.",https://doi.org/10.1111/j.1439-0418.1981.tb04452.x,full text
3cd970ea-0cac-81b5-9749-fa1ae33ae876,684,Dryocoetes autographus,3cd970ea-0cac-81b6-87c6-e583eea30425,Nosema dryocoetesi,Microsporidia,,,parasite,,,,Germany,1981,"Purrini and Ormieres, 1981","Purrini K. & R. Ormieres 1981. On three new sporozoan parasites of bark beetles (Scolytidae, Coleoptera). Zeitschrift für angewandte Entomologie 91, 67-74.",https://doi.org/10.1111/j.1439-0418.1981.tb04452.x,full text
3cd970ea-0cac-8140-bf09-c6e931f273e7,685,Hylastes cunicularius,3cd970ea-0cac-8107-bd7c-ffe754efa813,Chytridiopsis typographi,Microsporidia,,,parasite,,,,,1984,"Purrini and Weiser, 1984","Purrini K. & J. Weiser 1984. Light- and electron microscopic studies of Chytridiopsis typographi (Weiser 1954) Weiser 1970 (Microspora), parasitizing the bark beetle Hylastes cunicularius Er. Zoologischer Anzeiger, Jena 212, 369-76.",https://www.cabidigitallibrary.org/doi/full/10.5555/19840816898,only English abstract
3cd970ea-0cac-81f7-97ce-e1f8eb130407,686,Ips typographus,3cd970ea-0cac-81e7-bd37-c7209a5601d7,Chytridiopsis typographi,Microsporidia,,,parasite,,,,Germany,1985,"Purrini and Weiser, 1985","Purrini K. & J. Weiser 1985. Ultrastructural study of the microsporidian Chytridiopsis typographi (Chytridiopsida: Microspora) infecting the bark beetle Ips typographus (Scolytidae: Coleoptera), with new data on spore dimorphism. Journal of Invertebrate Pathology 45, 66-74.",https://doi.org/10.1016/0022-2011(85)90051-5,full text
3cd970ea-0cac-81db-a80e-cbb0968ab40f,687,Dryocoetes autographus,3cd970ea-0cac-81b6-87c6-e583eea30425,Malamoeba scolyti,Protist,,,parasite,,,,Germany,1983,"Purrini and Zizka, 1983","Purrini K. & Z. Zizka 1983. More on the life cycle of Malamoeba scolyti (Amoebidae: Sarcomastigophora) parasitizing the bark beetle Dryocoetes autographus (Scolytidae, Coleoptera). Journal of Invertebrate Pathology 42, 96-105.",https://doi.org/10.1016/0022-2011(83)90207-0,full text
3cd970ea-0cac-8193-9581-dd76d09b04ef,688,Hylurgops palliatus,3cd970ea-0cac-816f-b74a-dc5ef373dcda,Malamoeba scolyti,Protist,,,parasite,,,,Germany,1983,"Purrini and Zizka, 1983","Purrini K. & Z. Zizka 1983. More on the life cycle of Malamoeba scolyti (Amoebidae: Sarcomastigophora) parasitizing the bark beetle Dryocoetes autographus (Scolytidae, Coleoptera). Journal of Invertebrate Pathology 42, 96-105.",https://doi.org/10.1016/0022-2011(83)90207-0,full text
3cd970ea-0cac-81f7-b177-c334faad9207,689,Scolytus scolytus,3cd970ea-0cac-818b-a96b-ee29650d93b8,Stempellia cf. scolyti,Microsporidia,,,,,,,Germany,1975,"Purrini, 1975","Purrini K. 1975. Zur Kenntnis der Krankheiten des Großen Ulmensplintkäfers, Scolytus scolytus F. im Gebiet von Kosovo, Jugoslawien. Anzeiger für Schädlingskunde, Pflanzenschutz, Umweltschutz 48, 154-56.",https://doi.org/10.1007/BF01876513,full text
3cd970ea-0cac-81fe-b4b1-d3484858119a,690,Dryocoetes autographus,3cd970ea-0cac-81b6-87c6-e583eea30425,Mattesia sp.,Protist,,,pathogen,,,,Germany,1977,"Purrini, 1977","Purrini K. 1977. Über eine neue Schizogregarinen-Krankheit der Gattung Mattesia Naville (Sporozoa, Dischizae) des Zottigen Fichtenborkenkäfers, Dryocoetes autographus Ratz (Coleoptera, Scolytidae). Anzeiger für Schädlingskunde, Pflanzenschutz, Umweltschutz 50, 132-35.",https://link.springer.com/content/pdf/10.1007/BF02156800.pdf,full text
3cd970ea-0cac-81ac-af77-d93fa610c9aa,691,Dryocoetes autographus,3cd970ea-0cac-81b6-87c6-e583eea30425,Malamoeba cf. locustae,Protist,,,pathogen,,,,Germany,1978,"Purrini, 1978a","Purrini K. 1978. Über Malamoeba locustae King and Taylor (Protozoa, Rhizopoda, Amoebidae) beim Zottigen Fichtenborkenkäfer, Dryocoetes autographus Ratz (Col.: Scolytidae). Anzeiger für Schädlingskunde, Pflanzenschutz, Umweltschutz 51, 139-41.",https://doi.org/10.1007/BF01903152,full text
3cd970ea-0cac-81b0-881d-cdf570bd7b03,692,Ips typographus,3cd970ea-0cac-81e7-bd37-c7209a5601d7,Gregarina typographi,Protist,,,,morphological,,,Germany,1978,"Purrini, 1978b","Purrini K. 1978. Protozoen als Krankheitserreger bei einigen Borkenkäferarten (Col., Scolytidae) im Königsee-Gebiet, Oberbayern. Anzeiger für Schädlingskunde, Pflanzenschutz, Umweltschutz 51, 171-75.",https://doi.org/10.1007/BF01908289,full text
3cd970ea-0cac-81d7-86fe-f7c3b9ab486a,693,Dryocoetes autographus,3cd970ea-0cac-81b6-87c6-e583eea30425,Menzbieria cf. chalcographi,Protist,,,,morphological,,,Germany,1978,"Purrini, 1978b","Purrini K. 1978. Protozoen als Krankheitserreger bei einigen Borkenkäferarten (Col., Scolytidae) im Königsee-Gebiet, Oberbayern. Anzeiger für Schädlingskunde, Pflanzenschutz, Umweltschutz 51, 171-75.",https://doi.org/10.1007/BF01908289,full text
3cd970ea-0cac-81bd-a2e0-dd3451aa7843,694,Dryocoetes autographus,3cd970ea-0cac-81b6-87c6-e583eea30425,Mattesia schwenkei,Protist,,,,morphological,,,Germany,1978,"Purrini, 1978b","Purrini K. 1978. Protozoen als Krankheitserreger bei einigen Borkenkäferarten (Col., Scolytidae) im Königsee-Gebiet, Oberbayern. Anzeiger für Schädlingskunde, Pflanzenschutz, Umweltschutz 51, 171-75.",https://doi.org/10.1007/BF01908289,full text
3cd970ea-0cac-8179-8438-ed9105fc1376,695,Dryocoetes autographus,3cd970ea-0cac-81b6-87c6-e583eea30425,Malamoeba cf. locustae,Protist,,,,morphological,,,Germany,1978,"Purrini, 1978b","Purrini K. 1978. Protozoen als Krankheitserreger bei einigen Borkenkäferarten (Col., Scolytidae) im Königsee-Gebiet, Oberbayern. Anzeiger für Schädlingskunde, Pflanzenschutz, Umweltschutz 51, 171-75.",https://doi.org/10.1007/BF01908289,full text
3cd970ea-0cac-8110-8fc4-eff743c276a5,696,Hylurgops palliatus,3cd970ea-0cac-816f-b74a-dc5ef373dcda,Nosema cf. typographi,Protist,,,,morphological,,,Germany,1978,"Purrini, 1978b","Purrini K. 1978. Protozoen als Krankheitserreger bei einigen Borkenkäferarten (Col., Scolytidae) im Königsee-Gebiet, Oberbayern. Anzeiger für Schädlingskunde, Pflanzenschutz, Umweltschutz 51, 171-75.",https://doi.org/10.1007/BF01908289,full text
3cd970ea-0cac-812f-965c-d030b2a6bb21,697,Hylurgops glabratus,3cd970ea-0cac-8114-b685-f25497a409df,Menzbieria cf. chalcographi,Protist,,,,morphological,,,Germany,1978,"Purrini, 1978b","Purrini K. 1978. Protozoen als Krankheitserreger bei einigen Borkenkäferarten (Col., Scolytidae) im Königsee-Gebiet, Oberbayern. Anzeiger für Schädlingskunde, Pflanzenschutz, Umweltschutz 51, 171-75.",https://doi.org/10.1007/BF01908289,full text
3cd970ea-0cac-8166-b274-c3855d85110b,698,Hylurgops glabratus,3cd970ea-0cac-8114-b685-f25497a409df,Mattesia schwenkei,Protist,,,,morphological,,,Germany,1978,"Purrini, 1978b","Purrini K. 1978. Protozoen als Krankheitserreger bei einigen Borkenkäferarten (Col., Scolytidae) im Königsee-Gebiet, Oberbayern. Anzeiger für Schädlingskunde, Pflanzenschutz, Umweltschutz 51, 171-75.",https://doi.org/10.1007/BF01908289,full text
3cd970ea-0cac-81d6-8bda-f1786bdea943,699,Dryocoetes autographus,3cd970ea-0cac-81b6-87c6-e583eea30425,Malamoeba scolyti,Protist,,,parasite,,,,Germany,1980,"Purrini, 1980","Purrini, K. (1980). Malamoeba scolyti sp. n.(Amoebidae, Rhizopoda, Protozoa) parasitizing the bark beetles, Dryocoetes autographus Ratz., and Hylurgops palliatus Gyll.(Scolytidae, Coleoptera). Archiv für Protistenkunde, 123(3), 358-366.",https://doi.org/10.1016/S0003-9365(80)80019-4,full text
3cd970ea-0cac-81fb-a5e3-f499d3704b04,700,Hylurgops palliatus,3cd970ea-0cac-816f-b74a-dc5ef373dcda,Malamoeba scolyti,Protist,,,parasite,,,,Germany,1980,"Purrini, 1980","Purrini, K. (1980). Malamoeba scolyti sp. n.(Amoebidae, Rhizopoda, Protozoa) parasitizing the bark beetles, Dryocoetes autographus Ratz., and Hylurgops palliatus Gyll.(Scolytidae, Coleoptera). Archiv für Protistenkunde, 123(3), 358-366.",https://doi.org/10.1016/S0003-9365(80)80019-4,full text
3cd970ea-0cac-81fa-984b-f66599ba2ca2,701,Hylastes ater,3cd970ea-0cac-81ae-9426-f1fe79be2612,Beauveria bassiana,Fungi,isolated from cadaver,,pathogen,molecular,pathogenicity test,laboratory,New Zealand,2008,"Reay et al., 2008","Reay, S. D., Brownbridge, M., Cummings, N. J., Nelson, T. L., Souffre, B., Lignon, C., & Glare, T. R. (2008). Isolation and characterization of Beauveria spp. associated with exotic bark beetles in New Zealand Pinus radiata plantation forests. Biological Control, 46(3), 484-494.",https://doi.org/10.1016/j.biocontrol.2008.05.006,full text
3cd970ea-0cac-8198-9236-cfa92b40eaa9,702,Hylastes ater,3cd970ea-0cac-81ae-9426-f1fe79be2612,Beauveria caledonica,Fungi,isolated from cadaver,,pathogen,molecular,pathogenicity test,laboratory,New Zealand,2008,"Reay et al., 2008","Reay, S. D., Brownbridge, M., Cummings, N. J., Nelson, T. L., Souffre, B., Lignon, C., & Glare, T. R. (2008). Isolation and characterization of Beauveria spp. associated with exotic bark beetles in New Zealand Pinus radiata plantation forests. Biological Control, 46(3), 484-494.",https://doi.org/10.1016/j.biocontrol.2008.05.006,full text
3cd970ea-0cac-812b-a973-d93a006c757e,703,Hylastes ater,3cd970ea-0cac-81ae-9426-f1fe79be2612,Beauveria malawiensis,Fungi,isolated from cadaver,,pathogen,molecular,pathogenicity test,laboratory,New Zealand,2008,"Reay et al., 2008","Reay, S. D., Brownbridge, M., Cummings, N. J., Nelson, T. L., Souffre, B., Lignon, C., & Glare, T. R. (2008). Isolation and characterization of Beauveria spp. associated with exotic bark beetles in New Zealand Pinus radiata plantation forests. Biological Control, 46(3), 484-494.",https://doi.org/10.1016/j.biocontrol.2008.05.006,full text
3cd970ea-0cac-816b-9612-f87c516c4cb2,704,Hylurgus ligniperda,3cd970ea-0cac-8168-b077-f1c598e6fefd,Beauveria bassiana,Fungi,isolated from cadaver,,pathogen,molecular,pathogenicity test,laboratory,New Zealand,2008,"Reay et al., 2008","Reay, S. D., Brownbridge, M., Cummings, N. J., Nelson, T. L., Souffre, B., Lignon, C., & Glare, T. R. (2008). Isolation and characterization of Beauveria spp. associated with exotic bark beetles in New Zealand Pinus radiata plantation forests. Biological Control, 46(3), 484-494.",https://doi.org/10.1016/j.biocontrol.2008.05.006,full text
3cd970ea-0cac-8121-ae44-e351cddd12bf,705,Hylurgus ligniperda,3cd970ea-0cac-8168-b077-f1c598e6fefd,Beauveria caledonica,Fungi,isolated from cadaver,,pathogen,molecular,pathogenicity test,laboratory,New Zealand,2008,"Reay et al., 2008","Reay, S. D., Brownbridge, M., Cummings, N. J., Nelson, T. L., Souffre, B., Lignon, C., & Glare, T. R. (2008). Isolation and characterization of Beauveria spp. associated with exotic bark beetles in New Zealand Pinus radiata plantation forests. Biological Control, 46(3), 484-494.",https://doi.org/10.1016/j.biocontrol.2008.05.006,full text
3cd970ea-0cac-8163-b0ac-d6333394a5f6,706,Hylurgus ligniperda,3cd970ea-0cac-8168-b077-f1c598e6fefd,Beauveria malawiensis,Fungi,isolated from cadaver,,pathogen,molecular,pathogenicity test,laboratory,New Zealand,2008,"Reay et al., 2008","Reay, S. D., Brownbridge, M., Cummings, N. J., Nelson, T. L., Souffre, B., Lignon, C., & Glare, T. R. (2008). Isolation and characterization of Beauveria spp. associated with exotic bark beetles in New Zealand Pinus radiata plantation forests. Biological Control, 46(3), 484-494.",https://doi.org/10.1016/j.biocontrol.2008.05.006,full text
3cd970ea-0cac-811c-9a79-d229ece3ec6d,707,Hylastes ater,3cd970ea-0cac-81ae-9426-f1fe79be2612,Beauveria bassiana,Fungi,isolated from cadaver,,pathogen,molecular,pathogenicity test,laboratory,New Zealand,2010,"Reay et al., 2010","Reay, S. D., Brownbridge, M., Gicquel, B., Cummings, N. J., & Nelson, T. L. (2010). Isolation and characterization of endophytic Beauveria spp.(Ascomycota: Hypocreales) from Pinus radiata in New Zealand forests. Biological Control, 54(1), 52-60.",https://doi.org/10.1016/j.biocontrol.2010.03.002,full text
3cd970ea-0cac-81f3-9e9d-dc146317e8fd,708,Hylurgus ligniperda,3cd970ea-0cac-8168-b077-f1c598e6fefd,Beauveria bassiana,Fungi,isolated from cadaver,,pathogen,molecular,pathogenicity test,laboratory,New Zealand,2010,"Reay et al., 2010","Reay, S. D., Brownbridge, M., Gicquel, B., Cummings, N. J., & Nelson, T. L. (2010). Isolation and characterization of endophytic Beauveria spp.(Ascomycota: Hypocreales) from Pinus radiata in New Zealand forests. Biological Control, 54(1), 52-60.",https://doi.org/10.1016/j.biocontrol.2010.03.002,full text
3cd970ea-0cac-81aa-b900-cf4ff337f15c,709,Hypothenemus hampei,3cd970ea-0cac-81f7-998c-d66f5aa14d2a,Beauveria bassiana,Fungi,culture collection,,pathogen; association report,,,,Cameroon,2006,"Rehner et al., 2006","Rehner, S. A., Posada, F., Buckley, E. P., Infante, F., Castillo, A., & Vega, F. E. (2006). Phylogenetic origins of African and Neotropical Beauveria bassiana sl pathogens of the coffee berry borer, Hypothenemus hampei. Journal of invertebrate pathology, 93(1), 11-21.",https://doi.org/10.1016/j.jip.2006.04.005,full text
3cd970ea-0cac-8196-81b4-eb9b4ca580d7,710,Hypothenemus hampei,3cd970ea-0cac-81f7-998c-d66f5aa14d2a,Beauveria bassiana,Fungi,culture collection,,pathogen; association report,,,,Côte d’Ivoire,2006,"Rehner et al., 2006","Rehner, S. A., Posada, F., Buckley, E. P., Infante, F., Castillo, A., & Vega, F. E. (2006). Phylogenetic origins of African and Neotropical Beauveria bassiana sl pathogens of the coffee berry borer, Hypothenemus hampei. Journal of invertebrate pathology, 93(1), 11-21.",https://doi.org/10.1016/j.jip.2006.04.005,full text
3cd970ea-0cac-81fa-bb70-e38c93908c51,711,Hypothenemus hampei,3cd970ea-0cac-81f7-998c-d66f5aa14d2a,Beauveria bassiana,Fungi,culture collection,,pathogen; association report,,,,Togo,2006,"Rehner et al., 2006","Rehner, S. A., Posada, F., Buckley, E. P., Infante, F., Castillo, A., & Vega, F. E. (2006). Phylogenetic origins of African and Neotropical Beauveria bassiana sl pathogens of the coffee berry borer, Hypothenemus hampei. Journal of invertebrate pathology, 93(1), 11-21.",https://doi.org/10.1016/j.jip.2006.04.005,full text
3cd970ea-0cac-8177-ae46-f7730d1e899f,712,Hypothenemus hampei,3cd970ea-0cac-81f7-998c-d66f5aa14d2a,Beauveria bassiana,Fungi,culture collection,,pathogen; association report,,,,Kenya,2006,"Rehner et al., 2006","Rehner, S. A., Posada, F., Buckley, E. P., Infante, F., Castillo, A., & Vega, F. E. (2006). Phylogenetic origins of African and Neotropical Beauveria bassiana sl pathogens of the coffee berry borer, Hypothenemus hampei. Journal of invertebrate pathology, 93(1), 11-21.",https://doi.org/10.1016/j.jip.2006.04.005,full text
3cd970ea-0cac-810c-a790-e0713f15bb58,713,Hypothenemus hampei,3cd970ea-0cac-81f7-998c-d66f5aa14d2a,Beauveria bassiana,Fungi,culture collection,,pathogen; association report,,,,Mexico,2006,"Rehner et al., 2006","Rehner, S. A., Posada, F., Buckley, E. P., Infante, F., Castillo, A., & Vega, F. E. (2006). Phylogenetic origins of African and Neotropical Beauveria bassiana sl pathogens of the coffee berry borer, Hypothenemus hampei. Journal of invertebrate pathology, 93(1), 11-21.",https://doi.org/10.1016/j.jip.2006.04.005,full text
3cd970ea-0cac-81ac-87c4-e18ff11bc9e1,714,Hypothenemus hampei,3cd970ea-0cac-81f7-998c-d66f5aa14d2a,Beauveria bassiana,Fungi,culture collection,,pathogen; association report,,,,Nicaragua,2006,"Rehner et al., 2006","Rehner, S. A., Posada, F., Buckley, E. P., Infante, F., Castillo, A., & Vega, F. E. (2006). Phylogenetic origins of African and Neotropical Beauveria bassiana sl pathogens of the coffee berry borer, Hypothenemus hampei. Journal of invertebrate pathology, 93(1), 11-21.",https://doi.org/10.1016/j.jip.2006.04.005,full text
3cd970ea-0cac-81a9-8b0a-fbc6f2517a05,715,Hypothenemus hampei,3cd970ea-0cac-81f7-998c-d66f5aa14d2a,Beauveria bassiana,Fungi,culture collection,,pathogen; association report,,,,Ivory Coast,2006,"Rehner et al., 2006","Rehner, S. A., Posada, F., Buckley, E. P., Infante, F., Castillo, A., & Vega, F. E. (2006). Phylogenetic origins of African and Neotropical Beauveria bassiana sl pathogens of the coffee berry borer, Hypothenemus hampei. Journal of invertebrate pathology, 93(1), 11-21.",https://doi.org/10.1016/j.jip.2006.04.005,full text
3cd970ea-0cac-8111-8d17-e30d4ef86878,716,Hypothenemus hampei,3cd970ea-0cac-81f7-998c-d66f5aa14d2a,Beauveria bassiana,Fungi,culture collection,,pathogen; association report,,,,Colombia,2006,"Rehner et al., 2006","Rehner, S. A., Posada, F., Buckley, E. P., Infante, F., Castillo, A., & Vega, F. E. (2006). Phylogenetic origins of African and Neotropical Beauveria bassiana sl pathogens of the coffee berry borer, Hypothenemus hampei. Journal of invertebrate pathology, 93(1), 11-21.",https://doi.org/10.1016/j.jip.2006.04.005,full text
3cd970ea-0cac-81b0-ab2b-efbe507e7392,717,Xyleborus affinis,3cd970ea-0cac-815e-9824-c468cb48f77b,Metarhizium robertsii,Fungi,culture collection,,pathogen,,pathogenicity test,,Mexico,2021,"Reynoso-López et al., 2021","Reynoso-López, E. A., Méndez-Hernández, J. E., Ek-Ramos, J., Montesinos-Matías, R., & Loera, O. (2021). Metarhizium robertsii in combination with Trichoderma asperellum reduce the malathion doses used to control ambrosia beetles: the case of Xyleborus affinis. Biocontrol Science and Technology, 31(10), 1080-1097.",https://doi.org/10.1080/09583157.2021.1923656,full text
3cd970ea-0cac-816b-af4f-ccd53bcfc228,718,Dendroctonus ponderosae,3cd970ea-0cac-8190-bc06-f7745f245114,Beauveria bassiana,Fungi,culture collection,,pathogen,,,,Canada,2021,"Rosana et al., 2021","Rosana, A. R. R., Pokorny, S., Klutsch, J. G., Ibarra-Romero, C., Sanichar, R., Engelhardt, D., ... & Vederas, J. C. (2021). Selection of entomopathogenic fungus Beauveria bassiana (Deuteromycotina: Hyphomycetes) for the biocontrol of Dendroctonus ponderosae (Coleoptera: Curculionidae, Scolytinae) in Western Canada. Applied Microbiology and Biotechnology, 105(6), 2541-2557.",https://doi.org/10.1007/s00253-021-11172-7,full text
3cd970ea-0cac-810a-8b6c-c1153245a9f0,719,Tomicus minor,3cd970ea-0cac-8166-a655-c3abab767baf,Beauveria bassiana,Fungi,isolated from cadaver,,pathogen,,,,Italy,2016,"Schebeck et al., 2016","Schebeck, M., Wrzosek, M., Clausi, M., Tarasco, E., Tkaczuk, C., & Wegensteiner, R. (2016). First record of Beauveria bassiana on Tomicus minor in Sicily.",https://www.cabidigitallibrary.org/doi/full/10.5555/20163392993,only English abstract
3cd970ea-0cac-8184-8a44-de6fd874fc21,720,Dendroctonus micans,3cd970ea-0cac-818b-bd09-d27467805361,Metarhizium anisopliae,Fungi,isolated from soil,,,,virulence test,laboratory,Turkey,2009,"Sevim et al., 2009","Sevim, A., Demir, I., Tanyeli, E., & Demirbağ, Z. (2010). Screening of entomopathogenic fungi against the European spruce bark beetle, Dendroctonus micans (Coleoptera: Scolytidae). Biocontrol Science and Technology, 20(1), 3-11.",https://doi.org/10.1080/09583150903305737,full text
3cd970ea-0cac-8165-8088-e6e99ff9a7a6,721,Dendroctonus micans,3cd970ea-0cac-818b-bd09-d27467805361,Beauveria bassiana,Fungi,isolated from Rhynchites baccus and Thaumetopoea pityocampa,,,,virulence test,laboratory,Turkey,2009,"Sevim et al., 2009","Sevim, A., Demir, I., Tanyeli, E., & Demirbağ, Z. (2010). Screening of entomopathogenic fungi against the European spruce bark beetle, Dendroctonus micans (Coleoptera: Scolytidae). Biocontrol Science and Technology, 20(1), 3-11.",https://doi.org/10.1080/09583150903305737,full text
3cd970ea-0cac-81fa-933e-c8ad1aea7ac9,722,Dendroctonus micans,3cd970ea-0cac-818b-bd09-d27467805361,Beauveria cf. bassiana,Fungi,isolated from soil,,,,virulence test,laboratory,Turkey,2009,"Sevim et al., 2009","Sevim, A., Demir, I., Tanyeli, E., & Demirbağ, Z. (2010). Screening of entomopathogenic fungi against the European spruce bark beetle, Dendroctonus micans (Coleoptera: Scolytidae). Biocontrol Science and Technology, 20(1), 3-11.",https://doi.org/10.1080/09583150903305737,full text
3cd970ea-0cac-81c1-a984-dada62a7f784,723,Dendroctonus micans,3cd970ea-0cac-818b-bd09-d27467805361,Metarhizium sp.,Fungi,isolated from soil,,,,virulence test,laboratory,Turkey,2009,"Sevim et al., 2009","Sevim, A., Demir, I., Tanyeli, E., & Demirbağ, Z. (2010). Screening of entomopathogenic fungi against the European spruce bark beetle, Dendroctonus micans (Coleoptera: Scolytidae). Biocontrol Science and Technology, 20(1), 3-11.",https://doi.org/10.1080/09583150903305737,full text
3cd970ea-0cac-8185-a1dc-f335898250b3,724,Dendroctonus micans,3cd970ea-0cac-818b-bd09-d27467805361,Isaria fumosorosea,Fungi,isolated from soil,,,,virulence test,laboratory,Turkey,2009,"Sevim et al., 2009","Sevim, A., Demir, I., Tanyeli, E., & Demirbağ, Z. (2010). Screening of entomopathogenic fungi against the European spruce bark beetle, Dendroctonus micans (Coleoptera: Scolytidae). Biocontrol Science and Technology, 20(1), 3-11.",https://doi.org/10.1080/09583150903305737,full text
3cd970ea-0cac-8196-9bd9-ceb5fe871620,725,Dendroctonus micans,3cd970ea-0cac-818b-bd09-d27467805361,Evlachovaea sp.,Fungi,isolated from soil,,,,virulence test,laboratory,Turkey,2009,"Sevim et al., 2009","Sevim, A., Demir, I., Tanyeli, E., & Demirbağ, Z. (2010). Screening of entomopathogenic fungi against the European spruce bark beetle, Dendroctonus micans (Coleoptera: Scolytidae). Biocontrol Science and Technology, 20(1), 3-11.",https://doi.org/10.1080/09583150903305737,full text
3cd970ea-0cac-8165-a89d-e812297ce72d,726,Dendroctonus frontalis,3cd970ea-0cac-81b5-b18d-f10167e662e3,Flacherie virus,Virus,isolated from infected beetle,,,morphological,,,United States,1996,Sikorowski et al. 1996,"Sikorowski P.P., A.M. Lawrence, T.E. Nebeker & T.S. Price 1996. Virus and Virus-like Particles Found in Southern Pine Beetle Adults in Mississippi and Georgia. Mississippi Agricultural & Forestry Experiment Station Technical Bulletin 212, 1-9.",https://www.mafes.msstate.edu/publications/technical-bulletins/tb212.pdf,full text
3cd970ea-0cac-81b7-969b-efed2ccf44af,727,Dendroctonus frontalis,3cd970ea-0cac-81b5-b18d-f10167e662e3,Enteroviruses,Virus,isolated from infected beetle,,,morphological,,,United States,1996,Sikorowski et al. 1996,"Sikorowski P.P., A.M. Lawrence, T.E. Nebeker & T.S. Price 1996. Virus and Virus-like Particles Found in Southern Pine Beetle Adults in Mississippi and Georgia. Mississippi Agricultural & Forestry Experiment Station Technical Bulletin 212, 1-9.",https://www.mafes.msstate.edu/publications/technical-bulletins/tb212.pdf,full text
3cd970ea-0cac-816a-ad61-fb152adbe20a,728,Dendroctonus frontalis,3cd970ea-0cac-81b5-b18d-f10167e662e3,Cardioviruses,Virus,isolated from infected beetle,,,morphological,,,United States,1996,Sikorowski et al. 1996,"Sikorowski P.P., A.M. Lawrence, T.E. Nebeker & T.S. Price 1996. Virus and Virus-like Particles Found in Southern Pine Beetle Adults in Mississippi and Georgia. Mississippi Agricultural & Forestry Experiment Station Technical Bulletin 212, 1-9.",https://www.mafes.msstate.edu/publications/technical-bulletins/tb212.pdf,full text
3cd970ea-0cac-8116-a730-f46904f5ef7f,729,Dendroctonus frontalis,3cd970ea-0cac-81b5-b18d-f10167e662e3,Rhinoviruses,Virus,isolated from infected beetle,,,morphological,,,United States,1996,Sikorowski et al. 1996,"Sikorowski P.P., A.M. Lawrence, T.E. Nebeker & T.S. Price 1996. Virus and Virus-like Particles Found in Southern Pine Beetle Adults in Mississippi and Georgia. Mississippi Agricultural & Forestry Experiment Station Technical Bulletin 212, 1-9.",https://www.mafes.msstate.edu/publications/technical-bulletins/tb212.pdf,full text
3cd970ea-0cac-8120-a021-e823690c200b,730,Dendroctonus frontalis,3cd970ea-0cac-81b5-b18d-f10167e662e3,Aphthoviruses,Virus,isolated from infected beetle,,,morphological,,,United States,1996,Sikorowski et al. 1996,"Sikorowski P.P., A.M. Lawrence, T.E. Nebeker & T.S. Price 1996. Virus and Virus-like Particles Found in Southern Pine Beetle Adults in Mississippi and Georgia. Mississippi Agricultural & Forestry Experiment Station Technical Bulletin 212, 1-9.",https://www.mafes.msstate.edu/publications/technical-bulletins/tb212.pdf,full text
3cd970ea-0cac-8120-9d73-cf47cc48b3f8,731,Dendroctonus frontalis,3cd970ea-0cac-81b5-b18d-f10167e662e3,Bunyaviruses,Virus,isolated from infected beetle,,,morphological,,,United States,1996,Sikorowski et al. 1996,"Sikorowski P.P., A.M. Lawrence, T.E. Nebeker & T.S. Price 1996. Virus and Virus-like Particles Found in Southern Pine Beetle Adults in Mississippi and Georgia. Mississippi Agricultural & Forestry Experiment Station Technical Bulletin 212, 1-9.",https://www.mafes.msstate.edu/publications/technical-bulletins/tb212.pdf,full text
3cd970ea-0cac-81e2-8d83-c8d197e8d535,732,Dendroctonus frontalis,3cd970ea-0cac-81b5-b18d-f10167e662e3,"Baculovirus, nuclear polyhedrosis viruses",Virus,isolated from infected beetle,,,morphological,,,United States,1996,Sikorowski et al. 1996,"Sikorowski P.P., A.M. Lawrence, T.E. Nebeker & T.S. Price 1996. Virus and Virus-like Particles Found in Southern Pine Beetle Adults in Mississippi and Georgia. Mississippi Agricultural & Forestry Experiment Station Technical Bulletin 212, 1-9.",https://www.mafes.msstate.edu/publications/technical-bulletins/tb212.pdf,full text
3cd970ea-0cac-81c5-a9ef-d5396ceb79cb,733,Dendroctonus frontalis,3cd970ea-0cac-81b5-b18d-f10167e662e3,"Baculovirus, granulosis viruses",Virus,isolated from infected beetle,,,morphological,,,United States,1996,Sikorowski et al. 1996,"Sikorowski P.P., A.M. Lawrence, T.E. Nebeker & T.S. Price 1996. Virus and Virus-like Particles Found in Southern Pine Beetle Adults in Mississippi and Georgia. Mississippi Agricultural & Forestry Experiment Station Technical Bulletin 212, 1-9.",https://www.mafes.msstate.edu/publications/technical-bulletins/tb212.pdf,full text
3cd970ea-0cac-81b8-92fa-eef0a75075ed,734,Dendroctonus frontalis,3cd970ea-0cac-81b5-b18d-f10167e662e3,"Baculovirus, nonoccluded rod-shaped nuclear viruses",Virus,isolated from infected beetle,,,morphological,,,United States,1996,Sikorowski et al. 1996,"Sikorowski P.P., A.M. Lawrence, T.E. Nebeker & T.S. Price 1996. Virus and Virus-like Particles Found in Southern Pine Beetle Adults in Mississippi and Georgia. Mississippi Agricultural & Forestry Experiment Station Technical Bulletin 212, 1-9.",https://www.mafes.msstate.edu/publications/technical-bulletins/tb212.pdf,full text
3cd970ea-0cac-814e-ac46-e81a45233d4a,735,Dendroctonus frontalis,3cd970ea-0cac-81b5-b18d-f10167e662e3,Unknown small RNA viruses,Virus,isolated from infected beetle,,,morphological,,,United States,1996,Sikorowski et al. 1996,"Sikorowski P.P., A.M. Lawrence, T.E. Nebeker & T.S. Price 1996. Virus and Virus-like Particles Found in Southern Pine Beetle Adults in Mississippi and Georgia. Mississippi Agricultural & Forestry Experiment Station Technical Bulletin 212, 1-9.",https://www.mafes.msstate.edu/publications/technical-bulletins/tb212.pdf,full text
3cd970ea-0cac-8168-9128-d3ce984ca51e,736,Tomicus piniperda,3cd970ea-0cac-8130-bbd3-e29afac9abf6,Beauveria bassiana,Fungi,,,association report,,,,Finland,2015,"Silva et al., 2015","Silva, X., Terhonen, E., Sun, H., Kasanen, R., Heliövaara, K., Jalkanen, R., & Asiegbu, F. O. (2015). Comparative analyses of fungal biota carried by the pine shoot beetle (Tomicus piniperda L.) in northern and southern Finland. Scandinavian Journal of Forest Research, 30(6), 497-506.",https://doi.org/10.1080/02827581.2015.1031824,full text
3cd970ea-0cac-8105-8c80-d78e8e745c47,737,Ips duplicatus,3cd970ea-0cac-8141-8c9c-eda2a1055c4c,Contortylenchus cylindricus,Nematode,,,parasite,,,,,1967,"Slankis, 1967","Slankis, A. (1967). Contortylenchus cylindricus n. sp. and Contortylenchus rarus n. sp.(Tylenchida: Contortylenchidae) parasitic in bark beetles and taxonomic notes on the genus Contortylenchus Ruhm 1956.",https://www.cabidigitallibrary.org/doi/full/10.5555/19690804857,only English abstract
3cd970ea-0cac-8111-8e66-c00db1a3341b,738,Hylurgops starki,3cd970ea-0cac-81a1-85d5-c577d71fc539,Contortylenchus rarus,Nematode,,,parasite,,,,,1967,"Slankis, 1967","Slankis, A. (1967). Contortylenchus cylindricus n. sp. and Contortylenchus rarus n. sp.(Tylenchida: Contortylenchidae) parasitic in bark beetles and taxonomic notes on the genus Contortylenchus Ruhm 1956.",https://www.cabidigitallibrary.org/doi/full/10.5555/19690804857,only English abstract
3cd970ea-0cac-811b-83c1-ed45d2c89bc2,739,Ips sexdentatus,3cd970ea-0cac-81b2-b8a3-d4a7253b9941,Contortylenchus pseudodiplogaster,Nematode,,,parasite,,,,Russia,1969,"Slankis, 1969","Slankis, A. (1969). A new species of endoparasitic nematode, Contortylenchus pseudodiplogaster n. sp. from the bark beetle, Ips sexdentatus.",,
3cd970ea-0cac-81dd-9166-c57cfeaa39eb,740,Dendroctonus simplex,3cd970ea-0cac-81a1-a326-ca085b8928a8,Beauveria bassiana,Fungi,culture collection,,pathogen,,pathogenicity test,laboratory,Canada,2017,"Srei et al., 2017","Srei, N., Lavallée, R., & Guertin, C. (2017). Susceptibility of Dendroctonus simplex to Hypocreales fungi: towards the development of a biological control strategy. Journal of Applied Entomology, 141(6), 487-495.",https://doi.org/10.1111/jen.12361,full text
3cd970ea-0cac-8188-a2b4-c7c62251db87,741,Dendroctonus simplex,3cd970ea-0cac-81a1-a326-ca085b8928a8,Lecanicillium attenuatum,Fungi,culture collection,,pathogen,,pathogenicity test,laboratory,Canada,2017,"Srei et al., 2017","Srei, N., Lavallée, R., & Guertin, C. (2017). Susceptibility of Dendroctonus simplex to Hypocreales fungi: towards the development of a biological control strategy. Journal of Applied Entomology, 141(6), 487-495.",https://doi.org/10.1111/jen.12361,full text
3cd970ea-0cac-81e9-8c12-c1221ef5ce34,742,Dendroctonus simplex,3cd970ea-0cac-81a1-a326-ca085b8928a8,Metarhizium anisopliae,Fungi,culture collection,,pathogen,,pathogenicity test,laboratory,Canada,2017,"Srei et al., 2017","Srei, N., Lavallée, R., & Guertin, C. (2017). Susceptibility of Dendroctonus simplex to Hypocreales fungi: towards the development of a biological control strategy. Journal of Applied Entomology, 141(6), 487-495.",https://doi.org/10.1111/jen.12361,full text
3cd970ea-0cac-8190-b0ec-f7064a19ec96,743,Ips sexdentatus,3cd970ea-0cac-81b2-b8a3-d4a7253b9941,Beauveria bassiana,Fungi,,,pathogen,,,laboratory,,2010,"Steinwender et al., 2010","Steinwender, B. M., Krenn, H. W., & Wegensteiner, R. (2010). Different effects of the insectpathogenic fungus Beauveria bassiana (Deuteromycota) on the bark beetle Ips sexdentatus (Coleoptera: Curculionidae) and on its predator Thanasimus formicarius (Coleoptera: Cleridae). Journal of Plant Diseases and Protection, 117(1), 33-38.",https://doi.org/10.1007/BF03356331,full text
3cd970ea-0cac-817d-8d56-f9cff6503b92,745,Ips typographus,3cd970ea-0cac-81e7-bd37-c7209a5601d7,Beauveria bassiana,Fungi,,,pathogen,,pathogenicity test,semi-controlled laboratory condition,,2023,"Tabakovic-Tošic and Milosavljevic, 2023","Tabakovic-Tošic, M., & Milosavljevic, M. (2023). Biological efficacy of the entomopathogenic fungus Beauveria bassiana for controlling the European spruce bark beetle Ips typographus (Coleoptera: Curculionidae) in semi-controlled laboratory conditions.",https://www.cabidigitallibrary.org/doi/full/10.5555/20230300692,only English abstract
3cd970ea-0cac-8106-8eb8-c75ed6fab7f0,746,Ips sexdentatus,3cd970ea-0cac-81b2-b8a3-d4a7253b9941,Gregarina typographi,Protist,,,association report,,,,Bulgaria,2008,"Takov and Pilarska, 2008","Takov, D., & Pilarska, D. (2008). Prevalence of Gregarina typographi Fuchs (Apicomplexa: Gregarinidae) and nematodes (Nematoda) in bark beetles (Coleoptera: Scolytinae) from Bulgaria depending on the host gender. Acta zoologica bulgarica, 60(3), 227-232.",https://www.researchgate.net/profile/Danail-Takov/publication/298516166_Prevalence_of_Gregarina_typographi_Fuchs_Apicomplexa_Gregarinidae_and_Nematodes_Nematoda_in_Bark_Beetles_Coleoptera_Scolytinae_from_Bulgaria_Depending_on_the_Host_Gender/links/5b45ab2a0f7e9b1c72235e98/Prevalence-of-Gregarina-typographi-Fuchs-Apicomplexa-Gregarinidae-and-Nematodes-Nematoda-in-Bark-Beetles-Coleoptera-Scolytinae-from-Bulgaria-Depending-on-the-Host-Gender.pdf,full text
3cd970ea-0cac-81a1-a51f-fcb1f0771e72,747,Ips acuminatus,3cd970ea-0cac-81e3-9078-eb847964ce01,Gregarina typographi,Protist,,,association report,,,,Bulgaria,2008,"Takov and Pilarska, 2008","Takov, D., & Pilarska, D. (2008). Prevalence of Gregarina typographi Fuchs (Apicomplexa: Gregarinidae) and nematodes (Nematoda) in bark beetles (Coleoptera: Scolytinae) from Bulgaria depending on the host gender. Acta zoologica bulgarica, 60(3), 227-232.",https://www.researchgate.net/profile/Danail-Takov/publication/298516166_Prevalence_of_Gregarina_typographi_Fuchs_Apicomplexa_Gregarinidae_and_Nematodes_Nematoda_in_Bark_Beetles_Coleoptera_Scolytinae_from_Bulgaria_Depending_on_the_Host_Gender/links/5b45ab2a0f7e9b1c72235e98/Prevalence-of-Gregarina-typographi-Fuchs-Apicomplexa-Gregarinidae-and-Nematodes-Nematoda-in-Bark-Beetles-Coleoptera-Scolytinae-from-Bulgaria-Depending-on-the-Host-Gender.pdf,full text
3cd970ea-0cac-8114-ab17-f3f46f301e21,748,Ips typographus,3cd970ea-0cac-81e7-bd37-c7209a5601d7,ItEPV,Virus,,,,,,,Bulgaria,2009,"Takov and Pilarska, 2009","Takov, D., & Pilarska, D. (2009). Single and mixed infections in Ips typographus (Coleoptera: Scolytinae) caused by the entomopathogens Entomopoxvirus typographi (Virales), Gregarina typographi (Sporozoa) and Chytridiopsis typographi (Microsporidia). Acta Zool Bulg, 61(1), 45-48.",https://acta-zoologica-bulgarica.eu/downloads/acta-zoologica-bulgarica/2009/61-1-045-048.pdf,full text
3cd970ea-0cac-814e-9546-f5459efe93b1,749,Ips typographus,3cd970ea-0cac-81e7-bd37-c7209a5601d7,Gregarina typographi,Protist,,,,,,,Bulgaria,2009,"Takov and Pilarska, 2009","Takov, D., & Pilarska, D. (2009). Single and mixed infections in Ips typographus (Coleoptera: Scolytinae) caused by the entomopathogens Entomopoxvirus typographi (Virales), Gregarina typographi (Sporozoa) and Chytridiopsis typographi (Microsporidia). Acta Zool Bulg, 61(1), 45-48.",https://acta-zoologica-bulgarica.eu/downloads/acta-zoologica-bulgarica/2009/61-1-045-048.pdf,full text
3cd970ea-0cac-812c-bb61-fab44c87292a,750,Ips typographus,3cd970ea-0cac-81e7-bd37-c7209a5601d7,Chytridiopsis typographi,Microsporidia,,,,,,,Bulgaria,2009,"Takov and Pilarska, 2009","Takov, D., & Pilarska, D. (2009). Single and mixed infections in Ips typographus (Coleoptera: Scolytinae) caused by the entomopathogens Entomopoxvirus typographi (Virales), Gregarina typographi (Sporozoa) and Chytridiopsis typographi (Microsporidia). Acta Zool Bulg, 61(1), 45-48.",https://acta-zoologica-bulgarica.eu/downloads/acta-zoologica-bulgarica/2009/61-1-045-048.pdf,full text
3cd970ea-0cac-81ba-8153-da048faf2d43,751,Ips typographus,3cd970ea-0cac-81e7-bd37-c7209a5601d7,ItEPV,Virus,isolated from beetle,,pathogen,morphological,,,Bulgaria,2006,"Takov et al., 2006","Takov, D., Pilarska, D., & Wegensteiner, R. (2006). Entomopathogens in Ips typographus (Coleoptera: Scolytidae) from several spruce stands in Bulgaria. Acta zoologica bulgarica, 58(3), 409-420.",https://www.researchgate.net/profile/Danail-Takov/publication/340033504_Entomopathogens_in_Ips_typographus_Coleoptera_Scolytidae_from_Several_Spruce_Stands_in_Bulgaria/links/5e739f09458515350c88dbc5/Entomopathogens-in-Ips-typographus-Coleoptera-Scolytidae-from-Several-Spruce-Stands-in-Bulgaria.pdf,full text
3cd970ea-0cac-8193-bba9-e1909fe97870,752,Ips typographus,3cd970ea-0cac-81e7-bd37-c7209a5601d7,Gregarina typographi,Protist,isolated from beetle,,pathogen,morphological,,,Bulgaria,2006,"Takov et al., 2006","Takov, D., Pilarska, D., & Wegensteiner, R. (2006). Entomopathogens in Ips typographus (Coleoptera: Scolytidae) from several spruce stands in Bulgaria. Acta zoologica bulgarica, 58(3), 409-420.",https://www.researchgate.net/profile/Danail-Takov/publication/340033504_Entomopathogens_in_Ips_typographus_Coleoptera_Scolytidae_from_Several_Spruce_Stands_in_Bulgaria/links/5e739f09458515350c88dbc5/Entomopathogens-in-Ips-typographus-Coleoptera-Scolytidae-from-Several-Spruce-Stands-in-Bulgaria.pdf,full text
3cd970ea-0cac-8129-a857-cc4829a53f38,753,Ips typographus,3cd970ea-0cac-81e7-bd37-c7209a5601d7,Contortylenchus diplogaster,Nematode,isolated from beetle,,pathogen,morphological,,,Bulgaria,2006,"Takov et al., 2006","Takov, D., Pilarska, D., & Wegensteiner, R. (2006). Entomopathogens in Ips typographus (Coleoptera: Scolytidae) from several spruce stands in Bulgaria. Acta zoologica bulgarica, 58(3), 409-420.",https://www.researchgate.net/profile/Danail-Takov/publication/340033504_Entomopathogens_in_Ips_typographus_Coleoptera_Scolytidae_from_Several_Spruce_Stands_in_Bulgaria/links/5e739f09458515350c88dbc5/Entomopathogens-in-Ips-typographus-Coleoptera-Scolytidae-from-Several-Spruce-Stands-in-Bulgaria.pdf,full text
3cd970ea-0cac-81fa-90d6-ff4da496f260,754,Ips typographus,3cd970ea-0cac-81e7-bd37-c7209a5601d7,Cryptaphelenchus macrogaster,Nematode,isolated from beetle,,pathogen,morphological,,,Bulgaria,2006,"Takov et al., 2006","Takov, D., Pilarska, D., & Wegensteiner, R. (2006). Entomopathogens in Ips typographus (Coleoptera: Scolytidae) from several spruce stands in Bulgaria. Acta zoologica bulgarica, 58(3), 409-420.",https://www.researchgate.net/profile/Danail-Takov/publication/340033504_Entomopathogens_in_Ips_typographus_Coleoptera_Scolytidae_from_Several_Spruce_Stands_in_Bulgaria/links/5e739f09458515350c88dbc5/Entomopathogens-in-Ips-typographus-Coleoptera-Scolytidae-from-Several-Spruce-Stands-in-Bulgaria.pdf,full text
3cd970ea-0cac-81fd-92a1-ce67ee9ba798,755,Ips typographus,3cd970ea-0cac-81e7-bd37-c7209a5601d7,Chytridiopsis typographi,Microsporidia,isolated from beetle,,pathogen,morphological,,,Bulgaria,2006,"Takov et al., 2006","Takov, D., Pilarska, D., & Wegensteiner, R. (2006). Entomopathogens in Ips typographus (Coleoptera: Scolytidae) from several spruce stands in Bulgaria. Acta zoologica bulgarica, 58(3), 409-420.",https://www.researchgate.net/profile/Danail-Takov/publication/340033504_Entomopathogens_in_Ips_typographus_Coleoptera_Scolytidae_from_Several_Spruce_Stands_in_Bulgaria/links/5e739f09458515350c88dbc5/Entomopathogens-in-Ips-typographus-Coleoptera-Scolytidae-from-Several-Spruce-Stands-in-Bulgaria.pdf,full text
3cd970ea-0cac-8118-9c3b-ead0450a6fe2,756,Ips typographus,3cd970ea-0cac-81e7-bd37-c7209a5601d7,Beauveria bassiana,Fungi,isolated from beetle,,pathogen,morphological,,,Bulgaria,2006,"Takov et al., 2006","Takov, D., Pilarska, D., & Wegensteiner, R. (2006). Entomopathogens in Ips typographus (Coleoptera: Scolytidae) from several spruce stands in Bulgaria. Acta zoologica bulgarica, 58(3), 409-420.",https://www.researchgate.net/profile/Danail-Takov/publication/340033504_Entomopathogens_in_Ips_typographus_Coleoptera_Scolytidae_from_Several_Spruce_Stands_in_Bulgaria/links/5e739f09458515350c88dbc5/Entomopathogens-in-Ips-typographus-Coleoptera-Scolytidae-from-Several-Spruce-Stands-in-Bulgaria.pdf,full text
3cd970ea-0cac-8101-8455-ea4ad17bfed4,757,Ips sexdentatus,3cd970ea-0cac-81b2-b8a3-d4a7253b9941,Beauveria bassiana,Fungi,isolated from beetle,,,,,,Bulgaria,2007,"Takov et al., 2007","Takov, D., Doychev, D., Wegensteiner, R., Pilarska, D., 2007. Study of bark beetle (Coleoptera, Scolytidae) pathogens from coniferous stands in Bulgaria. Acta Zool. Bulg. 59, 87–96.",https://www.researchgate.net/publication/271507092_Study_of_Bark_Beetles_Coleoptera_Scolytidae_Pathogens_from_Coniferous_stands_in_Bulgaria,full text
3cd970ea-0cac-8121-b24c-c91afe282f05,758,Ips typographus,3cd970ea-0cac-81e7-bd37-c7209a5601d7,ItEPV,Virus,isolated from beetle,,,,,,Bulgaria,2007,"Takov et al., 2007","Takov, D., Doychev, D., Wegensteiner, R., Pilarska, D., 2007. Study of bark beetle (Coleoptera, Scolytidae) pathogens from coniferous stands in Bulgaria. Acta Zool. Bulg. 59, 87–96.",https://www.researchgate.net/publication/271507092_Study_of_Bark_Beetles_Coleoptera_Scolytidae_Pathogens_from_Coniferous_stands_in_Bulgaria,full text
3cd970ea-0cac-8157-9471-ebc5b8fc8458,759,Ips typographus,3cd970ea-0cac-81e7-bd37-c7209a5601d7,Beauveria bassiana,Fungi,isolated from beetle,,,,,,Bulgaria,2007,"Takov et al., 2007","Takov, D., Doychev, D., Wegensteiner, R., Pilarska, D., 2007. Study of bark beetle (Coleoptera, Scolytidae) pathogens from coniferous stands in Bulgaria. Acta Zool. Bulg. 59, 87–96.",https://www.researchgate.net/publication/271507092_Study_of_Bark_Beetles_Coleoptera_Scolytidae_Pathogens_from_Coniferous_stands_in_Bulgaria,full text
3cd970ea-0cac-8120-a0a2-f3e16a8c1e80,760,Ips typographus,3cd970ea-0cac-81e7-bd37-c7209a5601d7,Gregarina typographi,Protist,isolated from beetle,,,,,,Bulgaria,2007,"Takov et al., 2007","Takov, D., Doychev, D., Wegensteiner, R., Pilarska, D., 2007. Study of bark beetle (Coleoptera, Scolytidae) pathogens from coniferous stands in Bulgaria. Acta Zool. Bulg. 59, 87–96.",https://www.researchgate.net/publication/271507092_Study_of_Bark_Beetles_Coleoptera_Scolytidae_Pathogens_from_Coniferous_stands_in_Bulgaria,full text
3cd970ea-0cac-81a5-a52a-f737bee20af6,761,Ips sexdentatus,3cd970ea-0cac-81b2-b8a3-d4a7253b9941,Gregarina typographi,Protist,isolated from beetle,,,,,,Bulgaria,2007,"Takov et al., 2007","Takov, D., Doychev, D., Wegensteiner, R., Pilarska, D., 2007. Study of bark beetle (Coleoptera, Scolytidae) pathogens from coniferous stands in Bulgaria. Acta Zool. Bulg. 59, 87–96.",https://www.researchgate.net/publication/271507092_Study_of_Bark_Beetles_Coleoptera_Scolytidae_Pathogens_from_Coniferous_stands_in_Bulgaria,full text
3cd970ea-0cac-818f-a098-e9be6189c56d,762,Ips acuminatus,3cd970ea-0cac-81e3-9078-eb847964ce01,Gregarina cf. typographi,Protist,isolated from beetle,,,,,,Bulgaria,2007,"Takov et al., 2007","Takov, D., Doychev, D., Wegensteiner, R., Pilarska, D., 2007. Study of bark beetle (Coleoptera, Scolytidae) pathogens from coniferous stands in Bulgaria. Acta Zool. Bulg. 59, 87–96.",https://www.researchgate.net/publication/271507092_Study_of_Bark_Beetles_Coleoptera_Scolytidae_Pathogens_from_Coniferous_stands_in_Bulgaria,full text
3cd970ea-0cac-81db-978d-eae8eb7d13b7,763,Ips acuminatus,3cd970ea-0cac-81e3-9078-eb847964ce01,Chytridiopsis typographi,Microsporidia,isolated from beetle,,,,,,Bulgaria,2007,"Takov et al., 2007","Takov, D., Doychev, D., Wegensteiner, R., Pilarska, D., 2007. Study of bark beetle (Coleoptera, Scolytidae) pathogens from coniferous stands in Bulgaria. Acta Zool. Bulg. 59, 87–96.",https://www.researchgate.net/publication/271507092_Study_of_Bark_Beetles_Coleoptera_Scolytidae_Pathogens_from_Coniferous_stands_in_Bulgaria,full text
3cd970ea-0cac-81b3-a319-c1564bdfadc1,764,Pityogenes chalcographus,3cd970ea-0cac-81ae-b124-f43044691162,Gregarina cf. typographi,Protist,isolated from beetle,,,,,,Bulgaria,2007,"Takov et al., 2007","Takov, D., Doychev, D., Wegensteiner, R., Pilarska, D., 2007. Study of bark beetle (Coleoptera, Scolytidae) pathogens from coniferous stands in Bulgaria. Acta Zool. Bulg. 59, 87–96.",https://www.researchgate.net/publication/271507092_Study_of_Bark_Beetles_Coleoptera_Scolytidae_Pathogens_from_Coniferous_stands_in_Bulgaria,full text
3cd970ea-0cac-8179-bd10-c657910467af,765,Pityogenes chalcographus,3cd970ea-0cac-81ae-b124-f43044691162,Menzbieria chalcographi,Protist,isolated from beetle,,,,,,Bulgaria,2007,"Takov et al., 2007","Takov, D., Doychev, D., Wegensteiner, R., Pilarska, D., 2007. Study of bark beetle (Coleoptera, Scolytidae) pathogens from coniferous stands in Bulgaria. Acta Zool. Bulg. 59, 87–96.",https://www.researchgate.net/publication/271507092_Study_of_Bark_Beetles_Coleoptera_Scolytidae_Pathogens_from_Coniferous_stands_in_Bulgaria,full text
3cd970ea-0cac-818d-9935-fc064bdada78,766,Orthotomicus proximus,3cd970ea-0cac-8154-a60b-ddce71aa9d0d,Gregarina cf. typographi,Protist,isolated from beetle,,,,,,Bulgaria,2007,"Takov et al., 2007","Takov, D., Doychev, D., Wegensteiner, R., Pilarska, D., 2007. Study of bark beetle (Coleoptera, Scolytidae) pathogens from coniferous stands in Bulgaria. Acta Zool. Bulg. 59, 87–96.",https://www.researchgate.net/publication/271507092_Study_of_Bark_Beetles_Coleoptera_Scolytidae_Pathogens_from_Coniferous_stands_in_Bulgaria,full text
3cd970ea-0cac-812e-a2f8-e7d46ce96c16,767,Orthotomicus proximus,3cd970ea-0cac-8154-a60b-ddce71aa9d0d,Chytridiopsis cf.  typographi,Microsporidia,isolated from beetle,,,,,,Bulgaria,2007,"Takov et al., 2007","Takov, D., Doychev, D., Wegensteiner, R., Pilarska, D., 2007. Study of bark beetle (Coleoptera, Scolytidae) pathogens from coniferous stands in Bulgaria. Acta Zool. Bulg. 59, 87–96.",https://www.researchgate.net/publication/271507092_Study_of_Bark_Beetles_Coleoptera_Scolytidae_Pathogens_from_Coniferous_stands_in_Bulgaria,full text
3cd970ea-0cac-81fe-b638-eb9ccb88c7d5,768,Pityophthorus pityographus,3cd970ea-0cac-8146-8693-dd98d3a384a6,Malamoeba scolyti,Microsporidia,isolated from beetle,,,,,,Bulgaria,2007,"Takov et al., 2007","Takov, D., Doychev, D., Wegensteiner, R., Pilarska, D., 2007. Study of bark beetle (Coleoptera, Scolytidae) pathogens from coniferous stands in Bulgaria. Acta Zool. Bulg. 59, 87–96.",https://www.researchgate.net/publication/271507092_Study_of_Bark_Beetles_Coleoptera_Scolytidae_Pathogens_from_Coniferous_stands_in_Bulgaria,full text
3cd970ea-0cac-8196-8bcb-c2459352355b,769,Polygraphus subopacus,3cd970ea-0cac-81f8-a187-df92c9f080b8,Gregarina cf. typographi,Protist,isolated from beetle,,,,,,Bulgaria,2007,"Takov et al., 2007","Takov, D., Doychev, D., Wegensteiner, R., Pilarska, D., 2007. Study of bark beetle (Coleoptera, Scolytidae) pathogens from coniferous stands in Bulgaria. Acta Zool. Bulg. 59, 87–96.",https://www.researchgate.net/publication/271507092_Study_of_Bark_Beetles_Coleoptera_Scolytidae_Pathogens_from_Coniferous_stands_in_Bulgaria,full text
3cd970ea-0cac-81a2-9766-fe7a3a17b9ef,770,Cryphalus saltuarius,3cd970ea-0cac-81a4-9524-f284cd88bb72,Chytridiopsis cf.  typographi,Microsporidia,isolated from beetle,,,,,,Bulgaria,2007,"Takov et al., 2007","Takov, D., Doychev, D., Wegensteiner, R., Pilarska, D., 2007. Study of bark beetle (Coleoptera, Scolytidae) pathogens from coniferous stands in Bulgaria. Acta Zool. Bulg. 59, 87–96.",https://www.researchgate.net/publication/271507092_Study_of_Bark_Beetles_Coleoptera_Scolytidae_Pathogens_from_Coniferous_stands_in_Bulgaria,full text
3cd970ea-0cac-81b7-bfcb-dedae14066c1,771,Hylurgus ligniperda,3cd970ea-0cac-8168-b077-f1c598e6fefd,Nosema sp.,Microsporidia,isolated from beetle,,,,,,Bulgaria,2007,"Takov et al., 2007","Takov, D., Doychev, D., Wegensteiner, R., Pilarska, D., 2007. Study of bark beetle (Coleoptera, Scolytidae) pathogens from coniferous stands in Bulgaria. Acta Zool. Bulg. 59, 87–96.",https://www.researchgate.net/publication/271507092_Study_of_Bark_Beetles_Coleoptera_Scolytidae_Pathogens_from_Coniferous_stands_in_Bulgaria,full text
3cd970ea-0cac-8145-a8a1-d754a9f041f5,772,Hylurgops palliatus,3cd970ea-0cac-816f-b74a-dc5ef373dcda,Beauveria bassiana,Fungi,,,pathogen,,,,Bulgaria,2011,"Takov et al., 2011","Takov, D., Doychev, D., Linde, A., Draganova, S., Pilarska, D., 2011. Pathogens of bark beetles (Coleoptera: Curculionidae) in Bulgarian forests. Phytoparasitica 39, 343–352.",https://doi.org/10.1007/s12600-011-0167-3,full text
3cd970ea-0cac-81b1-a3a5-f500e1004d5d,773,Ips sexdentatus,3cd970ea-0cac-81b2-b8a3-d4a7253b9941,Gregarina typographi,Protist,,,pathogen,,,,Bulgaria,2011,"Takov et al., 2011","Takov, D., Doychev, D., Linde, A., Draganova, S., Pilarska, D., 2011. Pathogens of bark beetles (Coleoptera: Curculionidae) in Bulgarian forests. Phytoparasitica 39, 343–352.",https://doi.org/10.1007/s12600-011-0167-3,full text
3cd970ea-0cac-811f-8e32-fe8ae1a98108,774,Ips typographus,3cd970ea-0cac-81e7-bd37-c7209a5601d7,Gregarina typographi,Protist,,,pathogen,,,,Bulgaria,2011,"Takov et al., 2011","Takov, D., Doychev, D., Linde, A., Draganova, S., Pilarska, D., 2011. Pathogens of bark beetles (Coleoptera: Curculionidae) in Bulgarian forests. Phytoparasitica 39, 343–352.",https://doi.org/10.1007/s12600-011-0167-3,full text
3cd970ea-0cac-811e-be1e-f30d61bc620e,775,Taphrorychus villifrons,3cd970ea-0cac-81fe-bf65-c7f2d8493349,Gregarina sp.,Protist,,,pathogen,,,,Bulgaria,2011,"Takov et al., 2011","Takov, D., Doychev, D., Linde, A., Draganova, S., Pilarska, D., 2011. Pathogens of bark beetles (Coleoptera: Curculionidae) in Bulgarian forests. Phytoparasitica 39, 343–352.",https://doi.org/10.1007/s12600-011-0167-3,full text
3cd970ea-0cac-8100-aa63-f3f89bd1bc5f,776,Pityogenes conjunctus,3cd970ea-0cac-819f-a858-d3ccf8a3d570,Gregarina sp.,Protist,,,pathogen,,,,Bulgaria,2011,"Takov et al., 2011","Takov, D., Doychev, D., Linde, A., Draganova, S., Pilarska, D., 2011. Pathogens of bark beetles (Coleoptera: Curculionidae) in Bulgarian forests. Phytoparasitica 39, 343–352.",https://doi.org/10.1007/s12600-011-0167-3,full text
3cd970ea-0cac-819d-bfee-de5e906dba10,777,Pityogenes chalcographus,3cd970ea-0cac-81ae-b124-f43044691162,Gregarina sp.,Protist,,,pathogen,,,,Bulgaria,2011,"Takov et al., 2011","Takov, D., Doychev, D., Linde, A., Draganova, S., Pilarska, D., 2011. Pathogens of bark beetles (Coleoptera: Curculionidae) in Bulgarian forests. Phytoparasitica 39, 343–352.",https://doi.org/10.1007/s12600-011-0167-3,full text
3cd970ea-0cac-81b1-9c79-d0199fce6620,778,Pityogenes bistridentatus,3cd970ea-0cac-813c-9776-cbeccb266260,Gregarina sp.,Protist,,,pathogen,,,,Bulgaria,2011,"Takov et al., 2011","Takov, D., Doychev, D., Linde, A., Draganova, S., Pilarska, D., 2011. Pathogens of bark beetles (Coleoptera: Curculionidae) in Bulgarian forests. Phytoparasitica 39, 343–352.",https://doi.org/10.1007/s12600-011-0167-3,full text
3cd970ea-0cac-81e2-96a3-c543ae6a61f5,779,Orthotomicus proximus,3cd970ea-0cac-8154-a60b-ddce71aa9d0d,Gregarina sp.,Protist,,,pathogen,,,,Bulgaria,2011,"Takov et al., 2011","Takov, D., Doychev, D., Linde, A., Draganova, S., Pilarska, D., 2011. Pathogens of bark beetles (Coleoptera: Curculionidae) in Bulgarian forests. Phytoparasitica 39, 343–352.",https://doi.org/10.1007/s12600-011-0167-3,full text
3cd970ea-0cac-819e-9615-d06120a6d635,780,Orthotomicus erosus,3cd970ea-0cac-81d4-bd25-d278cfe41fda,Gregarina sp.,Protist,,,pathogen,,,,Bulgaria,2011,"Takov et al., 2011","Takov, D., Doychev, D., Linde, A., Draganova, S., Pilarska, D., 2011. Pathogens of bark beetles (Coleoptera: Curculionidae) in Bulgarian forests. Phytoparasitica 39, 343–352.",https://doi.org/10.1007/s12600-011-0167-3,full text
3cd970ea-0cac-81f3-9e02-feffa0866d6a,781,Hylurgus ligniperda,3cd970ea-0cac-8168-b077-f1c598e6fefd,Nosema sp.,Microsporidia,,,pathogen,,,,Bulgaria,2011,"Takov et al., 2011","Takov, D., Doychev, D., Linde, A., Draganova, S., Pilarska, D., 2011. Pathogens of bark beetles (Coleoptera: Curculionidae) in Bulgarian forests. Phytoparasitica 39, 343–352.",https://doi.org/10.1007/s12600-011-0167-3,full text
3cd970ea-0cac-813c-bcb1-e97f17559da9,782,Taphrorychus villifrons,3cd970ea-0cac-81fe-bf65-c7f2d8493349,Nosema sp.,Microsporidia,,,pathogen,,,,Bulgaria,2011,"Takov et al., 2011","Takov, D., Doychev, D., Linde, A., Draganova, S., Pilarska, D., 2011. Pathogens of bark beetles (Coleoptera: Curculionidae) in Bulgarian forests. Phytoparasitica 39, 343–352.",https://doi.org/10.1007/s12600-011-0167-3,full text
3cd970ea-0cac-812a-b170-eb97530442ad,783,Ips acuminatus,3cd970ea-0cac-81e3-9078-eb847964ce01,Chytridiopsis sp.,Microsporidia,,,pathogen,,,,Bulgaria,2011,"Takov et al., 2011","Takov, D., Doychev, D., Linde, A., Draganova, S., Pilarska, D., 2011. Pathogens of bark beetles (Coleoptera: Curculionidae) in Bulgarian forests. Phytoparasitica 39, 343–352.",https://doi.org/10.1007/s12600-011-0167-3,full text
3cd970ea-0cac-8192-aad7-c7892db876f3,784,Dryocoetes autographus,3cd970ea-0cac-81b6-87c6-e583eea30425,Nematodan,Nematode,,,pathogen; did not identify species,,,,Bulgaria,2011,"Takov et al., 2011","Takov, D., Doychev, D., Linde, A., Draganova, S., Pilarska, D., 2011. Pathogens of bark beetles (Coleoptera: Curculionidae) in Bulgarian forests. Phytoparasitica 39, 343–352.",https://doi.org/10.1007/s12600-011-0167-3,full text
3cd970ea-0cac-8155-92c7-cd9d1bb691aa,785,Hylurgops palliatus,3cd970ea-0cac-816f-b74a-dc5ef373dcda,Nematodan,Nematode,,,pathogen; did not identify species,,,,Bulgaria,2011,"Takov et al., 2011","Takov, D., Doychev, D., Linde, A., Draganova, S., Pilarska, D., 2011. Pathogens of bark beetles (Coleoptera: Curculionidae) in Bulgarian forests. Phytoparasitica 39, 343–352.",https://doi.org/10.1007/s12600-011-0167-3,full text
3cd970ea-0cac-81e8-9ecb-fd8df5481e43,786,Hylurgus ligniperda,3cd970ea-0cac-8168-b077-f1c598e6fefd,Nematodan,Nematode,,,pathogen; did not identify species,,,,Bulgaria,2011,"Takov et al., 2011","Takov, D., Doychev, D., Linde, A., Draganova, S., Pilarska, D., 2011. Pathogens of bark beetles (Coleoptera: Curculionidae) in Bulgarian forests. Phytoparasitica 39, 343–352.",https://doi.org/10.1007/s12600-011-0167-3,full text
3cd970ea-0cac-8107-9e0e-deefad95d1ae,787,Ips acuminatus,3cd970ea-0cac-81e3-9078-eb847964ce01,Nematodan,Nematode,,,pathogen; did not identify species,,,,Bulgaria,2011,"Takov et al., 2011","Takov, D., Doychev, D., Linde, A., Draganova, S., Pilarska, D., 2011. Pathogens of bark beetles (Coleoptera: Curculionidae) in Bulgarian forests. Phytoparasitica 39, 343–352.",https://doi.org/10.1007/s12600-011-0167-3,full text
3cd970ea-0cac-8183-9b67-fa016691c2fe,788,Ips sexdentatus,3cd970ea-0cac-81b2-b8a3-d4a7253b9941,Nematodan,Nematode,,,pathogen; did not identify species,,,,Bulgaria,2011,"Takov et al., 2011","Takov, D., Doychev, D., Linde, A., Draganova, S., Pilarska, D., 2011. Pathogens of bark beetles (Coleoptera: Curculionidae) in Bulgarian forests. Phytoparasitica 39, 343–352.",https://doi.org/10.1007/s12600-011-0167-3,full text
3cd970ea-0cac-81fe-a2df-ea5aec7af771,789,Ips typographus,3cd970ea-0cac-81e7-bd37-c7209a5601d7,Nematodan,Nematode,,,pathogen; did not identify species,,,,Bulgaria,2011,"Takov et al., 2011","Takov, D., Doychev, D., Linde, A., Draganova, S., Pilarska, D., 2011. Pathogens of bark beetles (Coleoptera: Curculionidae) in Bulgarian forests. Phytoparasitica 39, 343–352.",https://doi.org/10.1007/s12600-011-0167-3,full text
3cd970ea-0cac-8161-a4a5-f079c70cd848,790,Orthotomicus erosus,3cd970ea-0cac-81d4-bd25-d278cfe41fda,Nematodan,Nematode,,,pathogen; did not identify species,,,,Bulgaria,2011,"Takov et al., 2011","Takov, D., Doychev, D., Linde, A., Draganova, S., Pilarska, D., 2011. Pathogens of bark beetles (Coleoptera: Curculionidae) in Bulgarian forests. Phytoparasitica 39, 343–352.",https://doi.org/10.1007/s12600-011-0167-3,full text
3cd970ea-0cac-8157-a93d-d266109de113,791,Orthotomicus laricis,3cd970ea-0cac-815a-9fd8-cc7d9a98ef8b,Nematodan,Nematode,,,pathogen; did not identify species,,,,Bulgaria,2011,"Takov et al., 2011","Takov, D., Doychev, D., Linde, A., Draganova, S., Pilarska, D., 2011. Pathogens of bark beetles (Coleoptera: Curculionidae) in Bulgarian forests. Phytoparasitica 39, 343–352.",https://doi.org/10.1007/s12600-011-0167-3,full text
3cd970ea-0cac-8186-9c39-e6bf8fc12cfa,792,Orthotomicus longicollis,3cd970ea-0cac-819c-8ea1-e4b3fb0ecf1c,Nematodan,Nematode,,,pathogen; did not identify species,,,,Bulgaria,2011,"Takov et al., 2011","Takov, D., Doychev, D., Linde, A., Draganova, S., Pilarska, D., 2011. Pathogens of bark beetles (Coleoptera: Curculionidae) in Bulgarian forests. Phytoparasitica 39, 343–352.",https://doi.org/10.1007/s12600-011-0167-3,full text
3cd970ea-0cac-81b5-b7ba-e405d10b8830,793,Orthotomicus proximus,3cd970ea-0cac-8154-a60b-ddce71aa9d0d,Nematodan,Nematode,,,pathogen; did not identify species,,,,Bulgaria,2011,"Takov et al., 2011","Takov, D., Doychev, D., Linde, A., Draganova, S., Pilarska, D., 2011. Pathogens of bark beetles (Coleoptera: Curculionidae) in Bulgarian forests. Phytoparasitica 39, 343–352.",https://doi.org/10.1007/s12600-011-0167-3,full text
3cd970ea-0cac-81a6-a0c5-e7212957c361,794,Pityogenes bidentatus,3cd970ea-0cac-81b7-87c0-c10ed8aa9e9b,Nematodan,Nematode,,,pathogen; did not identify species,,,,Bulgaria,2011,"Takov et al., 2011","Takov, D., Doychev, D., Linde, A., Draganova, S., Pilarska, D., 2011. Pathogens of bark beetles (Coleoptera: Curculionidae) in Bulgarian forests. Phytoparasitica 39, 343–352.",https://doi.org/10.1007/s12600-011-0167-3,full text
3cd970ea-0cac-8124-bb10-da9465341e7e,795,Pityogenes bistridentatus,3cd970ea-0cac-813c-9776-cbeccb266260,Nematodan,Nematode,,,pathogen; did not identify species,,,,Bulgaria,2011,"Takov et al., 2011","Takov, D., Doychev, D., Linde, A., Draganova, S., Pilarska, D., 2011. Pathogens of bark beetles (Coleoptera: Curculionidae) in Bulgarian forests. Phytoparasitica 39, 343–352.",https://doi.org/10.1007/s12600-011-0167-3,full text
3cd970ea-0cac-814b-9180-e7cabee658ca,796,Pityogenes chalcographus,3cd970ea-0cac-81ae-b124-f43044691162,Nematodan,Nematode,,,pathogen; did not identify species,,,,Bulgaria,2011,"Takov et al., 2011","Takov, D., Doychev, D., Linde, A., Draganova, S., Pilarska, D., 2011. Pathogens of bark beetles (Coleoptera: Curculionidae) in Bulgarian forests. Phytoparasitica 39, 343–352.",https://doi.org/10.1007/s12600-011-0167-3,full text
3cd970ea-0cac-810f-8466-f0dd6fe84325,797,Pityogenes conjunctus,3cd970ea-0cac-819f-a858-d3ccf8a3d570,Nematodan,Nematode,,,pathogen; did not identify species,,,,Bulgaria,2011,"Takov et al., 2011","Takov, D., Doychev, D., Linde, A., Draganova, S., Pilarska, D., 2011. Pathogens of bark beetles (Coleoptera: Curculionidae) in Bulgarian forests. Phytoparasitica 39, 343–352.",https://doi.org/10.1007/s12600-011-0167-3,full text
3cd970ea-0cac-815b-b1f9-e208a0a5638f,798,Pityogenes quadridens,3cd970ea-0cac-815d-aae3-c51debcdb938,Nematodan,Nematode,,,pathogen; did not identify species,,,,Bulgaria,2011,"Takov et al., 2011","Takov, D., Doychev, D., Linde, A., Draganova, S., Pilarska, D., 2011. Pathogens of bark beetles (Coleoptera: Curculionidae) in Bulgarian forests. Phytoparasitica 39, 343–352.",https://doi.org/10.1007/s12600-011-0167-3,full text
3cd970ea-0cac-81ff-8dbf-c7fe0e374639,799,Taphrorychus villifrons,3cd970ea-0cac-81fe-bf65-c7f2d8493349,Nematodan,Nematode,,,pathogen; did not identify species,,,,Bulgaria,2011,"Takov et al., 2011","Takov, D., Doychev, D., Linde, A., Draganova, S., Pilarska, D., 2011. Pathogens of bark beetles (Coleoptera: Curculionidae) in Bulgarian forests. Phytoparasitica 39, 343–352.",https://doi.org/10.1007/s12600-011-0167-3,full text
3cd970ea-0cac-81ff-b5da-cd742d82aef7,800,Tomicus minor,3cd970ea-0cac-8166-a655-c3abab767baf,Nematodan,Nematode,,,pathogen; did not identify species,,,,Bulgaria,2011,"Takov et al., 2011","Takov, D., Doychev, D., Linde, A., Draganova, S., Pilarska, D., 2011. Pathogens of bark beetles (Coleoptera: Curculionidae) in Bulgarian forests. Phytoparasitica 39, 343–352.",https://doi.org/10.1007/s12600-011-0167-3,full text
3cd970ea-0cac-8188-b751-d358e9e8127b,801,Tomicus piniperda,3cd970ea-0cac-8130-bbd3-e29afac9abf6,Nematodan,Nematode,,,pathogen; did not identify species,,,,Bulgaria,2011,"Takov et al., 2011","Takov, D., Doychev, D., Linde, A., Draganova, S., Pilarska, D., 2011. Pathogens of bark beetles (Coleoptera: Curculionidae) in Bulgarian forests. Phytoparasitica 39, 343–352.",https://doi.org/10.1007/s12600-011-0167-3,full text
3cd970ea-0cac-8197-aec9-d384f7bbbaea,802,Xyleborinus saxesenii,3cd970ea-0cac-81b7-b512-e9576c08933b,Nematodan,Nematode,,,pathogen; did not identify species,,,,Bulgaria,2011,"Takov et al., 2011","Takov, D., Doychev, D., Linde, A., Draganova, S., Pilarska, D., 2011. Pathogens of bark beetles (Coleoptera: Curculionidae) in Bulgarian forests. Phytoparasitica 39, 343–352.",https://doi.org/10.1007/s12600-011-0167-3,full text
3cd970ea-0cac-8148-8edc-d4856c541ec3,803,Tomicus piniperda,3cd970ea-0cac-8130-bbd3-e29afac9abf6,Beauveria bassiana,Fungi,,,,morphological,,,Bulgaria,2012,"Takov et al., 2012","Takov, D. I., Doychev, D. D., Linde, A., Atanasova Draganova, S., & Kirilova Pilarska, D. (2012). Pathogens of bark beetles (Curculionidae: Scolytinae) and other beetles in Bulgaria. Biologia, 67(5), 966-972.",https://doi.org/10.2478/s11756-012-0086-x,full text
3cd970ea-0cac-8172-b7d6-ec19fc3a9803,804,Orthotomicus longicollis,3cd970ea-0cac-819c-8ea1-e4b3fb0ecf1c,Beauveria bassiana,Fungi,,,,morphological,,,Bulgaria,2012,"Takov et al., 2012","Takov, D. I., Doychev, D. D., Linde, A., Atanasova Draganova, S., & Kirilova Pilarska, D. (2012). Pathogens of bark beetles (Curculionidae: Scolytinae) and other beetles in Bulgaria. Biologia, 67(5), 966-972.",https://doi.org/10.2478/s11756-012-0086-x,full text
3cd970ea-0cac-81a1-b6f3-d5fa13e6d8b7,805,Ips typographus,3cd970ea-0cac-81e7-bd37-c7209a5601d7,Beauveria bassiana,Fungi,,,,morphological,,,Bulgaria,2012,"Takov et al., 2012","Takov, D. I., Doychev, D. D., Linde, A., Atanasova Draganova, S., & Kirilova Pilarska, D. (2012). Pathogens of bark beetles (Curculionidae: Scolytinae) and other beetles in Bulgaria. Biologia, 67(5), 966-972.",https://doi.org/10.2478/s11756-012-0086-x,full text
3cd970ea-0cac-810f-9870-fdc5fd44465f,806,Hylurgops palliatus,3cd970ea-0cac-816f-b74a-dc5ef373dcda,Beauveria bassiana,Fungi,,,,morphological,,,Bulgaria,2012,"Takov et al., 2012","Takov, D. I., Doychev, D. D., Linde, A., Atanasova Draganova, S., & Kirilova Pilarska, D. (2012). Pathogens of bark beetles (Curculionidae: Scolytinae) and other beetles in Bulgaria. Biologia, 67(5), 966-972.",https://doi.org/10.2478/s11756-012-0086-x,full text
3cd970ea-0cac-811b-ae03-f53bdfce59d8,807,Ips sexdentatus,3cd970ea-0cac-81b2-b8a3-d4a7253b9941,Beauveria bassiana,Fungi,,,,morphological,,,Bulgaria,2012,"Takov et al., 2012","Takov, D. I., Doychev, D. D., Linde, A., Atanasova Draganova, S., & Kirilova Pilarska, D. (2012). Pathogens of bark beetles (Curculionidae: Scolytinae) and other beetles in Bulgaria. Biologia, 67(5), 966-972.",https://doi.org/10.2478/s11756-012-0086-x,full text
3cd970ea-0cac-81de-a456-ddf66c2ac892,808,Hylurgops palliatus,3cd970ea-0cac-816f-b74a-dc5ef373dcda,Beauveria brongniarti,Fungi,,,,morphological,,,Bulgaria,2012,"Takov et al., 2012","Takov, D. I., Doychev, D. D., Linde, A., Atanasova Draganova, S., & Kirilova Pilarska, D. (2012). Pathogens of bark beetles (Curculionidae: Scolytinae) and other beetles in Bulgaria. Biologia, 67(5), 966-972.",https://doi.org/10.2478/s11756-012-0086-x,full text
3cd970ea-0cac-8110-9e4b-c2bb04152272,809,Ips typographus,3cd970ea-0cac-81e7-bd37-c7209a5601d7,Beauveria brongniarti,Fungi,,,,morphological,,,Bulgaria,2012,"Takov et al., 2012","Takov, D. I., Doychev, D. D., Linde, A., Atanasova Draganova, S., & Kirilova Pilarska, D. (2012). Pathogens of bark beetles (Curculionidae: Scolytinae) and other beetles in Bulgaria. Biologia, 67(5), 966-972.",https://doi.org/10.2478/s11756-012-0086-x,full text
3cd970ea-0cac-81aa-9dd6-d1fae8b481d2,810,Ips typographus,3cd970ea-0cac-81e7-bd37-c7209a5601d7,Gregarina typographi,Protist,,,,morphological,,,Bulgaria,2012,"Takov et al., 2012","Takov, D. I., Doychev, D. D., Linde, A., Atanasova Draganova, S., & Kirilova Pilarska, D. (2012). Pathogens of bark beetles (Curculionidae: Scolytinae) and other beetles in Bulgaria. Biologia, 67(5), 966-972.",https://doi.org/10.2478/s11756-012-0086-x,full text
3cd970ea-0cac-81fa-a41b-df0abc0c3dab,811,Ips sexdentatus,3cd970ea-0cac-81b2-b8a3-d4a7253b9941,Gregarina typographi,Protist,,,,morphological,,,Bulgaria,2012,"Takov et al., 2012","Takov, D. I., Doychev, D. D., Linde, A., Atanasova Draganova, S., & Kirilova Pilarska, D. (2012). Pathogens of bark beetles (Curculionidae: Scolytinae) and other beetles in Bulgaria. Biologia, 67(5), 966-972.",https://doi.org/10.2478/s11756-012-0086-x,full text
3cd970ea-0cac-8187-93ca-e049dcc8e6b1,812,Orthotomicus longicollis,3cd970ea-0cac-819c-8ea1-e4b3fb0ecf1c,Gregarina spp.,Protist,,,,morphological,,,Bulgaria,2012,"Takov et al., 2012","Takov, D. I., Doychev, D. D., Linde, A., Atanasova Draganova, S., & Kirilova Pilarska, D. (2012). Pathogens of bark beetles (Curculionidae: Scolytinae) and other beetles in Bulgaria. Biologia, 67(5), 966-972.",https://doi.org/10.2478/s11756-012-0086-x,full text
3cd970ea-0cac-81cd-95e6-dd54d7f52bc7,813,Ips amitinus,3cd970ea-0cac-815a-a757-ffcc6a0735b5,Gregarina spp.,Protist,,,,morphological,,,Bulgaria,2012,"Takov et al., 2012","Takov, D. I., Doychev, D. D., Linde, A., Atanasova Draganova, S., & Kirilova Pilarska, D. (2012). Pathogens of bark beetles (Curculionidae: Scolytinae) and other beetles in Bulgaria. Biologia, 67(5), 966-972.",https://doi.org/10.2478/s11756-012-0086-x,full text
3cd970ea-0cac-81f0-9be2-dfd63db8db93,814,Ips typographus,3cd970ea-0cac-81e7-bd37-c7209a5601d7,Chytridiopsis typographi,Microsporidia,,,,morphological,,,Bulgaria,2012,"Takov et al., 2012","Takov, D. I., Doychev, D. D., Linde, A., Atanasova Draganova, S., & Kirilova Pilarska, D. (2012). Pathogens of bark beetles (Curculionidae: Scolytinae) and other beetles in Bulgaria. Biologia, 67(5), 966-972.",https://doi.org/10.2478/s11756-012-0086-x,full text
3cd970ea-0cac-81a0-8325-cba21f0f0c63,815,Ips typographus,3cd970ea-0cac-81e7-bd37-c7209a5601d7,ItEPV,Virus,,,,morphological,,,Bulgaria,2012,"Takov et al., 2012","Takov, D. I., Doychev, D. D., Linde, A., Atanasova Draganova, S., & Kirilova Pilarska, D. (2012). Pathogens of bark beetles (Curculionidae: Scolytinae) and other beetles in Bulgaria. Biologia, 67(5), 966-972.",https://doi.org/10.2478/s11756-012-0086-x,full text
3cd970ea-0cac-81e1-ba75-e3a2e15c5209,816,Ips sexdentatus,3cd970ea-0cac-81b2-b8a3-d4a7253b9941,Isaria farinosa,Fungi,,,,morphological,,,Bulgaria,2012,"Takov et al., 2012","Takov, D. I., Doychev, D. D., Linde, A., Atanasova Draganova, S., & Kirilova Pilarska, D. (2012). Pathogens of bark beetles (Curculionidae: Scolytinae) and other beetles in Bulgaria. Biologia, 67(5), 966-972.",https://doi.org/10.2478/s11756-012-0086-x,full text
3cd970ea-0cac-8192-ab1b-d88bf6391225,817,Ips amitinus,3cd970ea-0cac-815a-a757-ffcc6a0735b5,Chytridiopsis sp.,Microsporidia,,,,morphological,,,Bulgaria,2012,"Takov et al., 2012","Takov, D. I., Doychev, D. D., Linde, A., Atanasova Draganova, S., & Kirilova Pilarska, D. (2012). Pathogens of bark beetles (Curculionidae: Scolytinae) and other beetles in Bulgaria. Biologia, 67(5), 966-972.",https://doi.org/10.2478/s11756-012-0086-x,full text
3cd970ea-0cac-81af-8b9b-cd9ded9a4eab,818,Orthotomicus longicollis,3cd970ea-0cac-819c-8ea1-e4b3fb0ecf1c,Chytridiopsis sp.,Microsporidia,,,,morphological,,,Bulgaria,2012,"Takov et al., 2012","Takov, D. I., Doychev, D. D., Linde, A., Atanasova Draganova, S., & Kirilova Pilarska, D. (2012). Pathogens of bark beetles (Curculionidae: Scolytinae) and other beetles in Bulgaria. Biologia, 67(5), 966-972.",https://doi.org/10.2478/s11756-012-0086-x,full text
3cd970ea-0cac-8152-a792-f2a0018c41ac,819,Dendroctonus armandi,3cd970ea-0cac-818e-9b30-f4eeca5ef54d,Entomopoxvirus,Virus,,,,,,,,1990,"Tang and Sun, 1990","Tang X. & M. Fan 1990. Study on DNA and polypeptides of a smallpox virus in Dendroctonus armandi Tsai et Li. Microbiology of Insects Beijing 17, 258-61.",https://www.cabidigitallibrary.org/doi/full/10.5555/19931170264,only English abstract
3cd970ea-0cac-8128-88fc-fa2c7cacc1cc,820,Hypothenemus hampei,3cd970ea-0cac-81f7-998c-d66f5aa14d2a,Beauveria bassiana,Fungi,,,,,virulence test; testing nine strains,,China,1999,"Tang, 1999",Toxicity of Beauveria bassiana strains against Hypothenemus hampei,白僵菌株对咖啡桠小蠹的毒性,full text
3cd970ea-0cac-8169-8910-c2ecf5109e3c,821,Dendroctonus micans,3cd970ea-0cac-818b-bd09-d27467805361,Lecanicillium muscarium,Fungi,isolated from cadaver,cuticular contact,pathogen,morphological,virulence test,laboratory,,2010,"Tanyeli et al., 2010","Tanyeli, E., Sevim, A., Demirbag, Z., Eroglu, M., & Demir, I. (2010). Isolation and virulence of entomopathogenic fungi against the great spruce bark beetle, Dendroctonus micans (Kugelann)(Coleoptera: Scolytidae). Biocontrol Science and Technology, 20(7), 695-701.",https://doi.org/10.1080/09583151003717219,full text
3cd970ea-0cac-81dd-aec7-df6ecdc66437,822,Dendroctonus micans,3cd970ea-0cac-818b-bd09-d27467805361,Isaria farinosa,Fungi,isolated from cadaver,cuticular contact,pathogen,morphological,virulence test,laboratory,,2010,"Tanyeli et al., 2010","Tanyeli, E., Sevim, A., Demirbag, Z., Eroglu, M., & Demir, I. (2010). Isolation and virulence of entomopathogenic fungi against the great spruce bark beetle, Dendroctonus micans (Kugelann)(Coleoptera: Scolytidae). Biocontrol Science and Technology, 20(7), 695-701.",https://doi.org/10.1080/09583151003717219,full text
3cd970ea-0cac-819f-bbd7-dc16623db3cc,823,Dendroctonus micans,3cd970ea-0cac-818b-bd09-d27467805361,Fusarium sp.,Fungi,isolated from cadaver,cuticular contact,pathogen,morphological,virulence test,laboratory,,2010,"Tanyeli et al., 2010","Tanyeli, E., Sevim, A., Demirbag, Z., Eroglu, M., & Demir, I. (2010). Isolation and virulence of entomopathogenic fungi against the great spruce bark beetle, Dendroctonus micans (Kugelann)(Coleoptera: Scolytidae). Biocontrol Science and Technology, 20(7), 695-701.",https://doi.org/10.1080/09583151003717219,full text
3cd970ea-0cac-81e6-bf4a-f03be62cb09e,824,Dendroctonus micans,3cd970ea-0cac-818b-bd09-d27467805361,Beauveria bassiana,Fungi,isolated from cadaver,cuticular contact,pathogen,morphological,virulence test,laboratory,,2010,"Tanyeli et al., 2010","Tanyeli, E., Sevim, A., Demirbag, Z., Eroglu, M., & Demir, I. (2010). Isolation and virulence of entomopathogenic fungi against the great spruce bark beetle, Dendroctonus micans (Kugelann)(Coleoptera: Scolytidae). Biocontrol Science and Technology, 20(7), 695-701.",https://doi.org/10.1080/09583151003717219,full text
3cd970ea-0cac-8193-90ca-ee2497872632,825,Dendroctonus micans,3cd970ea-0cac-818b-bd09-d27467805361,Beauveria sp.,Fungi,isolated from cadaver,cuticular contact,pathogen,morphological,virulence test,laboratory,,2010,"Tanyeli et al., 2010","Tanyeli, E., Sevim, A., Demirbag, Z., Eroglu, M., & Demir, I. (2010). Isolation and virulence of entomopathogenic fungi against the great spruce bark beetle, Dendroctonus micans (Kugelann)(Coleoptera: Scolytidae). Biocontrol Science and Technology, 20(7), 695-701.",https://doi.org/10.1080/09583151003717219,full text
3cd970ea-0cac-813a-90cc-ed7db835c85c,826,Dendroctonus brevicomis,3cd970ea-0cac-81b8-bdb2-d0d58ae1dd6f,Contortylenchus brevicomi,Nematode,,hemocoel,,,,,British Columbia,1972,"Thong and Webster, 1972","Thong, C. H., & Webster, J. M. (1972). A Redescription of the bark beetle nematode Contortylenchus brevicomi: Synonym Contortylenchus barberus (Nematoda: Sphaerulariidae). Journal of nematology, 4(3), 213.",https://pubmed.ncbi.nlm.nih.gov/19319269/,full text
3cd970ea-0cac-8136-89c7-faec421002a1,827,Dendroctonus pseudotsugae,3cd970ea-0cac-818b-8879-fe03575b52dd,Contortylenchus reversus,Nematode,evaluation of nematodes from beetles,,parasite,,,,Canada,1975,"Thong and Webster, 1975","Thong, C. H., & Webster, J. M. (1975). Effects of the bark beetle nematode, Contortylenchus reversus, on gallery construction, fecundity, and egg viability of the Douglas fir beetle, Dendroctonus pseudotsugae (Coleoptera: Scolytidae). Journal of Invertebrate Pathology, 26(2), 235-238.",https://doi.org/10.1016/0022-2011(75)90054-3,full text
3cd970ea-0cac-8141-8298-dd26a4b6d467,828,Dendroctonus pseudotsugae,3cd970ea-0cac-818b-8879-fe03575b52dd,Bursaphelenchus varicauda n.sp.,Nematode,evaluation of nematodes from beetles,,parasite,,,,British Columbia,1983,"Thong and Webster, 1983","Thong, C. H., & Webster, J. M. (1983). Nematode parasites and associates of Dendroctonus spp. and Trypodendron lineatum (Coleoptera: Scolytidae), with a description of Bursaphelenchus varicauda n. sp. Journal of Nematology, 15(2), 312.",https://pubmed.ncbi.nlm.nih.gov/19295808/,full text
3cd970ea-0cac-81d7-9336-d2251a9d3c11,829,Dendroctonus pseudotsugae,3cd970ea-0cac-818b-8879-fe03575b52dd,Ektaphelenchus macrostylus,Nematode,evaluation of nematodes from beetles,,parasite,,,,British Columbia,1983,"Thong and Webster, 1983","Thong, C. H., & Webster, J. M. (1983). Nematode parasites and associates of Dendroctonus spp. and Trypodendron lineatum (Coleoptera: Scolytidae), with a description of Bursaphelenchus varicauda n. sp. Journal of Nematology, 15(2), 312.",https://pubmed.ncbi.nlm.nih.gov/19295808/,full text
3cd970ea-0cac-8160-983e-e7d54f047cf5,830,Dendroctonus pseudotsugae,3cd970ea-0cac-818b-8879-fe03575b52dd,Panagrolaimus dentatus,Nematode,evaluation of nematodes from beetles,,parasite,,,,British Columbia,1983,"Thong and Webster, 1983","Thong, C. H., & Webster, J. M. (1983). Nematode parasites and associates of Dendroctonus spp. and Trypodendron lineatum (Coleoptera: Scolytidae), with a description of Bursaphelenchus varicauda n. sp. Journal of Nematology, 15(2), 312.",https://pubmed.ncbi.nlm.nih.gov/19295808/,full text
3cd970ea-0cac-817d-af41-c69f0af7b83c,831,Dendroctonus pseudotsugae,3cd970ea-0cac-818b-8879-fe03575b52dd,Cryptaphelenchus latus,Nematode,evaluation of nematodes from beetles,,parasite,,,,British Columbia,1983,"Thong and Webster, 1983","Thong, C. H., & Webster, J. M. (1983). Nematode parasites and associates of Dendroctonus spp. and Trypodendron lineatum (Coleoptera: Scolytidae), with a description of Bursaphelenchus varicauda n. sp. Journal of Nematology, 15(2), 312.",https://pubmed.ncbi.nlm.nih.gov/19295808/,full text
3cd970ea-0cac-812c-a101-e6affa361a1b,832,Dendroctonus pseudotsugae,3cd970ea-0cac-818b-8879-fe03575b52dd,Parasitorhabditis obtusa,Nematode,evaluation of nematodes from beetles,gut,,,,,British Columbia,1983,"Thong and Webster, 1983","Thong, C. H., & Webster, J. M. (1983). Nematode parasites and associates of Dendroctonus spp. and Trypodendron lineatum (Coleoptera: Scolytidae), with a description of Bursaphelenchus varicauda n. sp. Journal of Nematology, 15(2), 312.",https://pubmed.ncbi.nlm.nih.gov/19295808/,full text
3cd970ea-0cac-81b0-bb14-fb8d481a4922,833,Dendroctonus pseudotsugae,3cd970ea-0cac-818b-8879-fe03575b52dd,Contortylenchus reversus,Nematode,evaluation of nematodes from beetles,hemocoel,,,,,British Columbia,1983,"Thong and Webster, 1983","Thong, C. H., & Webster, J. M. (1983). Nematode parasites and associates of Dendroctonus spp. and Trypodendron lineatum (Coleoptera: Scolytidae), with a description of Bursaphelenchus varicauda n. sp. Journal of Nematology, 15(2), 312.",https://pubmed.ncbi.nlm.nih.gov/19295808/,full text
3cd970ea-0cac-8146-91ba-e5f26477800c,834,Dendroctonus rufipennis,3cd970ea-0cac-8134-a2c9-c7fa5c20155e,Parasitorhabditis obtusa,Nematode,evaluation of nematodes from beetles,gut,,,,,British Columbia,1983,"Thong and Webster, 1983","Thong, C. H., & Webster, J. M. (1983). Nematode parasites and associates of Dendroctonus spp. and Trypodendron lineatum (Coleoptera: Scolytidae), with a description of Bursaphelenchus varicauda n. sp. Journal of Nematology, 15(2), 312.",https://pubmed.ncbi.nlm.nih.gov/19295808/,full text
3cd970ea-0cac-8177-8da8-ff86f0e88963,835,Dendroctonus rufipennis,3cd970ea-0cac-8134-a2c9-c7fa5c20155e,Contortylenchus reversus,Nematode,evaluation of nematodes from beetles,hemocoel,,,,,British Columbia,1983,"Thong and Webster, 1983","Thong, C. H., & Webster, J. M. (1983). Nematode parasites and associates of Dendroctonus spp. and Trypodendron lineatum (Coleoptera: Scolytidae), with a description of Bursaphelenchus varicauda n. sp. Journal of Nematology, 15(2), 312.",https://pubmed.ncbi.nlm.nih.gov/19295808/,full text
3cd970ea-0cac-8160-9107-c44acf90502e,836,Dendroctonus rufipennis,3cd970ea-0cac-8134-a2c9-c7fa5c20155e,Sphaerulariopsis dendroetoni,Nematode,evaluation of nematodes from beetles,hemocoel,,,,,British Columbia,1983,"Thong and Webster, 1983","Thong, C. H., & Webster, J. M. (1983). Nematode parasites and associates of Dendroctonus spp. and Trypodendron lineatum (Coleoptera: Scolytidae), with a description of Bursaphelenchus varicauda n. sp. Journal of Nematology, 15(2), 312.",https://pubmed.ncbi.nlm.nih.gov/19295808/,full text
3cd970ea-0cac-8198-8d9a-f6b59209c234,837,Dendroctonus brevicomis,3cd970ea-0cac-81b8-bdb2-d0d58ae1dd6f,Contortylenchus brevicomi,Nematode,evaluation of nematodes from beetles,hemocoel,,,,,British Columbia,1983,"Thong and Webster, 1983","Thong, C. H., & Webster, J. M. (1983). Nematode parasites and associates of Dendroctonus spp. and Trypodendron lineatum (Coleoptera: Scolytidae), with a description of Bursaphelenchus varicauda n. sp. Journal of Nematology, 15(2), 312.",https://pubmed.ncbi.nlm.nih.gov/19295808/,full text
3cd970ea-0cac-8160-be00-e2fd974ac8c8,838,Trypodendron lineatum,3cd970ea-0cac-81f6-9fae-dff5cefc9112,tylenchid larva parasitizing,Nematode,evaluation of nematodes from beetles,hemocoel,,,,,British Columbia,1983,"Thong and Webster, 1983","Thong, C. H., & Webster, J. M. (1983). Nematode parasites and associates of Dendroctonus spp. and Trypodendron lineatum (Coleoptera: Scolytidae), with a description of Bursaphelenchus varicauda n. sp. Journal of Nematology, 15(2), 312.",https://pubmed.ncbi.nlm.nih.gov/19295808/,full text
3cd970ea-0cac-8180-9255-cc4e66eb992e,839,Dendroctonus ponderosae,3cd970ea-0cac-8190-bc06-f7745f245114,Aphelenchulus reversus,Nematode,,,parasite,,,,"Utah, United States",1935,"Thorne, 1935","Thorne, G. (1935). Nemic parasites and associates of the mountain pine beetle (Dendroctonus monticolae) in Utah. J. Agric. Res. 51, 131–144.",,
3cd970ea-0cac-817a-9e90-ef80f8e400f3,840,Dendroctonus ponderosae,3cd970ea-0cac-8190-bc06-f7745f245114,Anguillulina pinophila,Nematode,,,,,,,"Utah, United States",1935,"Thorne, 1935","Thorne, G. (1935). Nemic parasites and associates of the mountain pine beetle (Dendroctonus monticolae) in Utah. J. Agric. Res. 51, 131–144.",,
3cd970ea-0cac-81c2-83c8-d9538b9d0e4f,841,Dendroctonus ponderosae,3cd970ea-0cac-8190-bc06-f7745f245114,Anguillulina magnicauda,Nematode,,,,,,,"Utah, United States",1935,"Thorne, 1935","Thorne, G. (1935). Nemic parasites and associates of the mountain pine beetle (Dendroctonus monticolae) in Utah. J. Agric. Res. 51, 131–144.",,
3cd970ea-0cac-81bc-9753-c915c1443990,842,Dendroctonus ponderosae,3cd970ea-0cac-8190-bc06-f7745f245114,Aphelenchoides brachycephalus,Nematode,,,,,,,"Utah, United States",1935,"Thorne, 1935","Thorne, G. (1935). Nemic parasites and associates of the mountain pine beetle (Dendroctonus monticolae) in Utah. J. Agric. Res. 51, 131–144.",,
3cd970ea-0cac-8101-b8cb-f340969980f5,843,Dendroctonus ponderosae,3cd970ea-0cac-8190-bc06-f7745f245114,Aphelenchoides talonus,Nematode,,,,,,,"Utah, United States",1935,"Thorne, 1935","Thorne, G. (1935). Nemic parasites and associates of the mountain pine beetle (Dendroctonus monticolae) in Utah. J. Agric. Res. 51, 131–144.",,
3cd970ea-0cac-81a5-add4-c11ee1fc2434,844,Dendroctonus ponderosae,3cd970ea-0cac-8190-bc06-f7745f245114,Aphelenchoides tenuidens,Nematode,,,,,,,"Utah, United States",1935,"Thorne, 1935","Thorne, G. (1935). Nemic parasites and associates of the mountain pine beetle (Dendroctonus monticolae) in Utah. J. Agric. Res. 51, 131–144.",,
3cd970ea-0cac-81e3-a806-cce9cbff3a0a,845,Dendroctonus ponderosae,3cd970ea-0cac-8190-bc06-f7745f245114,Aphelenchoides latus,Nematode,,,,,,,"Utah, United States",1935,"Thorne, 1935","Thorne, G. (1935). Nemic parasites and associates of the mountain pine beetle (Dendroctonus monticolae) in Utah. J. Agric. Res. 51, 131–144.",,
3cd970ea-0cac-81ac-8c29-f6890f85de5e,846,Dendroctonus ponderosae,3cd970ea-0cac-8190-bc06-f7745f245114,Panagrodontus dentatus,Nematode,,,,,,,"Utah, United States",1935,"Thorne, 1935","Thorne, G. (1935). Nemic parasites and associates of the mountain pine beetle (Dendroctonus monticolae) in Utah. J. Agric. Res. 51, 131–144.",,
3cd970ea-0cac-813b-8c99-f805d65a9ca4,847,Dendroctonus ponderosae,3cd970ea-0cac-8190-bc06-f7745f245114,Diplogaster pinicola,Nematode,,,,,,,"Utah, United States",1935,"Thorne, 1935","Thorne, G. (1935). Nemic parasites and associates of the mountain pine beetle (Dendroctonus monticolae) in Utah. J. Agric. Res. 51, 131–144.",,
3cd970ea-0cac-81b0-9d43-fcf8a90b49ed,848,Dendroctonus ponderosae,3cd970ea-0cac-8190-bc06-f7745f245114,Rhabditis obtusa,Nematode,,,,,,,"Utah, United States",1935,"Thorne, 1935","Thorne, G. (1935). Nemic parasites and associates of the mountain pine beetle (Dendroctonus monticolae) in Utah. J. Agric. Res. 51, 131–144.",,
3cd970ea-0cac-81bc-9bc1-c346661bb51a,849,Xylosandrus germanus,3cd970ea-0cac-8125-a3b0-e16e95c7e865,Purpureocillium lilacinum,Fungi,culture collection,,,,pathogenicity test,laboratory,Turkey,2018,"Toksöz et al., 2018","Toksöz, S., Oksal, E., Saruhan, I., & Kepenekci, I. (2018). Pathogenicity of the entomopathogenic fungus, Purpureocillium lilacinum TR1 against ambrosia beetles, Xylosandrus germanus (Blandford) and Xyleborus dispar (Fabricius)(Coleoptera: Curculionidae: Scolytinae). Mun. Ent. Zool, 13(2), 471-481.",https://www.researchgate.net/profile/Seyma-Yigit-Bas/publication/342068561_PATHOGENICITY_OF_THE_ENTOMOPATHOGENIC_FUNGUS_PURPUREOCILLIUM_LILACINUM_TR1_AGAINST_AMBROSIA_BEETLES_XYLOSANDRUS_GERMANUS_BLANDFORD_AND_XYLEBORUS_DISPAR_FABRICIUS_COLEOPTERA_CURCULIONIDAE_SCOLYTINAE/links/5ee0b70a45851516e665a342/PATHOGENICITY-OF-THE-ENTOMOPATHOGENIC-FUNGUS-PURPUREOCILLIUM-LILACINUM-TR1-AGAINST-AMBROSIA-BEETLES-XYLOSANDRUS-GERMANUS-BLANDFORD-AND-XYLEBORUS-DISPAR-FABRICIUS-COLEOPTERA-CURCULIONIDAE-SCOLYTINAE.pdf,full text
3cd970ea-0cac-8111-99ed-cd0bf8088e05,850,Xyleborus dispar,3cd970ea-0cac-8194-8ff7-e26f1f5f57a2,Purpureocillium lilacinum,Fungi,culture collection,,,,pathogenicity test,laboratory,Turkey,2018,"Toksöz et al., 2018","Toksöz, S., Oksal, E., Saruhan, I., & Kepenekci, I. (2018). Pathogenicity of the entomopathogenic fungus, Purpureocillium lilacinum TR1 against ambrosia beetles, Xylosandrus germanus (Blandford) and Xyleborus dispar (Fabricius)(Coleoptera: Curculionidae: Scolytinae). Mun. Ent. Zool, 13(2), 471-481.",https://www.researchgate.net/profile/Seyma-Yigit-Bas/publication/342068561_PATHOGENICITY_OF_THE_ENTOMOPATHOGENIC_FUNGUS_PURPUREOCILLIUM_LILACINUM_TR1_AGAINST_AMBROSIA_BEETLES_XYLOSANDRUS_GERMANUS_BLANDFORD_AND_XYLEBORUS_DISPAR_FABRICIUS_COLEOPTERA_CURCULIONIDAE_SCOLYTINAE/links/5ee0b70a45851516e665a342/PATHOGENICITY-OF-THE-ENTOMOPATHOGENIC-FUNGUS-PURPUREOCILLIUM-LILACINUM-TR1-AGAINST-AMBROSIA-BEETLES-XYLOSANDRUS-GERMANUS-BLANDFORD-AND-XYLEBORUS-DISPAR-FABRICIUS-COLEOPTERA-CURCULIONIDAE-SCOLYTINAE.pdf,full text
3cd970ea-0cac-8105-8c56-ce0a80d558f9,851,Hylurgopinus rufipes,3cd970ea-0cac-8126-bcd3-db91d266547f,Parasitaphelenchus oldhami,Nematode,,,parasite,,,,Canada,1988,Tomalak et al. 1988,"Tomalak M., H.E. Welch & T.D. Galloway 1988. Interaction of Parasitic Nematode Parasitaphelenchus oldhami (Nematoda: Aphelenchoididae) and a Bacterium in Dutch Elm Disease Vector, Hylurgopinus rufipes (Coleoptera: Scolytidae). Journal of Invertebrate Pathology 52, 301-08.",https://doi.org/10.1016/0022-2011(88)90139-5,full text
3cd970ea-0cac-817c-8389-ff0a65ac2ef5,852,Hylurgopinus rufipes,3cd970ea-0cac-8126-bcd3-db91d266547f,Rod-like bacteria,Bacteria,unsuccessful culture,,,,,,Canada,1988,Tomalak et al. 1988,"Tomalak M., H.E. Welch & T.D. Galloway 1988. Interaction of Parasitic Nematode Parasitaphelenchus oldhami (Nematoda: Aphelenchoididae) and a Bacterium in Dutch Elm Disease Vector, Hylurgopinus rufipes (Coleoptera: Scolytidae). Journal of Invertebrate Pathology 52, 301-08.",https://doi.org/10.1016/0022-2011(88)90139-5,full text
3cd970ea-0cac-81fd-bbfa-fd4b3e7399a9,853,Ips typographus,3cd970ea-0cac-81e7-bd37-c7209a5601d7,Entomopoxvirus,Virus,,,,,,,,2009,"Tonka and Weiser, 2009","Tonka, T., Weiser, J., & Pultar, O. (2009). Entomopoxvirus in the spruce bark beetle, Ips typograhus and its laboratory management. IUFRO WG, 7(10).",,non full text
3cd970ea-0cac-810c-886b-d5d794021a94,854,Ips typographus,3cd970ea-0cac-81e7-bd37-c7209a5601d7,ItEPV,Virus,isolated from infected beetle,,,,infection test; virus occlusion bodies were never found in larvae or any other preadult stage during the experiments,,,2007,Tonka et al. 2007,"Tonka, T., Pultar, O., & Weiser, J. (2007). Survival of the spruce bark beetle, Ips typographus, infected with pathogens or parasites. IOBC WPRS BULLETIN, 30(1), 211-215.",https://www.researchgate.net/profile/Milan-Pernek/publication/311344954_Occurence_of_Gregarina_typographi_Sporozoa_Gregarinidae_and_Metschnikowia_cf_typographi_Ascomycota_Metschnikowiacae_in_Ips_sexdentatus_Coleoptera_Scolytidae_from_Austria/links/5f16b54d92851cd5fa39b48c/Occurence-of-Gregarina-typographi-Sporozoa-Gregarinidae-and-Metschnikowia-cf-typographi-Ascomycota-Metschnikowiacae-in-Ips-sexdentatus-Coleoptera-Scolytidae-from-Austria.pdf#page=140,full text
3cd970ea-0cac-8188-983c-d6943cffccbb,855,Ips typographus,3cd970ea-0cac-81e7-bd37-c7209a5601d7,Chytridiopsis typographi,Microsporidia,isolated from infected beetle,,,,infection test,,,2007,Tonka et al. 2007,"Tonka, T., Pultar, O., & Weiser, J. (2007). Survival of the spruce bark beetle, Ips typographus, infected with pathogens or parasites. IOBC WPRS BULLETIN, 30(1), 211-215.",https://www.researchgate.net/profile/Milan-Pernek/publication/311344954_Occurence_of_Gregarina_typographi_Sporozoa_Gregarinidae_and_Metschnikowia_cf_typographi_Ascomycota_Metschnikowiacae_in_Ips_sexdentatus_Coleoptera_Scolytidae_from_Austria/links/5f16b54d92851cd5fa39b48c/Occurence-of-Gregarina-typographi-Sporozoa-Gregarinidae-and-Metschnikowia-cf-typographi-Ascomycota-Metschnikowiacae-in-Ips-sexdentatus-Coleoptera-Scolytidae-from-Austria.pdf#page=140,full text
3cd970ea-0cac-8136-a270-e23718979523,856,Ips typographus,3cd970ea-0cac-81e7-bd37-c7209a5601d7,Gregarina typographi,Protist,isolated from infected beetle,,,,infection test,,,2007,Tonka et al. 2007,"Tonka, T., Pultar, O., & Weiser, J. (2007). Survival of the spruce bark beetle, Ips typographus, infected with pathogens or parasites. IOBC WPRS BULLETIN, 30(1), 211-215.",https://www.researchgate.net/profile/Milan-Pernek/publication/311344954_Occurence_of_Gregarina_typographi_Sporozoa_Gregarinidae_and_Metschnikowia_cf_typographi_Ascomycota_Metschnikowiacae_in_Ips_sexdentatus_Coleoptera_Scolytidae_from_Austria/links/5f16b54d92851cd5fa39b48c/Occurence-of-Gregarina-typographi-Sporozoa-Gregarinidae-and-Metschnikowia-cf-typographi-Ascomycota-Metschnikowiacae-in-Ips-sexdentatus-Coleoptera-Scolytidae-from-Austria.pdf#page=140,full text
3cd970ea-0cac-8199-b72b-fa971a2571f6,857,Ips typographus,3cd970ea-0cac-81e7-bd37-c7209a5601d7,Polymorphotylenchus typographi,Nematode,isolated from infected beetle,,,,infection test,,,2007,Tonka et al. 2007,"Tonka, T., Pultar, O., & Weiser, J. (2007). Survival of the spruce bark beetle, Ips typographus, infected with pathogens or parasites. IOBC WPRS BULLETIN, 30(1), 211-215.",https://www.researchgate.net/profile/Milan-Pernek/publication/311344954_Occurence_of_Gregarina_typographi_Sporozoa_Gregarinidae_and_Metschnikowia_cf_typographi_Ascomycota_Metschnikowiacae_in_Ips_sexdentatus_Coleoptera_Scolytidae_from_Austria/links/5f16b54d92851cd5fa39b48c/Occurence-of-Gregarina-typographi-Sporozoa-Gregarinidae-and-Metschnikowia-cf-typographi-Ascomycota-Metschnikowiacae-in-Ips-sexdentatus-Coleoptera-Scolytidae-from-Austria.pdf#page=140,full text
3cd970ea-0cac-8184-8614-e444df285f11,858,Ips typographus,3cd970ea-0cac-81e7-bd37-c7209a5601d7,Chytridiopsis typographi,Microsporidia,isolated from beetle,,,,,,Czech Republic,2010,"Tonka et al., 2010","Tonka, T., Weiser Jr, J., & Weiser, J. (2010). Budding: a new stage in the development of Chytridiopsis typographi (Zygomycetes: Microsporidia). Journal of invertebrate pathology, 104(1), 17-22.",https://doi.org/10.1016/j.jip.2010.01.003,full text
3cd970ea-0cac-8112-9dd2-f5f662361137,859,Xylosandrus germanus,3cd970ea-0cac-8125-a3b0-e16e95c7e865,Beauveria bassiana,Fungi,isolated from cadaver,,,,virulence test; isolated from cadavers of Xylosandrus germanus,laboratory,Turkey,2019,"Tuncer et al., 2019","Tuncer, C., Kushiyev, R., Erper, I., Ozdemir, I. O., & Saruhan, I. (2019). Efficacy of native isolates of Metarhizium anisopliae and Beauveria bassiana against the invasive ambrosia beetle, Xylosandrus germanus Blandford (Coleoptera: Curculionidae: Scolytinae). Egyptian Journal of Biological Pest Control, 29(1), 28.",https://doi.org/10.1186/s41938-019-0132-x,full text
3cd970ea-0cac-819f-9b7d-f1f55e2cc64b,860,Xylosandrus germanus,3cd970ea-0cac-8125-a3b0-e16e95c7e865,Metarhizium anisopliae,Fungi,isolated from cadaver,,,,virulence test; isolated from cadavers of Xylosandrus germanus,laboratory,Turkey,2019,"Tuncer et al., 2019","Tuncer, C., Kushiyev, R., Erper, I., Ozdemir, I. O., & Saruhan, I. (2019). Efficacy of native isolates of Metarhizium anisopliae and Beauveria bassiana against the invasive ambrosia beetle, Xylosandrus germanus Blandford (Coleoptera: Curculionidae: Scolytinae). Egyptian Journal of Biological Pest Control, 29(1), 28.",https://doi.org/10.1186/s41938-019-0132-x,full text
3cd970ea-0cac-8125-a7a5-d4f3863bf1ee,861,Ips sexdentatus,3cd970ea-0cac-81b2-b8a3-d4a7253b9941,Gregarina typographi,Protist,,,association report,,,,Turkey,2009,"Unal et al., 2009","Unal, S., Yaman, M., Tosun, O., & Aydin, C. (2009). Occurrence of Gregarina typographi (Apicomplexa, Gregarinidae) and Metschnikowia typographi (Ascomycota, Metschnikowiaceae) in Ips sexdentatus (Coleoptera: Curculionidae, Scolytinae) populations in Kastamonu (Turkey).",https://www.cabidigitallibrary.org/doi/full/10.5555/20093340817,only English abstract
3cd970ea-0cac-8107-8733-dba86404010f,862,Ips sexdentatus,3cd970ea-0cac-81b2-b8a3-d4a7253b9941,Metschnikowia typographi,Fungi,,,association report,,,,Turkey,2009,"Unal et al., 2009","Unal, S., Yaman, M., Tosun, O., & Aydin, C. (2009). Occurrence of Gregarina typographi (Apicomplexa, Gregarinidae) and Metschnikowia typographi (Ascomycota, Metschnikowiaceae) in Ips sexdentatus (Coleoptera: Curculionidae, Scolytinae) populations in Kastamonu (Turkey).",https://www.cabidigitallibrary.org/doi/full/10.5555/20093340817,only English abstract
3cd970ea-0cac-8176-bf4a-c398ac8a16df,864,Ips duplicatus,3cd970ea-0cac-8141-8c9c-eda2a1055c4c,Beauveria bassiana,Fungi,isolated from infected beetle,,,morphological and molecular,pathogenicity test,laboratory,Slovakia,2025,"Vakula et al., 2025","Vakula, J., Nikolov, C., Lalik, M., Horakova, M. K., Rell, S., Galko, J., ... & Barta, M. (2025). Selection, application, and pathogenicity of naturally occurring Beauveria bassiana strains against Ips duplicatus (Coleoptera: Curculionidae, Scolytinae). Biological Control, 204, 105740.",https://doi.org/10.1016/j.biocontrol.2025.105740,full text
3cd970ea-0cac-8158-a0ad-e2d0e4215434,865,Ips typographus,3cd970ea-0cac-81e7-bd37-c7209a5601d7,ItEPV,Virus,,,,,,,Austria,1995,"Wegensteiner and Weiser, 1995","Wegensteiner R. & J. Weiser 1995. A new Entomopoxvirus in the bark beetle Ips typographus (Coleoptera: Scolytidae). Journal of Invertebrate Pathology 65, 203-05.",https://doi.org/10.1006/jipa.1995.1030,full text
3cd970ea-0cac-81f9-b319-ddff40a3a4f7,866,Ips typographus,3cd970ea-0cac-81e7-bd37-c7209a5601d7,ItEPV,Virus,,,,,,,Germany,1996,"Wegensteiner and Weiser, 1996a","Wegensteiner R. & J. Weiser 1996a. Untersuchungen zum Auftreten von Pathogenen bei Ips typographus (Coleoptera, Scolytidae) aus einem Naturschutzgebiet im Schwarzwald (Baden-Württemberg). Anzeiger für Schädlingskunde, Pflanzenschutz, Umweltschutz 69, 162-67.",https://doi.org/10.1007/BF01906808,full text
3cd970ea-0cac-81e5-a0a2-cd9cd782b02e,867,Ips typographus,3cd970ea-0cac-81e7-bd37-c7209a5601d7,Chytridiopsis typographi,Microsporidia,,,,,,,Germany,1996,"Wegensteiner and Weiser, 1996a","Wegensteiner R. & J. Weiser 1996a. Untersuchungen zum Auftreten von Pathogenen bei Ips typographus (Coleoptera, Scolytidae) aus einem Naturschutzgebiet im Schwarzwald (Baden-Württemberg). Anzeiger für Schädlingskunde, Pflanzenschutz, Umweltschutz 69, 162-67.",https://doi.org/10.1007/BF01906808,full text
3cd970ea-0cac-81f8-a73e-dd6c79d3bb3f,868,Ips typographus,3cd970ea-0cac-81e7-bd37-c7209a5601d7,Nosema typographi,Microsporidia,,,,,,,Germany,1996,"Wegensteiner and Weiser, 1996a","Wegensteiner R. & J. Weiser 1996a. Untersuchungen zum Auftreten von Pathogenen bei Ips typographus (Coleoptera, Scolytidae) aus einem Naturschutzgebiet im Schwarzwald (Baden-Württemberg). Anzeiger für Schädlingskunde, Pflanzenschutz, Umweltschutz 69, 162-67.",https://doi.org/10.1007/BF01906808,full text
3cd970ea-0cac-8142-b411-f5a13e6043e7,869,Ips typographus,3cd970ea-0cac-81e7-bd37-c7209a5601d7,Gregarina typographi,Protist,,,,,,,Germany,1996,"Wegensteiner and Weiser, 1996a","Wegensteiner R. & J. Weiser 1996a. Untersuchungen zum Auftreten von Pathogenen bei Ips typographus (Coleoptera, Scolytidae) aus einem Naturschutzgebiet im Schwarzwald (Baden-Württemberg). Anzeiger für Schädlingskunde, Pflanzenschutz, Umweltschutz 69, 162-67.",https://doi.org/10.1007/BF01906808,full text
3cd970ea-0cac-8138-afcf-dcb3d2e7c7ce,870,Ips typographus,3cd970ea-0cac-81e7-bd37-c7209a5601d7,Contortylenchus diphogaster,Nematode,,,parasite,,,,Germany,1996,"Wegensteiner and Weiser, 1996a","Wegensteiner R. & J. Weiser 1996a. Untersuchungen zum Auftreten von Pathogenen bei Ips typographus (Coleoptera, Scolytidae) aus einem Naturschutzgebiet im Schwarzwald (Baden-Württemberg). Anzeiger für Schädlingskunde, Pflanzenschutz, Umweltschutz 69, 162-67.",https://doi.org/10.1007/BF01906808,full text
3cd970ea-0cac-8125-a78b-c6af89393f65,871,Ips typographus,3cd970ea-0cac-81e7-bd37-c7209a5601d7,Cryptaphelenchus macrogaster macrogaster,Nematode,,,parasite,,,,Germany,1996,"Wegensteiner and Weiser, 1996a","Wegensteiner R. & J. Weiser 1996a. Untersuchungen zum Auftreten von Pathogenen bei Ips typographus (Coleoptera, Scolytidae) aus einem Naturschutzgebiet im Schwarzwald (Baden-Württemberg). Anzeiger für Schädlingskunde, Pflanzenschutz, Umweltschutz 69, 162-67.",https://doi.org/10.1007/BF01906808,full text
3cd970ea-0cac-817e-9402-c5f0d4d49a84,872,Ips typographus,3cd970ea-0cac-81e7-bd37-c7209a5601d7,Chytridiopsis typographi,Microsporidia,,,,,,,Czech Republic,1996,"Wegensteiner and Weiser, 1996b","Wegensteiner R. & J. Weiser 1996b. Occurrence of Chytridiopsis typographi (Microspora, Chytridiopsida) in Ips typographus L. (Coleoptera, Scolytidae) field populations and in a laboratory stock. Journal of Applied Entomology 120, 595-602.",https://doi.org/10.1111/j.1439-0418.1996.tb01657.x,full text
3cd970ea-0cac-81ca-bdb4-c2e7581d10c9,873,Ips typographus,3cd970ea-0cac-81e7-bd37-c7209a5601d7,Metschnikowia cf. bicuspidata,Fungi,,,,,,,Finland,1998,"Wegensteiner and Weiser, 1998","Wegensteiner R. & J. Weiser 1998. Infection of Ips typographus from Finland with the Ascomycete Metschnikowia cf. bicuspidata. Poster, 6th European Congress of Entomology, Ceske Budejovice, CR, 23.-29.08.1998, Abstracts vol. 2, 667.",https://agris.fao.org/search/en/providers/122644/records/64775e195eb437ddff7753ac,full text
3cd970ea-0cac-8184-b989-d14e39766b3f,874,Ips typographus,3cd970ea-0cac-81e7-bd37-c7209a5601d7,Unikaryon montanum,Microsporidia,evaluation of pathogen from beetles,,,morphological,,,Austria,2004,"Wegensteiner and Weiser, 2004","Wegensteiner, R., Weiser, J., 2004. Annual variation of pathogen occurrence and pathogen prevalence in Ips typographus (Coleoptera, Scolytidae) from the BOKU University Forest Demonstration Centre. J. Pest Sci. 77, 221–228.",https://doi.org/10.1007/s10340-004-0056-3,full text
3cd970ea-0cac-81e4-b291-fd5a5259c299,875,Ips typographus,3cd970ea-0cac-81e7-bd37-c7209a5601d7,Gregarina typographi,Protist,evaluation of pathogen from beetles,,,morphological,,,Austria,2004,"Wegensteiner and Weiser, 2004","Wegensteiner, R., Weiser, J., 2004. Annual variation of pathogen occurrence and pathogen prevalence in Ips typographus (Coleoptera, Scolytidae) from the BOKU University Forest Demonstration Centre. J. Pest Sci. 77, 221–228.",https://doi.org/10.1007/s10340-004-0056-3,full text
3cd970ea-0cac-81bf-8bb3-c638e2d6aa2d,876,Ips typographus,3cd970ea-0cac-81e7-bd37-c7209a5601d7,Chytridiopsis typographi,Microsporidia,evaluation of pathogen from beetles,,,morphological,,,Austria,2004,"Wegensteiner and Weiser, 2004","Wegensteiner, R., Weiser, J., 2004. Annual variation of pathogen occurrence and pathogen prevalence in Ips typographus (Coleoptera, Scolytidae) from the BOKU University Forest Demonstration Centre. J. Pest Sci. 77, 221–228.",https://doi.org/10.1007/s10340-004-0056-3,full text
3cd970ea-0cac-816c-9180-c97b355f8262,877,Ips typographus,3cd970ea-0cac-81e7-bd37-c7209a5601d7,Menzbieria chalcographi,Protist,evaluation of pathogen from beetles,,,morphological,,,Austria,2004,"Wegensteiner and Weiser, 2004","Wegensteiner, R., Weiser, J., 2004. Annual variation of pathogen occurrence and pathogen prevalence in Ips typographus (Coleoptera, Scolytidae) from the BOKU University Forest Demonstration Centre. J. Pest Sci. 77, 221–228.",https://doi.org/10.1007/s10340-004-0056-3,full text
3cd970ea-0cac-8123-b1c3-d4a6e30e1da2,879,Ips typographus,3cd970ea-0cac-81e7-bd37-c7209a5601d7,Nosema typographi,Microsporidia,evaluation of pathogen from beetles,,,,,,,1996,"Wegensteiner et al., 1996","Wegensteiner R., J. Weiser & E. Führer 1996. Observations on the occurrence of pathogens in the bark beetle Ips typographus L. (Coleoptera, Scolytidae). Journal of Applied Entomology 120, 199-204.",https://doi.org/10.1111/j.1439-0418.1996.tb01591.x,full text
3cd970ea-0cac-8116-ab71-f3b58dc9717a,880,Ips typographus,3cd970ea-0cac-81e7-bd37-c7209a5601d7,Malamoeba scolyti,Microsporidia,evaluation of pathogen from beetles,,,,,,,1996,"Wegensteiner et al., 1996","Wegensteiner R., J. Weiser & E. Führer 1996. Observations on the occurrence of pathogens in the bark beetle Ips typographus L. (Coleoptera, Scolytidae). Journal of Applied Entomology 120, 199-204.",https://doi.org/10.1111/j.1439-0418.1996.tb01591.x,full text
3cd970ea-0cac-81cf-80c1-ce4bc18bbc92,881,Ips typographus,3cd970ea-0cac-81e7-bd37-c7209a5601d7,Chytridiopsis typographi,Microsporidia,evaluation of pathogen from beetles,,,,,,Austria,1996,"Wegensteiner et al., 1996","Wegensteiner R., J. Weiser & E. Führer 1996. Observations on the occurrence of pathogens in the bark beetle Ips typographus L. (Coleoptera, Scolytidae). Journal of Applied Entomology 120, 199-204.",https://doi.org/10.1111/j.1439-0418.1996.tb01591.x,full text
3cd970ea-0cac-8199-ac2a-c970149cbb70,882,Ips typographus,3cd970ea-0cac-81e7-bd37-c7209a5601d7,Chytridiopsis typographi,Microsporidia,evaluation of pathogen from beetles,,,,,,Czech Republic,1996,"Wegensteiner et al., 1996","Wegensteiner R., J. Weiser & E. Führer 1996. Observations on the occurrence of pathogens in the bark beetle Ips typographus L. (Coleoptera, Scolytidae). Journal of Applied Entomology 120, 199-204.",https://doi.org/10.1111/j.1439-0418.1996.tb01591.x,full text
3cd970ea-0cac-811e-b98b-eb7d43fc0fc4,883,Ips typographus,3cd970ea-0cac-81e7-bd37-c7209a5601d7,Entomopoxvirus,Virus,evaluation of pathogen from beetles,,,,,,Austria,1996,"Wegensteiner et al., 1996","Wegensteiner R., J. Weiser & E. Führer 1996. Observations on the occurrence of pathogens in the bark beetle Ips typographus L. (Coleoptera, Scolytidae). Journal of Applied Entomology 120, 199-204.",https://doi.org/10.1111/j.1439-0418.1996.tb01591.x,full text
3cd970ea-0cac-814e-9364-c940a1b68065,884,Ips typographus,3cd970ea-0cac-81e7-bd37-c7209a5601d7,Gregarina typographi,Protist,evaluation of pathogen from beetles,,,,,,Austria,1996,"Wegensteiner et al., 1996","Wegensteiner R., J. Weiser & E. Führer 1996. Observations on the occurrence of pathogens in the bark beetle Ips typographus L. (Coleoptera, Scolytidae). Journal of Applied Entomology 120, 199-204.",https://doi.org/10.1111/j.1439-0418.1996.tb01591.x,full text
3cd970ea-0cac-8151-be04-cf888718d991,885,Ips typographus,3cd970ea-0cac-81e7-bd37-c7209a5601d7,Gregarina typographi,Protist,evaluation of pathogen from beetles,,,,,,Czech Republic,1996,"Wegensteiner et al., 1996","Wegensteiner R., J. Weiser & E. Führer 1996. Observations on the occurrence of pathogens in the bark beetle Ips typographus L. (Coleoptera, Scolytidae). Journal of Applied Entomology 120, 199-204.",https://doi.org/10.1111/j.1439-0418.1996.tb01591.x,full text
3cd970ea-0cac-81b4-b554-d9ce8abb32ba,886,Ips typographus,3cd970ea-0cac-81e7-bd37-c7209a5601d7,Gregarina typographi,Protist,evaluation of pathogen from beetles,,,,,,Austria,2007,"Wegensteiner et al., 2007a","Wegensteiner,R., Pernek,M.,Weiser, J., 2007a. Occurrence of Gregarina typographi (Sporozoa, Gregarinidae) and of Metschnikowia typographi (Ascomycota, Metschnikowiaceae) in Ips sexdentatus (Coleoptera, Scolytidae) from Austria. IOBC/wprsBull. 30, 217–220.",https://www.researchgate.net/profile/Milan-Pernek/publication/311344954_Occurence_of_Gregarina_typographi_Sporozoa_Gregarinidae_and_Metschnikowia_cf_typographi_Ascomycota_Metschnikowiacae_in_Ips_sexdentatus_Coleoptera_Scolytidae_from_Austria/links/5f16b54d92851cd5fa39b48c/Occurence-of-Gregarina-typographi-Sporozoa-Gregarinidae-and-Metschnikowia-cf-typographi-Ascomycota-Metschnikowiacae-in-Ips-sexdentatus-Coleoptera-Scolytidae-from-Austria.pdf#page=140,full text
3cd970ea-0cac-81b5-9a48-f3ddfed79d2d,887,Ips typographus,3cd970ea-0cac-81e7-bd37-c7209a5601d7,Metschnikowia cf. typographi,Fungi,evaluation of pathogen from beetles,,,,,,Austria,2007,"Wegensteiner et al., 2007a","Wegensteiner,R., Pernek,M.,Weiser, J., 2007a. Occurrence of Gregarina typographi (Sporozoa, Gregarinidae) and of Metschnikowia typographi (Ascomycota, Metschnikowiaceae) in Ips sexdentatus (Coleoptera, Scolytidae) from Austria. IOBC/wprsBull. 30, 217–220.",https://www.researchgate.net/profile/Milan-Pernek/publication/311344954_Occurence_of_Gregarina_typographi_Sporozoa_Gregarinidae_and_Metschnikowia_cf_typographi_Ascomycota_Metschnikowiacae_in_Ips_sexdentatus_Coleoptera_Scolytidae_from_Austria/links/5f16b54d92851cd5fa39b48c/Occurence-of-Gregarina-typographi-Sporozoa-Gregarinidae-and-Metschnikowia-cf-typographi-Ascomycota-Metschnikowiacae-in-Ips-sexdentatus-Coleoptera-Scolytidae-from-Austria.pdf#page=140,full text
3cd970ea-0cac-81fb-8e28-cdb83ad60e61,888,Ips typographus,3cd970ea-0cac-81e7-bd37-c7209a5601d7,Gregarina typographi,Protist,,,,,,,Switzerland,2007,"Wegensteiner et al., 2007b","Wegensteiner, R., Epper, C., Wermelinger, B., 2007b. Untersuchungen über das Auftreten und die Dynamik von Pathogenen bei Ips typographus (Coleoptera, Scolytinae) in Befallsherden unter besonderer Berücksichtigung von Protozoen. Mitt. Schweiz. Entomol. Ges. 80, 79–90.",https://www.e-periodica.ch/digbib/view?pid=seg-001%3A2007%3A80%3A%3A96,full text
3cd970ea-0cac-81f6-8c42-da8a437d565e,889,Ips typographus,3cd970ea-0cac-81e7-bd37-c7209a5601d7,Chytridiopsis typographi,Microsporidia,,,,,,,Switzerland,2007,"Wegensteiner et al., 2007b","Wegensteiner, R., Epper, C., Wermelinger, B., 2007b. Untersuchungen über das Auftreten und die Dynamik von Pathogenen bei Ips typographus (Coleoptera, Scolytinae) in Befallsherden unter besonderer Berücksichtigung von Protozoen. Mitt. Schweiz. Entomol. Ges. 80, 79–90.",https://www.e-periodica.ch/digbib/view?pid=seg-001%3A2007%3A80%3A%3A96,full text
3cd970ea-0cac-812b-9f80-ff30bb2d3f90,890,Ips typographus,3cd970ea-0cac-81e7-bd37-c7209a5601d7,Gregarina typographi,Protist,,,pathogen; occurrence survey,,,,Austria,2010,"Wegensteiner et al., 2010","Wegensteiner, R., Dedryver, C.-A., Pierre, J.-S., 2010. The comparative prevalence and demographic impact of two pathogens in swarming Ips typographus adults: a quantitative analysis of long term trapping data. Agric. For. Entomol. 12, 49–57.",https://doi.org/10.1111/j.1461-9563.2009.00449.x,full text
3cd970ea-0cac-810e-9a8f-c5806e9ba03b,891,Ips typographus,3cd970ea-0cac-81e7-bd37-c7209a5601d7,Chytridiopsis typographi,Microsporidia,,,pathogen; occurrence survey,,,,Austria,2010,"Wegensteiner et al., 2010","Wegensteiner, R., Dedryver, C.-A., Pierre, J.-S., 2010. The comparative prevalence and demographic impact of two pathogens in swarming Ips typographus adults: a quantitative analysis of long term trapping data. Agric. For. Entomol. 12, 49–57.",https://doi.org/10.1111/j.1461-9563.2009.00449.x,full text
3cd970ea-0cac-8124-810b-e30e527d3809,892,Ips typographus,3cd970ea-0cac-81e7-bd37-c7209a5601d7,ItEPV,Virus,,,pathogen; occurrence survey,,,,Austria,2014,"Wegensteiner et al., 2014","Wegensteiner, R., Stradner, A., & Händel, U. (2014). Occurrence of pathogens in Ips typographus (Coleoptera: Curculionidae) and in other spruce bark beetles from the wilderness reserve Dürrenstein (Lower Austria). Biologia, 69(1), 92-100.",https://doi.org/10.2478/s11756-013-0286-z,full text
3cd970ea-0cac-8121-a733-fe66407b7cc4,893,Ips typographus,3cd970ea-0cac-81e7-bd37-c7209a5601d7,Gregarina typographi,Protist,,,pathogen; occurrence survey,,,,Austria,2014,"Wegensteiner et al., 2014","Wegensteiner, R., Stradner, A., & Händel, U. (2014). Occurrence of pathogens in Ips typographus (Coleoptera: Curculionidae) and in other spruce bark beetles from the wilderness reserve Dürrenstein (Lower Austria). Biologia, 69(1), 92-100.",https://doi.org/10.2478/s11756-013-0286-z,full text
3cd970ea-0cac-8199-be57-eb35ae67f9a8,894,Ips typographus,3cd970ea-0cac-81e7-bd37-c7209a5601d7,Chytridiopsis typographi,Microsporidia,,,pathogen; occurrence survey,,,,Austria,2014,"Wegensteiner et al., 2014","Wegensteiner, R., Stradner, A., & Händel, U. (2014). Occurrence of pathogens in Ips typographus (Coleoptera: Curculionidae) and in other spruce bark beetles from the wilderness reserve Dürrenstein (Lower Austria). Biologia, 69(1), 92-100.",https://doi.org/10.2478/s11756-013-0286-z,full text
3cd970ea-0cac-8173-8f2d-dbfbf964bc10,895,Ips typographus,3cd970ea-0cac-81e7-bd37-c7209a5601d7,Mattesia cf. schwenke,Protist,,,pathogen; occurrence survey,,,,Austria,2014,"Wegensteiner et al., 2014","Wegensteiner, R., Stradner, A., & Händel, U. (2014). Occurrence of pathogens in Ips typographus (Coleoptera: Curculionidae) and in other spruce bark beetles from the wilderness reserve Dürrenstein (Lower Austria). Biologia, 69(1), 92-100.",https://doi.org/10.2478/s11756-013-0286-z,full text
3cd970ea-0cac-8168-975c-e05dfc6c1ceb,896,Ips typographus,3cd970ea-0cac-81e7-bd37-c7209a5601d7,Nosema typographi,Microsporidia,,,pathogen; occurrence survey,,,,Austria,2014,"Wegensteiner et al., 2014","Wegensteiner, R., Stradner, A., & Händel, U. (2014). Occurrence of pathogens in Ips typographus (Coleoptera: Curculionidae) and in other spruce bark beetles from the wilderness reserve Dürrenstein (Lower Austria). Biologia, 69(1), 92-100.",https://doi.org/10.2478/s11756-013-0286-z,full text
3cd970ea-0cac-8143-a7e1-ff876c6acf20,897,Ips typographus,3cd970ea-0cac-81e7-bd37-c7209a5601d7,Unikaryon montanum,Microsporidia,,,pathogen; occurrence survey,,,,Austria,2014,"Wegensteiner et al., 2014","Wegensteiner, R., Stradner, A., & Händel, U. (2014). Occurrence of pathogens in Ips typographus (Coleoptera: Curculionidae) and in other spruce bark beetles from the wilderness reserve Dürrenstein (Lower Austria). Biologia, 69(1), 92-100.",https://doi.org/10.2478/s11756-013-0286-z,full text
3cd970ea-0cac-81ea-8308-cf9785a3b499,898,Ips typographus,3cd970ea-0cac-81e7-bd37-c7209a5601d7,Malamoeba scolyti,Microsporidia,,,pathogen; occurrence survey,,,,Austria,2014,"Wegensteiner et al., 2014","Wegensteiner, R., Stradner, A., & Händel, U. (2014). Occurrence of pathogens in Ips typographus (Coleoptera: Curculionidae) and in other spruce bark beetles from the wilderness reserve Dürrenstein (Lower Austria). Biologia, 69(1), 92-100.",https://doi.org/10.2478/s11756-013-0286-z,full text
3cd970ea-0cac-819f-9cd2-ddc284e9fdb6,899,Pityogenes chalcographus,3cd970ea-0cac-81ae-b124-f43044691162,Gregarina typographi,Protist,,,pathogen; occurrence survey,,,,Austria,2014,"Wegensteiner et al., 2014","Wegensteiner, R., Stradner, A., & Händel, U. (2014). Occurrence of pathogens in Ips typographus (Coleoptera: Curculionidae) and in other spruce bark beetles from the wilderness reserve Dürrenstein (Lower Austria). Biologia, 69(1), 92-100.",https://doi.org/10.2478/s11756-013-0286-z,full text
3cd970ea-0cac-81ef-b002-ce3ff0ef07b8,900,Pityogenes chalcographus,3cd970ea-0cac-81ae-b124-f43044691162,Mattesia cf. schwenke,Protist,,,pathogen; occurrence survey,,,,Austria,2014,"Wegensteiner et al., 2014","Wegensteiner, R., Stradner, A., & Händel, U. (2014). Occurrence of pathogens in Ips typographus (Coleoptera: Curculionidae) and in other spruce bark beetles from the wilderness reserve Dürrenstein (Lower Austria). Biologia, 69(1), 92-100.",https://doi.org/10.2478/s11756-013-0286-z,full text
3cd970ea-0cac-8179-9e68-d45496d07a85,901,Pityogenes chalcographus,3cd970ea-0cac-81ae-b124-f43044691162,Chytridiopsis typographi,Microsporidia,,,pathogen; occurrence survey,,,,Austria,2014,"Wegensteiner et al., 2014","Wegensteiner, R., Stradner, A., & Händel, U. (2014). Occurrence of pathogens in Ips typographus (Coleoptera: Curculionidae) and in other spruce bark beetles from the wilderness reserve Dürrenstein (Lower Austria). Biologia, 69(1), 92-100.",https://doi.org/10.2478/s11756-013-0286-z,full text
3cd970ea-0cac-8152-b758-e1151ad29cc0,902,Ips amitinus,3cd970ea-0cac-815a-a757-ffcc6a0735b5,Gregarina typographi,Protist,,,pathogen; occurrence survey,,,,Austria,2014,"Wegensteiner et al., 2014","Wegensteiner, R., Stradner, A., & Händel, U. (2014). Occurrence of pathogens in Ips typographus (Coleoptera: Curculionidae) and in other spruce bark beetles from the wilderness reserve Dürrenstein (Lower Austria). Biologia, 69(1), 92-100.",https://doi.org/10.2478/s11756-013-0286-z,full text
3cd970ea-0cac-81c7-bf31-eb0d1b532236,903,Ips amitinus,3cd970ea-0cac-815a-a757-ffcc6a0735b5,Chytridiopsis typographi,Microsporidia,,,pathogen; occurrence survey,,,,Austria,2014,"Wegensteiner et al., 2014","Wegensteiner, R., Stradner, A., & Händel, U. (2014). Occurrence of pathogens in Ips typographus (Coleoptera: Curculionidae) and in other spruce bark beetles from the wilderness reserve Dürrenstein (Lower Austria). Biologia, 69(1), 92-100.",https://doi.org/10.2478/s11756-013-0286-z,full text
3cd970ea-0cac-8149-9f42-def225acb66a,904,Ips typographus,3cd970ea-0cac-81e7-bd37-c7209a5601d7,Beauveria bassiana,Fungi,,,pathogen; occurrence survey,morphological,,,Austria,2015,"Wegensteiner et al., 2015","Wegensteiner, R., Tkaczuk, C., Bałazy, S., Griesser, S., Rouffaud, M. A., Stradner, A., ... & Papierok, B. (2015). Occurrence of pathogens in populations of Ips typographus, Ips sexdentatus (Coleoptera, Curculionidae, Scolytinae) and Hylobius spp.(Coleoptera, Curculionidae, Curculioninae) from Austria, Poland and France. Acta Protozoologica, 54(3).",https://psjd.icm.edu.pl/psjd/element/bwmeta1.element.ojs-issn-1689-0027-year-2015-volume-54-issue-3-article-4248,full text
3cd970ea-0cac-81fd-b7fb-ecb8a1fb2d92,905,Ips typographus,3cd970ea-0cac-81e7-bd37-c7209a5601d7,Isaria farinosa,Fungi,,,pathogen; occurrence survey,morphological,,,Austria,2015,"Wegensteiner et al., 2015","Wegensteiner, R., Tkaczuk, C., Bałazy, S., Griesser, S., Rouffaud, M. A., Stradner, A., ... & Papierok, B. (2015). Occurrence of pathogens in populations of Ips typographus, Ips sexdentatus (Coleoptera, Curculionidae, Scolytinae) and Hylobius spp.(Coleoptera, Curculionidae, Curculioninae) from Austria, Poland and France. Acta Protozoologica, 54(3).",https://psjd.icm.edu.pl/psjd/element/bwmeta1.element.ojs-issn-1689-0027-year-2015-volume-54-issue-3-article-4248,full text
3cd970ea-0cac-812c-a5af-f1df4242fe2e,906,Ips typographus,3cd970ea-0cac-81e7-bd37-c7209a5601d7,Beauveria bassiana,Fungi,,,pathogen; occurrence survey,morphological,,,Poland,2015,"Wegensteiner et al., 2015","Wegensteiner, R., Tkaczuk, C., Bałazy, S., Griesser, S., Rouffaud, M. A., Stradner, A., ... & Papierok, B. (2015). Occurrence of pathogens in populations of Ips typographus, Ips sexdentatus (Coleoptera, Curculionidae, Scolytinae) and Hylobius spp.(Coleoptera, Curculionidae, Curculioninae) from Austria, Poland and France. Acta Protozoologica, 54(3).",https://psjd.icm.edu.pl/psjd/element/bwmeta1.element.ojs-issn-1689-0027-year-2015-volume-54-issue-3-article-4248,full text
3cd970ea-0cac-8163-b007-caaf3e9b74c5,907,Ips typographus,3cd970ea-0cac-81e7-bd37-c7209a5601d7,Beauveria bassiana,Fungi,,,pathogen; occurrence survey,morphological,,,France,2015,"Wegensteiner et al., 2015","Wegensteiner, R., Tkaczuk, C., Bałazy, S., Griesser, S., Rouffaud, M. A., Stradner, A., ... & Papierok, B. (2015). Occurrence of pathogens in populations of Ips typographus, Ips sexdentatus (Coleoptera, Curculionidae, Scolytinae) and Hylobius spp.(Coleoptera, Curculionidae, Curculioninae) from Austria, Poland and France. Acta Protozoologica, 54(3).",https://psjd.icm.edu.pl/psjd/element/bwmeta1.element.ojs-issn-1689-0027-year-2015-volume-54-issue-3-article-4248,full text
3cd970ea-0cac-8167-ad45-d23700621ba2,908,Ips typographus,3cd970ea-0cac-81e7-bd37-c7209a5601d7,Isaria farinosa,Fungi,,,pathogen; occurrence survey,morphological,,,France,2015,"Wegensteiner et al., 2015","Wegensteiner, R., Tkaczuk, C., Bałazy, S., Griesser, S., Rouffaud, M. A., Stradner, A., ... & Papierok, B. (2015). Occurrence of pathogens in populations of Ips typographus, Ips sexdentatus (Coleoptera, Curculionidae, Scolytinae) and Hylobius spp.(Coleoptera, Curculionidae, Curculioninae) from Austria, Poland and France. Acta Protozoologica, 54(3).",https://psjd.icm.edu.pl/psjd/element/bwmeta1.element.ojs-issn-1689-0027-year-2015-volume-54-issue-3-article-4248,full text
3cd970ea-0cac-8116-ac3b-d121be1a8b21,909,Ips typographus,3cd970ea-0cac-81e7-bd37-c7209a5601d7,ItEPV,Virus,,,pathogen; occurrence survey,morphological,,,Austria,2015,"Wegensteiner et al., 2015","Wegensteiner, R., Tkaczuk, C., Bałazy, S., Griesser, S., Rouffaud, M. A., Stradner, A., ... & Papierok, B. (2015). Occurrence of pathogens in populations of Ips typographus, Ips sexdentatus (Coleoptera, Curculionidae, Scolytinae) and Hylobius spp.(Coleoptera, Curculionidae, Curculioninae) from Austria, Poland and France. Acta Protozoologica, 54(3).",https://psjd.icm.edu.pl/psjd/element/bwmeta1.element.ojs-issn-1689-0027-year-2015-volume-54-issue-3-article-4248,full text
3cd970ea-0cac-81f1-bb90-d6e7a6b8020f,910,Ips typographus,3cd970ea-0cac-81e7-bd37-c7209a5601d7,ItEPV,Virus,,,pathogen; occurrence survey,morphological,,,France,2015,"Wegensteiner et al., 2015","Wegensteiner, R., Tkaczuk, C., Bałazy, S., Griesser, S., Rouffaud, M. A., Stradner, A., ... & Papierok, B. (2015). Occurrence of pathogens in populations of Ips typographus, Ips sexdentatus (Coleoptera, Curculionidae, Scolytinae) and Hylobius spp.(Coleoptera, Curculionidae, Curculioninae) from Austria, Poland and France. Acta Protozoologica, 54(3).",https://psjd.icm.edu.pl/psjd/element/bwmeta1.element.ojs-issn-1689-0027-year-2015-volume-54-issue-3-article-4248,full text
3cd970ea-0cac-81fe-80fb-d2ce98912245,911,Ips typographus,3cd970ea-0cac-81e7-bd37-c7209a5601d7,Gregarina typographi,Protist,,,pathogen; occurrence survey,morphological,,,Austria,2015,"Wegensteiner et al., 2015","Wegensteiner, R., Tkaczuk, C., Bałazy, S., Griesser, S., Rouffaud, M. A., Stradner, A., ... & Papierok, B. (2015). Occurrence of pathogens in populations of Ips typographus, Ips sexdentatus (Coleoptera, Curculionidae, Scolytinae) and Hylobius spp.(Coleoptera, Curculionidae, Curculioninae) from Austria, Poland and France. Acta Protozoologica, 54(3).",https://psjd.icm.edu.pl/psjd/element/bwmeta1.element.ojs-issn-1689-0027-year-2015-volume-54-issue-3-article-4248,full text
3cd970ea-0cac-81e3-ac3e-c20782a570ca,912,Ips typographus,3cd970ea-0cac-81e7-bd37-c7209a5601d7,Gregarina typographi,Protist,,,pathogen; occurrence survey,morphological,,,Poland,2015,"Wegensteiner et al., 2015","Wegensteiner, R., Tkaczuk, C., Bałazy, S., Griesser, S., Rouffaud, M. A., Stradner, A., ... & Papierok, B. (2015). Occurrence of pathogens in populations of Ips typographus, Ips sexdentatus (Coleoptera, Curculionidae, Scolytinae) and Hylobius spp.(Coleoptera, Curculionidae, Curculioninae) from Austria, Poland and France. Acta Protozoologica, 54(3).",https://psjd.icm.edu.pl/psjd/element/bwmeta1.element.ojs-issn-1689-0027-year-2015-volume-54-issue-3-article-4248,full text
3cd970ea-0cac-819a-a9d2-ee9fdc8eba2b,913,Ips typographus,3cd970ea-0cac-81e7-bd37-c7209a5601d7,Gregarina typographi,Protist,,,pathogen; occurrence survey,morphological,,,France,2015,"Wegensteiner et al., 2015","Wegensteiner, R., Tkaczuk, C., Bałazy, S., Griesser, S., Rouffaud, M. A., Stradner, A., ... & Papierok, B. (2015). Occurrence of pathogens in populations of Ips typographus, Ips sexdentatus (Coleoptera, Curculionidae, Scolytinae) and Hylobius spp.(Coleoptera, Curculionidae, Curculioninae) from Austria, Poland and France. Acta Protozoologica, 54(3).",https://psjd.icm.edu.pl/psjd/element/bwmeta1.element.ojs-issn-1689-0027-year-2015-volume-54-issue-3-article-4248,full text
3cd970ea-0cac-8180-9cbf-ee5ba86d4608,914,Ips typographus,3cd970ea-0cac-81e7-bd37-c7209a5601d7,Mattesia sp.,Protist,,,pathogen; occurrence survey,morphological,,,Austria,2015,"Wegensteiner et al., 2015","Wegensteiner, R., Tkaczuk, C., Bałazy, S., Griesser, S., Rouffaud, M. A., Stradner, A., ... & Papierok, B. (2015). Occurrence of pathogens in populations of Ips typographus, Ips sexdentatus (Coleoptera, Curculionidae, Scolytinae) and Hylobius spp.(Coleoptera, Curculionidae, Curculioninae) from Austria, Poland and France. Acta Protozoologica, 54(3).",https://psjd.icm.edu.pl/psjd/element/bwmeta1.element.ojs-issn-1689-0027-year-2015-volume-54-issue-3-article-4248,full text
3cd970ea-0cac-8186-a3d7-c81daa6832fa,915,Ips typographus,3cd970ea-0cac-81e7-bd37-c7209a5601d7,Chytridiopsis typographi,Microsporidia,,,pathogen; occurrence survey,morphological,,,Austria,2015,"Wegensteiner et al., 2015","Wegensteiner, R., Tkaczuk, C., Bałazy, S., Griesser, S., Rouffaud, M. A., Stradner, A., ... & Papierok, B. (2015). Occurrence of pathogens in populations of Ips typographus, Ips sexdentatus (Coleoptera, Curculionidae, Scolytinae) and Hylobius spp.(Coleoptera, Curculionidae, Curculioninae) from Austria, Poland and France. Acta Protozoologica, 54(3).",https://psjd.icm.edu.pl/psjd/element/bwmeta1.element.ojs-issn-1689-0027-year-2015-volume-54-issue-3-article-4248,full text
3cd970ea-0cac-81bf-834b-fd4d8ffefee7,916,Ips typographus,3cd970ea-0cac-81e7-bd37-c7209a5601d7,Chytridiopsis typographi,Microsporidia,,,pathogen; occurrence survey,morphological,,,Poland,2015,"Wegensteiner et al., 2015","Wegensteiner, R., Tkaczuk, C., Bałazy, S., Griesser, S., Rouffaud, M. A., Stradner, A., ... & Papierok, B. (2015). Occurrence of pathogens in populations of Ips typographus, Ips sexdentatus (Coleoptera, Curculionidae, Scolytinae) and Hylobius spp.(Coleoptera, Curculionidae, Curculioninae) from Austria, Poland and France. Acta Protozoologica, 54(3).",https://psjd.icm.edu.pl/psjd/element/bwmeta1.element.ojs-issn-1689-0027-year-2015-volume-54-issue-3-article-4248,full text
3cd970ea-0cac-81f1-afcf-e4424ee09646,917,Ips typographus,3cd970ea-0cac-81e7-bd37-c7209a5601d7,Chytridiopsis typographi,Microsporidia,,,pathogen; occurrence survey,morphological,,,France,2015,"Wegensteiner et al., 2015","Wegensteiner, R., Tkaczuk, C., Bałazy, S., Griesser, S., Rouffaud, M. A., Stradner, A., ... & Papierok, B. (2015). Occurrence of pathogens in populations of Ips typographus, Ips sexdentatus (Coleoptera, Curculionidae, Scolytinae) and Hylobius spp.(Coleoptera, Curculionidae, Curculioninae) from Austria, Poland and France. Acta Protozoologica, 54(3).",https://psjd.icm.edu.pl/psjd/element/bwmeta1.element.ojs-issn-1689-0027-year-2015-volume-54-issue-3-article-4248,full text
3cd970ea-0cac-8121-bd49-e3338adaf344,918,Ips typographus,3cd970ea-0cac-81e7-bd37-c7209a5601d7,Unikaryon montanum,Protist,,,pathogen; occurrence survey,morphological,,,Austria,2015,"Wegensteiner et al., 2015","Wegensteiner, R., Tkaczuk, C., Bałazy, S., Griesser, S., Rouffaud, M. A., Stradner, A., ... & Papierok, B. (2015). Occurrence of pathogens in populations of Ips typographus, Ips sexdentatus (Coleoptera, Curculionidae, Scolytinae) and Hylobius spp.(Coleoptera, Curculionidae, Curculioninae) from Austria, Poland and France. Acta Protozoologica, 54(3).",https://psjd.icm.edu.pl/psjd/element/bwmeta1.element.ojs-issn-1689-0027-year-2015-volume-54-issue-3-article-4248,full text
3cd970ea-0cac-813d-95a5-d3c949041b00,919,Ips typographus,3cd970ea-0cac-81e7-bd37-c7209a5601d7,Unikaryon montanum,Protist,,,pathogen; occurrence survey,morphological,,,Poland,2015,"Wegensteiner et al., 2015","Wegensteiner, R., Tkaczuk, C., Bałazy, S., Griesser, S., Rouffaud, M. A., Stradner, A., ... & Papierok, B. (2015). Occurrence of pathogens in populations of Ips typographus, Ips sexdentatus (Coleoptera, Curculionidae, Scolytinae) and Hylobius spp.(Coleoptera, Curculionidae, Curculioninae) from Austria, Poland and France. Acta Protozoologica, 54(3).",https://psjd.icm.edu.pl/psjd/element/bwmeta1.element.ojs-issn-1689-0027-year-2015-volume-54-issue-3-article-4248,full text
3cd970ea-0cac-81da-a29b-d46eda66e330,920,Ips typographus,3cd970ea-0cac-81e7-bd37-c7209a5601d7,Unikaryon montanum,Protist,,,pathogen; occurrence survey,morphological,,,France,2015,"Wegensteiner et al., 2015","Wegensteiner, R., Tkaczuk, C., Bałazy, S., Griesser, S., Rouffaud, M. A., Stradner, A., ... & Papierok, B. (2015). Occurrence of pathogens in populations of Ips typographus, Ips sexdentatus (Coleoptera, Curculionidae, Scolytinae) and Hylobius spp.(Coleoptera, Curculionidae, Curculioninae) from Austria, Poland and France. Acta Protozoologica, 54(3).",https://psjd.icm.edu.pl/psjd/element/bwmeta1.element.ojs-issn-1689-0027-year-2015-volume-54-issue-3-article-4248,full text
3cd970ea-0cac-81c0-8e87-fd35a081bfc2,921,Ips typographus,3cd970ea-0cac-81e7-bd37-c7209a5601d7,Beauveria caledonica,Fungi,,,pathogen; occurrence survey,morphological,,,France,2015,"Wegensteiner et al., 2015","Wegensteiner, R., Tkaczuk, C., Bałazy, S., Griesser, S., Rouffaud, M. A., Stradner, A., ... & Papierok, B. (2015). Occurrence of pathogens in populations of Ips typographus, Ips sexdentatus (Coleoptera, Curculionidae, Scolytinae) and Hylobius spp.(Coleoptera, Curculionidae, Curculioninae) from Austria, Poland and France. Acta Protozoologica, 54(3).",https://psjd.icm.edu.pl/psjd/element/bwmeta1.element.ojs-issn-1689-0027-year-2015-volume-54-issue-3-article-4248,full text
3cd970ea-0cac-8160-840b-d306e18cb3e5,922,Ips typographus,3cd970ea-0cac-81e7-bd37-c7209a5601d7,Gregarina cf. typographi,Protist,,,pathogen; occurrence survey,morphological,,,Austria,2015,"Wegensteiner et al., 2015","Wegensteiner, R., Tkaczuk, C., Bałazy, S., Griesser, S., Rouffaud, M. A., Stradner, A., ... & Papierok, B. (2015). Occurrence of pathogens in populations of Ips typographus, Ips sexdentatus (Coleoptera, Curculionidae, Scolytinae) and Hylobius spp.(Coleoptera, Curculionidae, Curculioninae) from Austria, Poland and France. Acta Protozoologica, 54(3).",https://psjd.icm.edu.pl/psjd/element/bwmeta1.element.ojs-issn-1689-0027-year-2015-volume-54-issue-3-article-4248,full text
3cd970ea-0cac-81a4-9096-f29eea37d1d2,923,Ips typographus,3cd970ea-0cac-81e7-bd37-c7209a5601d7,Gregarina cf. typographi,Protist,,,pathogen; occurrence survey,morphological,,,France,2015,"Wegensteiner et al., 2015","Wegensteiner, R., Tkaczuk, C., Bałazy, S., Griesser, S., Rouffaud, M. A., Stradner, A., ... & Papierok, B. (2015). Occurrence of pathogens in populations of Ips typographus, Ips sexdentatus (Coleoptera, Curculionidae, Scolytinae) and Hylobius spp.(Coleoptera, Curculionidae, Curculioninae) from Austria, Poland and France. Acta Protozoologica, 54(3).",https://psjd.icm.edu.pl/psjd/element/bwmeta1.element.ojs-issn-1689-0027-year-2015-volume-54-issue-3-article-4248,full text
3cd970ea-0cac-81c3-a721-c8de76a5efa6,924,Ips typographus,3cd970ea-0cac-81e7-bd37-c7209a5601d7,Metschnikowia cf. typographi,Fungi,,,pathogen; occurrence survey,morphological,,,Austria,2015,"Wegensteiner et al., 2015","Wegensteiner, R., Tkaczuk, C., Bałazy, S., Griesser, S., Rouffaud, M. A., Stradner, A., ... & Papierok, B. (2015). Occurrence of pathogens in populations of Ips typographus, Ips sexdentatus (Coleoptera, Curculionidae, Scolytinae) and Hylobius spp.(Coleoptera, Curculionidae, Curculioninae) from Austria, Poland and France. Acta Protozoologica, 54(3).",https://psjd.icm.edu.pl/psjd/element/bwmeta1.element.ojs-issn-1689-0027-year-2015-volume-54-issue-3-article-4248,full text
3cd970ea-0cac-811c-8bf8-c35b4051e733,925,Ips typographus,3cd970ea-0cac-81e7-bd37-c7209a5601d7,Metschnikowia cf. typographi,Fungi,,,pathogen; occurrence survey,morphological,,,France,2015,"Wegensteiner et al., 2015","Wegensteiner, R., Tkaczuk, C., Bałazy, S., Griesser, S., Rouffaud, M. A., Stradner, A., ... & Papierok, B. (2015). Occurrence of pathogens in populations of Ips typographus, Ips sexdentatus (Coleoptera, Curculionidae, Scolytinae) and Hylobius spp.(Coleoptera, Curculionidae, Curculioninae) from Austria, Poland and France. Acta Protozoologica, 54(3).",https://psjd.icm.edu.pl/psjd/element/bwmeta1.element.ojs-issn-1689-0027-year-2015-volume-54-issue-3-article-4248,full text
3cd970ea-0cac-8112-acba-c199f420138c,926,Trypodendron laeve,3cd970ea-0cac-81cd-8a34-df358113d159,Nematodes,Nematode,,,parasite; association report,,,,Czech Republic,2016,"Wegensteiner et al., 2016","Wegensteiner, R., Lukášová, K., Vanická, H., Zimová, S., Kacprzyk, M., & Holuša, J. (2016). Extremely low infection levels of pathogens and nematodes in Trypodendron spp.(Coleoptera: Curculionidae). Central European Forestry Journal, 62(4), 202-206.",https://reference-global.com/download/article/10.1515/forj-2016-0025.pdf,full text
3cd970ea-0cac-812b-a6cc-f42c19938a49,927,Trypodendron domesticum,3cd970ea-0cac-8190-8717-c8fec4caa117,Nematodes,Nematode,,,parasite; association report,,,,Poland,2016,"Wegensteiner et al., 2016","Wegensteiner, R., Lukášová, K., Vanická, H., Zimová, S., Kacprzyk, M., & Holuša, J. (2016). Extremely low infection levels of pathogens and nematodes in Trypodendron spp.(Coleoptera: Curculionidae). Central European Forestry Journal, 62(4), 202-206.",https://reference-global.com/download/article/10.1515/forj-2016-0025.pdf,full text
3cd970ea-0cac-81f8-b8eb-cfe0b5c06a05,928,Trypodendron lineatum,3cd970ea-0cac-81f6-9fae-dff5cefc9112,Nematodes,Nematode,,,parasite; association report,,,,Czech Republic,2016,"Wegensteiner et al., 2016","Wegensteiner, R., Lukášová, K., Vanická, H., Zimová, S., Kacprzyk, M., & Holuša, J. (2016). Extremely low infection levels of pathogens and nematodes in Trypodendron spp.(Coleoptera: Curculionidae). Central European Forestry Journal, 62(4), 202-206.",https://reference-global.com/download/article/10.1515/forj-2016-0025.pdf,full text
3cd970ea-0cac-81ac-8951-d94df515791b,929,Trypodendron lineatum,3cd970ea-0cac-81f6-9fae-dff5cefc9112,Nematodes,Nematode,,,parasite; association report,,,,Poland,2016,"Wegensteiner et al., 2016","Wegensteiner, R., Lukášová, K., Vanická, H., Zimová, S., Kacprzyk, M., & Holuša, J. (2016). Extremely low infection levels of pathogens and nematodes in Trypodendron spp.(Coleoptera: Curculionidae). Central European Forestry Journal, 62(4), 202-206.",https://reference-global.com/download/article/10.1515/forj-2016-0025.pdf,full text
3cd970ea-0cac-81ef-b396-cad683e3445b,930,Trypodendron lineatum,3cd970ea-0cac-81f6-9fae-dff5cefc9112,Chytridiopsis sp.,Microsporidia,,,parasite; association report,,,,Austria,2016,"Wegensteiner et al., 2016","Wegensteiner, R., Lukášová, K., Vanická, H., Zimová, S., Kacprzyk, M., & Holuša, J. (2016). Extremely low infection levels of pathogens and nematodes in Trypodendron spp.(Coleoptera: Curculionidae). Central European Forestry Journal, 62(4), 202-206.",https://reference-global.com/download/article/10.1515/forj-2016-0025.pdf,full text
3cd970ea-0cac-81de-b227-cb71015c29b2,931,Trypodendron lineatum,3cd970ea-0cac-81f6-9fae-dff5cefc9112,Gregarina sp.,Protist,,,parasite; association report,,,,Austria,2016,"Wegensteiner et al., 2016","Wegensteiner, R., Lukášová, K., Vanická, H., Zimová, S., Kacprzyk, M., & Holuša, J. (2016). Extremely low infection levels of pathogens and nematodes in Trypodendron spp.(Coleoptera: Curculionidae). Central European Forestry Journal, 62(4), 202-206.",https://reference-global.com/download/article/10.1515/forj-2016-0025.pdf,full text
3cd970ea-0cac-81b7-b490-cbcd1f36ad1c,932,Ips typographus,3cd970ea-0cac-81e7-bd37-c7209a5601d7,Beauveria,Fungi,,,,,,,,1992,"Wegensteiner, 1992","Wegensteiner R. 1992. Untersuchungen zur Wirkung von Beauveria-Arten auf Ips typographus (Coleoptera, Scolytidae). Mitteilungen der Deutschen Gesellschaft für allgemeine und angewandte Entomologie 8, 104-06.",,non full text
3cd970ea-0cac-81f3-9eef-edbab32ccbb8,933,Ips typographus,3cd970ea-0cac-81e7-bd37-c7209a5601d7,Chytridiopsis typographi,Microsporidia,,,,,,,Austria,1994,"Wegensteiner, 1994","Wegensteiner R. 1994. Chytridiopsis typographi (Protozoa, Microsporidia) and other pathogens in Ips typographus (Coleoptera, Scolytidae). IOBC/wprs Bulletin Vol. 17 (3), 39-42.",https://www.cabidigitallibrary.org/doi/full/10.5555/19951105736,only English abstract
3cd970ea-0cac-81d4-9fc2-eb649759142f,934,Ips typographus,3cd970ea-0cac-81e7-bd37-c7209a5601d7,Gregarina spp.,Protist,,,,,,,Austria,1994,"Wegensteiner, 1994","Wegensteiner R. 1994. Chytridiopsis typographi (Protozoa, Microsporidia) and other pathogens in Ips typographus (Coleoptera, Scolytidae). IOBC/wprs Bulletin Vol. 17 (3), 39-42.",https://www.cabidigitallibrary.org/doi/full/10.5555/19951105736,only English abstract
3cd970ea-0cac-81c2-bcf6-c49e1d5e88e0,935,Ips typographus,3cd970ea-0cac-81e7-bd37-c7209a5601d7,Beauveria bassiana,Fungi,,,,,pathogenicity test,laboratory,,1996,"Wegensteiner, 1996","Wegensteiner R. 1996. Laboratory evaluation of Beauveria bassiana (Bals.) Vuill. against Ips typographus (Coleoptera, Scolytidae). IOBC/wprs -Bulletin 19 (9), 186-89.",https://www.cabidigitallibrary.org/doi/full/10.5555/19971108647,only English abstract
3cd970ea-0cac-8129-bc39-c375af4a4245,936,Polygraphus poligraphus,3cd970ea-0cac-8198-96bc-d4687d039075,Beauveria bassiana,Fungi,,,,,pathogenicity test,laboratory,,2000,"Wegensteiner, 2000","Wegensteiner, R., 2000. Laboratory evaluation of Beauveria bassiana (Bals.) Vuill. and Beauveria brongniartii (Sacc.) Petch against the four eyed spruce bark beetle, Polygraphus poligraphus (L.) (Coleopetra, Scolytidae). IOBC/wprs Bull 23, 161–166.",https://www.cabidigitallibrary.org/doi/full/10.5555/20013072653,only English abstract
3cd970ea-0cac-819c-bec7-eac5a8bf1466,937,Polygraphus poligraphus,3cd970ea-0cac-8198-96bc-d4687d039075,Beauveria brongniartii,Fungi,,,,,pathogenicity test,laboratory,,2000,"Wegensteiner, 2000","Wegensteiner, R., 2000. Laboratory evaluation of Beauveria bassiana (Bals.) Vuill. and Beauveria brongniartii (Sacc.) Petch against the four eyed spruce bark beetle, Polygraphus poligraphus (L.) (Coleopetra, Scolytidae). IOBC/wprs Bull 23, 161–166.",https://www.cabidigitallibrary.org/doi/full/10.5555/20013072653,only English abstract
3cd970ea-0cac-8199-aeb4-ffb09d5bd457,938,Ips typographus,3cd970ea-0cac-81e7-bd37-c7209a5601d7,Entomopoxvirus group A,Virus,,midgut,,,,,,1994,"Weiser and Wegensteiner, 1994","Weiser, J., Wegensteiner, R., 1994. A new entomopoxvirus in the bark beetle Ips typographus (Coleoptera, Scolytidae) in Czechoslovakia. Z. Angew. Zool. 80, 425–434.",https://www.cabidigitallibrary.org/doi/full/10.5555/19961104514,only English abstract
3cd970ea-0cac-813b-b3b5-dd6914aaad99,939,Pityokteines spinidens,3cd970ea-0cac-8193-91d3-d4f783a52218,Canningia spinidentis,Microsporidia,evaluation of pathogen from beetles,,,,,,Austria,1995,"Weiser et al., 1995","Weiser, J., Wegensteiner, R.,Zizka, Z., 1995. Canningia spinidentis gen. et sp.n. (Protista: Microspora), a new pathogen of the fir bark beetle Pityokteines spinidens. Folia Parasit 42, 1–10.",https://www.researchgate.net/profile/Zdenek-Zizka-4/publication/286002304_Canningia_spinidentis_gen_et_sp_n_Protista_Microspora_a_new_pathogen_of_the_fir_bark_beetle_Pityokteines_spinidens/links/5f96c91f299bf1b53e45f95e/Canningia-spinidentis-gen-et-sp-n-Protista-Microspora-a-new-pathogen-of-the-fir-bark-beetle-Pityokteines-spinidens.pdf,full text
3cd970ea-0cac-81d4-91be-ff8981277a07,940,Ips typographus,3cd970ea-0cac-81e7-bd37-c7209a5601d7,Nosema typographi,Microsporidia,,,,,,,,1997,"Weiser et al., 1997","Weiser, J., Wegensteiner, R., & Žižka, Z. (1997). Ultrastructures of Nosema typographi Weiser 1955 (Microspora: Nosematidae) of the Bark Beetle Ips typographusL.(Coleoptera; Scolytidae). Journal of invertebrate pathology, 70(2), 156-160.",https://doi.org/10.1006/jipa.1997.4677,full text
3cd970ea-0cac-8173-8ea3-edd8a3eba603,941,Ips typographus,3cd970ea-0cac-81e7-bd37-c7209a5601d7,Unikaryon montanum,Protist,,,,,,,,1998,"Weiser et al., 1998","Weiser, J., Wegensteiner, R., & Žižka, Z. (1998). Unikaryon montanum sp. n.(Protista: Microspora), a new pathogen of the spruce bark beetle, Ips typographus (Coleoptera: Scolytidae). Folia Parasitologica, 45(3), 191-195.",https://folia.paru.cas.cz/pdfs/fol/1998/03/02.pdf,full text
3cd970ea-0cac-81a3-b030-f966b31137da,942,Polygraphus poligraphus,3cd970ea-0cac-8198-96bc-d4687d039075,Unikaryon polygraphi,Microsporidia,,,,,pathogenicity test,,Austria,2002,"Weiser et al., 2002","Weiser, J., Händel, U., Wegensteiner, R., & Zizka, Z. (2002). Unikaryon polygraphi sp. n.(Protista, Microspora): a new pathogen of the four‐eyed spruce bark beetle Polygraphus poligraphus (Col., Scolytidae). Journal of Applied Entomology, 126(2‐3), 148-154.",https://doi.org/10.1046/j.1439-0418.2002.00617.x,full text
3cd970ea-0cac-815e-ada4-fdb20e8f24ac,943,Ips typographus,3cd970ea-0cac-81e7-bd37-c7209a5601d7,Metschnikowia typographi,Fungi,evaluation of pathogen from beetles,,occurrence survey,morphological,,,Finland,2003,"Weiser et al., 2003","Weiser, J., Wegensteiner, R., Händel, U., & Žižka, Z. (2003). Infections with the ascomycete fungus Metschnikowia typographi sp. nov. in the bark beetles Ips typographus and Ips amitinus (Coleoptera, Scolytidae). Folia microbiologica, 48(5), 611-618.",https://doi.org/10.1007/BF02993467,full text
3cd970ea-0cac-8195-9bae-c16519fd8c43,944,Ips amitinus,3cd970ea-0cac-815a-a757-ffcc6a0735b5,Metschnikowia typographi,Fungi,evaluation of pathogen from beetles,,occurrence survey,morphological,,,Finland,2003,"Weiser et al., 2003","Weiser, J., Wegensteiner, R., Händel, U., & Žižka, Z. (2003). Infections with the ascomycete fungus Metschnikowia typographi sp. nov. in the bark beetles Ips typographus and Ips amitinus (Coleoptera, Scolytidae). Folia microbiologica, 48(5), 611-618.",https://doi.org/10.1007/BF02993467,full text
3cd970ea-0cac-810a-a59b-e2c143ea771b,945,Ips typographus,3cd970ea-0cac-81e7-bd37-c7209a5601d7,Metschnikowia typographi,Fungi,evaluation of pathogen from beetles,,occurrence survey,morphological,,,Austria,2003,"Weiser et al., 2003","Weiser, J., Wegensteiner, R., Händel, U., & Žižka, Z. (2003). Infections with the ascomycete fungus Metschnikowia typographi sp. nov. in the bark beetles Ips typographus and Ips amitinus (Coleoptera, Scolytidae). Folia microbiologica, 48(5), 611-618.",https://doi.org/10.1007/BF02993467,full text
3cd970ea-0cac-8146-af0e-c1a338d23f91,946,Ips amitinus,3cd970ea-0cac-815a-a757-ffcc6a0735b5,Metschnikowia typographi,Fungi,evaluation of pathogen from beetles,,occurrence survey,morphological,,,Austria,2003,"Weiser et al., 2003","Weiser, J., Wegensteiner, R., Händel, U., & Žižka, Z. (2003). Infections with the ascomycete fungus Metschnikowia typographi sp. nov. in the bark beetles Ips typographus and Ips amitinus (Coleoptera, Scolytidae). Folia microbiologica, 48(5), 611-618.",https://doi.org/10.1007/BF02993467,full text
3cd970ea-0cac-816b-a39d-d1263d69d6b7,947,Ips typographus,3cd970ea-0cac-81e7-bd37-c7209a5601d7,Metschnikowia sp.,Fungi,evaluation of pathogen from beetles,,occurrence survey,morphological,,,,2003,"Weiser et al., 2003","Weiser, J., Wegensteiner, R., Händel, U., & Žižka, Z. (2003). Infections with the ascomycete fungus Metschnikowia typographi sp. nov. in the bark beetles Ips typographus and Ips amitinus (Coleoptera, Scolytidae). Folia microbiologica, 48(5), 611-618.",https://doi.org/10.1007/BF02993467,full text
3cd970ea-0cac-8120-b476-f4ff6816aefa,948,Ips amitinus,3cd970ea-0cac-815a-a757-ffcc6a0735b5,Metschnikowia sp.,Fungi,evaluation of pathogen from beetles,,occurrence survey,morphological,,,,2003,"Weiser et al., 2003","Weiser, J., Wegensteiner, R., Händel, U., & Žižka, Z. (2003). Infections with the ascomycete fungus Metschnikowia typographi sp. nov. in the bark beetles Ips typographus and Ips amitinus (Coleoptera, Scolytidae). Folia microbiologica, 48(5), 611-618.",https://doi.org/10.1007/BF02993467,full text
3cd970ea-0cac-817d-aad0-e7e4fa09cf29,949,Ips typographus,3cd970ea-0cac-81e7-bd37-c7209a5601d7,Contortylenchus dispar,Nematode,evaluation of pathogen from beetles,,occurrence survey,,,,Czech Republic,2006,"Weiser et al., 2006","Weiser, J., Holuša, J., & Žižka, Z. (2006). Larssoniella duplicati n. sp.(Microsporidia, Unikaryonidae), a newly described pathogen infecting the double-spined spruce bark beetle, Ips duplicatus (Coleoptera, Scolytidae) in the Czech Republic. Journal of Pest Science, 79(3), 127-135.",https://doi.org/10.1007/s10340-006-0124-y,full text
3cd970ea-0cac-8117-9975-f0978d497409,950,Ips typographus,3cd970ea-0cac-81e7-bd37-c7209a5601d7,Polymorphotylenchus typographi,Nematode,evaluation of pathogen from beetles,,occurrence survey,,,,Czech Republic,2006,"Weiser et al., 2006","Weiser, J., Holuša, J., & Žižka, Z. (2006). Larssoniella duplicati n. sp.(Microsporidia, Unikaryonidae), a newly described pathogen infecting the double-spined spruce bark beetle, Ips duplicatus (Coleoptera, Scolytidae) in the Czech Republic. Journal of Pest Science, 79(3), 127-135.",https://doi.org/10.1007/s10340-006-0124-y,full text
3cd970ea-0cac-818f-b4f2-c6d559a73e34,951,Ips typographus,3cd970ea-0cac-81e7-bd37-c7209a5601d7,Chytridiopsis typographi,Microsporidia,evaluation of pathogen from beetles,,occurrence survey,,,,Czech Republic,2006,"Weiser et al., 2006","Weiser, J., Holuša, J., & Žižka, Z. (2006). Larssoniella duplicati n. sp.(Microsporidia, Unikaryonidae), a newly described pathogen infecting the double-spined spruce bark beetle, Ips duplicatus (Coleoptera, Scolytidae) in the Czech Republic. Journal of Pest Science, 79(3), 127-135.",https://doi.org/10.1007/s10340-006-0124-y,full text
3cd970ea-0cac-81b4-9de1-f3a6bc990cbb,952,Ips typographus,3cd970ea-0cac-81e7-bd37-c7209a5601d7,Nosema typographi,Microsporidia,evaluation of pathogen from beetles,,occurrence survey,,,,Czech Republic,2006,"Weiser et al., 2006","Weiser, J., Holuša, J., & Žižka, Z. (2006). Larssoniella duplicati n. sp.(Microsporidia, Unikaryonidae), a newly described pathogen infecting the double-spined spruce bark beetle, Ips duplicatus (Coleoptera, Scolytidae) in the Czech Republic. Journal of Pest Science, 79(3), 127-135.",https://doi.org/10.1007/s10340-006-0124-y,full text
3cd970ea-0cac-81d9-91f5-cc58d5c0a3eb,953,Ips typographus,3cd970ea-0cac-81e7-bd37-c7209a5601d7,Gregarina typographi,Protist,evaluation of pathogen from beetles,,occurrence survey,,,,Czech Republic,2006,"Weiser et al., 2006","Weiser, J., Holuša, J., & Žižka, Z. (2006). Larssoniella duplicati n. sp.(Microsporidia, Unikaryonidae), a newly described pathogen infecting the double-spined spruce bark beetle, Ips duplicatus (Coleoptera, Scolytidae) in the Czech Republic. Journal of Pest Science, 79(3), 127-135.",https://doi.org/10.1007/s10340-006-0124-y,full text
3cd970ea-0cac-8131-b0b6-ee597647669b,954,Ips duplicatus,3cd970ea-0cac-8141-8c9c-eda2a1055c4c,Larssoniella duplicati,Protist,evaluation of pathogen from beetles,,occurrence survey,,,,Czech Republic,2006,"Weiser et al., 2006","Weiser, J., Holuša, J., & Žižka, Z. (2006). Larssoniella duplicati n. sp.(Microsporidia, Unikaryonidae), a newly described pathogen infecting the double-spined spruce bark beetle, Ips duplicatus (Coleoptera, Scolytidae) in the Czech Republic. Journal of Pest Science, 79(3), 127-135.",https://doi.org/10.1007/s10340-006-0124-y,full text
3cd970ea-0cac-816c-b6a2-f601f92ac40a,955,Ips duplicatus,3cd970ea-0cac-8141-8c9c-eda2a1055c4c,Chytridiopsis typographi,Microsporidia,evaluation of pathogen from beetles,,occurrence survey,,,,Czech Republic,2006,"Weiser et al., 2006","Weiser, J., Holuša, J., & Žižka, Z. (2006). Larssoniella duplicati n. sp.(Microsporidia, Unikaryonidae), a newly described pathogen infecting the double-spined spruce bark beetle, Ips duplicatus (Coleoptera, Scolytidae) in the Czech Republic. Journal of Pest Science, 79(3), 127-135.",https://doi.org/10.1007/s10340-006-0124-y,full text
3cd970ea-0cac-81eb-b611-c27ebfdab867,956,Ips duplicatus,3cd970ea-0cac-8141-8c9c-eda2a1055c4c,Gregarina typographi,Protist,evaluation of pathogen from beetles,,occurrence survey,,,,Czech Republic,2006,"Weiser et al., 2006","Weiser, J., Holuša, J., & Žižka, Z. (2006). Larssoniella duplicati n. sp.(Microsporidia, Unikaryonidae), a newly described pathogen infecting the double-spined spruce bark beetle, Ips duplicatus (Coleoptera, Scolytidae) in the Czech Republic. Journal of Pest Science, 79(3), 127-135.",https://doi.org/10.1007/s10340-006-0124-y,full text
3cd970ea-0cac-81fa-ae1e-dff1f389bb19,957,Ips duplicatus,3cd970ea-0cac-8141-8c9c-eda2a1055c4c,Contortylenchus amitini,Nematode,evaluation of pathogen from beetles,,occurrence survey,,,,Czech Republic,2006,"Weiser et al., 2006","Weiser, J., Holuša, J., & Žižka, Z. (2006). Larssoniella duplicati n. sp.(Microsporidia, Unikaryonidae), a newly described pathogen infecting the double-spined spruce bark beetle, Ips duplicatus (Coleoptera, Scolytidae) in the Czech Republic. Journal of Pest Science, 79(3), 127-135.",https://doi.org/10.1007/s10340-006-0124-y,full text
3cd970ea-0cac-81e7-9f42-e46e44b8b464,958,Ips typographus,3cd970ea-0cac-81e7-bd37-c7209a5601d7,Chytridiopsis typographi,Microsporidia,,,,,,,Czech Republic; Slovakia,1954,"Weiser, 1954","Weiser, J. (1954). Beitrag zur Kenntnis der Parasiten des Borkenkäfers Ips typographus I. Věstník Československé Společnosti Zoologické, 18, 179-212.",,non full text
3cd970ea-0cac-8141-904b-eaec490c36b6,959,Ips typographus,3cd970ea-0cac-81e7-bd37-c7209a5601d7,Nosema typographi,Microsporidia,,fat body,,,,,,1955,"Weiser, 1955","Weiser, J. (1955). Beitrag zur Kenntnis der Parasiten des Borkenkäfers Ips typographus II. Věstník Československé Společnosti Zoologické, 19, 374-380.",,non full text
3cd970ea-0cac-815c-8bf8-c58ba6e2beab,960,Pityokteines curvidens,3cd970ea-0cac-81f8-9105-d2ffa788e0b5,Nosema curvidentis,Microsporidia,,fat body,,,,,Slovakia,1961,"Weiser, 1961","Weiser, J. (1961). A new microsporidian from the bark beetle Pityokteines curvidens Germar (Coleoptera, Scolytidae) in Czechoslovakia.",https://www.cabidigitallibrary.org/doi/full/10.5555/19610602425,only English abstract
3cd970ea-0cac-8105-b25d-da0cf69b4f29,961,Scolytus scolytus,3cd970ea-0cac-818b-a96b-ee29650d93b8,Pleistophora scolyti,Microsporidia,evaluation of pathogen from beetles,,,,,,Slovakia,1968,"Weiser, 1968","Weiser, J., 1968. Plistophora scolyti sp.n. (Protozoa, Microsporidia) a new parasite of Scolytus scolytus F. (Col., Scolytidae). Folia Parasitol. 15, 11–14.",https://folia.paru.cas.cz/pdfs/fol/1968/01/02.pdf,full text
3cd970ea-0cac-81ba-a85f-f26015716a2a,962,Dendroctonus pseudotsugae,3cd970ea-0cac-818b-8879-fe03575b52dd,Nosema dendroctoni,Microsporidia,evaluation of pathogen from beetles,malpighian tubules; fat body,,,,,Canada,1970,"Weiser, 1970","Weiser, J. (1970). Three new pathogens of the Douglas fir beetle, Dendroctonus pseudotsugae: Nosema dendroctoni n. sp., Ophryocystic dendroctoni n. sp., and Chytridiopsis typographi n. comb. Journal of Invertebrate Pathology, 16(3), 436-441.",https://doi.org/10.1016/0022-2011(70)90164-3,full text
3cd970ea-0cac-8189-a286-ff53b4e3cfc8,963,Dendroctonus pseudotsugae,3cd970ea-0cac-818b-8879-fe03575b52dd,Ophryocystis dendroctoni,Microsporidia,evaluation of pathogen from beetles,malpighian tubules,,,,,Canada,1970,"Weiser, 1970","Weiser, J. (1970). Three new pathogens of the Douglas fir beetle, Dendroctonus pseudotsugae: Nosema dendroctoni n. sp., Ophryocystic dendroctoni n. sp., and Chytridiopsis typographi n. comb. Journal of Invertebrate Pathology, 16(3), 436-441.",https://doi.org/10.1016/0022-2011(70)90164-3,full text
3cd970ea-0cac-81b2-840c-f1f004f67bf1,964,Dendroctonus pseudotsugae,3cd970ea-0cac-818b-8879-fe03575b52dd,Chytridiopsis typographi,Microsporidia,evaluation of pathogen from beetles,gut wall,,,,,Canada,1970,"Weiser, 1970","Weiser, J. (1970). Three new pathogens of the Douglas fir beetle, Dendroctonus pseudotsugae: Nosema dendroctoni n. sp., Ophryocystic dendroctoni n. sp., and Chytridiopsis typographi n. comb. Journal of Invertebrate Pathology, 16(3), 436-441.",https://doi.org/10.1016/0022-2011(70)90164-3,full text
3cd970ea-0cac-8128-a4f2-cabc94de0da1,965,Dendroctonus pseudotsugae,3cd970ea-0cac-818b-8879-fe03575b52dd,Beauveria bassiana,Fungi,evaluation of pathogen from beetles,,,,,,Canada,1970,"Weiser, 1970","Weiser, J. (1970). Three new pathogens of the Douglas fir beetle, Dendroctonus pseudotsugae: Nosema dendroctoni n. sp., Ophryocystic dendroctoni n. sp., and Chytridiopsis typographi n. comb. Journal of Invertebrate Pathology, 16(3), 436-441.",https://doi.org/10.1016/0022-2011(70)90164-3,full text
3cd970ea-0cac-8152-b11b-fd51c9411356,966,Dryocoetes confusus,3cd970ea-0cac-8181-aa46-cd00f7c990d9,Beauveria bassiana,Fungi,,,,,pathogenicity test,,Canada,1984,"Whitney et al., 1984","Whitney, H. S., Ritchie, D. C., Borden, J. H., & Stock, A. J. (1984). the fungus Beauveria bassiana (Deuteromycotina: Hyphomycetaceae) in the western balsam bark beetle, Dryocoetes confusus (Coleoptera: Scolytidae). The Canadian Entomologist, 116(10), 1419-1424.",https://doi.org/10.4039/Ent1161419-10,full text
3cd970ea-0cac-817f-a1ff-ec41cb91ce0a,967,Pityophthorus juglandis,3cd970ea-0cac-8111-9407-c5f2c0f947a5,Bursaphlenhus juglandis,Nematode,,,association report,,,,Russia,2023,"Williams and Ginzel, 2023","Williams, G. M., & Ginzel, M. D. (2023). Functional roles of nematodes associated with the walnut twig beetle and eastern black walnut in the inland northwest. Forest Pathology, 53(1), e12791.",https://doi.org/10.1111/efp.12791,full text
3cd970ea-0cac-81ba-9905-c449aab39821,968,Pityophthorus juglandis,3cd970ea-0cac-8111-9407-c5f2c0f947a5,Panagrolaimus sp.,Nematode,,,association report,,,,Russia,2023,"Williams and Ginzel, 2023","Williams, G. M., & Ginzel, M. D. (2023). Functional roles of nematodes associated with the walnut twig beetle and eastern black walnut in the inland northwest. Forest Pathology, 53(1), e12791.",https://doi.org/10.1111/efp.12791,full text
3cd970ea-0cac-81e9-bed3-eaa83df6db89,969,Pityophthorus juglandis,3cd970ea-0cac-8111-9407-c5f2c0f947a5,Panagrolaimus multidentatus,Nematode,,,association report,,,,Russia,2023,"Williams and Ginzel, 2023","Williams, G. M., & Ginzel, M. D. (2023). Functional roles of nematodes associated with the walnut twig beetle and eastern black walnut in the inland northwest. Forest Pathology, 53(1), e12791.",https://doi.org/10.1111/efp.12791,full text
3cd970ea-0cac-81c8-965c-e1bac1ff4447,970,Ips confusus,3cd970ea-0cac-81dc-bbc7-ee2c469f8ddf,Serratia marcescens,Bacteria,,,,,,,,1961,Wood 1961,"Wood, D. L. (1961). The occurrence of Serratia marcescens Bizio in laboratory populations of Ips confusus (Leconte)(Coleoptera, Scolytidae).",https://www.cabidigitallibrary.org/doi/full/10.5555/19620500742,only English abstract
3cd970ea-0cac-8151-b53d-c59fe8548b5b,971,Xyleborus aquilus,3cd970ea-0cac-8154-8dbb-c853d52748a8,Metarhizium anisopliae,Fungi,isolated from longhorned beetle,,,,virulence test,,China,2010,"Wu et al., 2010",Virulence of Metarhizium anisopliae to Xyleborus aquilus Blendford in laboratory,绿僵菌对橡胶树材小蠹的毒力测定,full text
3cd970ea-0cac-8109-bbca-fbc3bdde7e91,972,Tomicus piniperda,3cd970ea-0cac-8130-bbd3-e29afac9abf6,Metarhizium anisopliae,Fungi,"two strains were isolated from Tomucus, one from Scarabaeidae",,,,pathogenicity test; three strains,,China,2007,"Xiao et al., 2007",Pathogenicity of Metaarhizium anisopliae Strains against Blastophagum spp.,绿僵菌对云南松切梢小蠹的致病性,full text
3cd970ea-0cac-8108-bdd2-e3744bd8d4c0,973,Tomicus minor,3cd970ea-0cac-8166-a655-c3abab767baf,Metarhizium anisopliae,Fungi,"two strains were isolated from Tomucus, one from Scarabaeidae",,,,pathogenicity test; three strains,,China,2007,"Xiao et al., 2007",Pathogenicity of Metaarhizium anisopliae Strains against Blastophagum spp.,绿僵菌对云南松切梢小蠹的致病性,full text
3cd970ea-0cac-8156-b46b-e86b0cca7b58,974,Dendroctonus valens,3cd970ea-0cac-815f-8d62-ff317aff923c,Beauveria bassiana,Fungi,culture collection,,,,pathogenicity test,,China,2018,"Xu et al., 2018","Xu, L., Zhang, Y., Zhang, S., Deng, J., Lu, M., Zhang, L., & Zhang, J. (2018). Comparative analysis of the immune system of an invasive bark beetle, Dendroctonus valens, infected by an entomopathogenic fungus. Developmental & Comparative Immunology, 88, 65-69.",https://doi.org/10.1016/j.dci.2018.07.002,full text
3cd970ea-0cac-81d1-8646-cce8d7ab9fb9,975,Dendroctonus valens,3cd970ea-0cac-815f-8d62-ff317aff923c,Beauveria bassiana,Fungi,culture collection,,,,pathogenicity test,,China,2019,"Xu et al., 2019","Xu, L., Deng, J., Zhou, F., Cheng, C., Zhang, L., Zhang, J., & Lu, M. (2019). Gut microbiota in an invasive bark beetle infected by a pathogenic fungus accelerates beetle mortality. Journal of Pest Science, 92(1), 343-351.",https://doi.org/10.1007/s10340-018-0999-4,full text
3cd970ea-0cac-8170-9e39-d89021d9f8e8,976,Scolytidae sp.,3cd970ea-0cac-8137-bbc3-c4b8caee0230,Beauveria bassiana,Fungi,culture collection,cuticular contact,pathogen,,virulence test,laboratory,China,2013,"Xue and Yang, 2013",Pathogenicity and Sustainable Control Ｒole of Beauveria bassiana on Bark Beetles,白僵菌对小蠹虫的致病力及持续控制作用的研究,full text
3cd970ea-0cac-8177-8822-c00cc0e41bd4,977,Ips typographus,3cd970ea-0cac-81e7-bd37-c7209a5601d7,Gregarina typographi,Protist,evaluation of pathogen from beetles,,,,,,Turkey,2010,"Yaman and Baki, 2010","Yaman, M., & Baki, H. (2010). The First Record of Gregarina typographi Fuchs.(Protista: Apicomplexa: Gregarinidae) from the European Spruce Bark Beetle, Ips typographus (Linnaeus)(Coleoptera: Curculionidae: Scoltinae) in Turkey. Turkish journal of Parasitology, 34(4), 179-82.",https://turkiyeparazitolderg.org/pdf/c1dc3a38-51db-436b-af33-1bc7522029b3/articles/tpd.2010.08/TPD-34-179-En.pdf,full text
3cd970ea-0cac-8163-9512-d15ae7067228,978,Ips typographus,3cd970ea-0cac-81e7-bd37-c7209a5601d7,ItEPV,Virus,,,association report,,,,Turkey,2011,"Yaman and Baki, 2011","Yaman, M., & Baki, H. (2011). First Record of Entomopoxvirus of Ips typographus (Linnaeus)(Coleoptera: Curculionidae, Scolytinae) for Turkey. Acta zool. bulg, 63, 199-202.",https://acta-zoologica-bulgarica.eu/downloads/acta-zoologica-bulgarica/2011/63-2-199-202.pdf,full text
3cd970ea-0cac-816c-bbc9-cac61dad528e,979,Dendroctonus micans,3cd970ea-0cac-818b-bd09-d27467805361,Metschnikowia sp.,Fungi,,,occurrence survey,,,,Turkey,2008,"Yaman and Radek, 2008","Yaman, M., & Radek, R. (2008). Pathogens and parasites of adults of the great spruce bark beetle, Dendroctonus micans (Kugelann)(Coleoptera: Curculionidae, Scolytinae) from Turkey. Journal of Pest Science, 81(2), 91-97.",https://doi.org/10.1007/s10340-007-0190-9,full text
3cd970ea-0cac-81ec-8d1f-d49da90ca6c8,980,Dendroctonus micans,3cd970ea-0cac-818b-bd09-d27467805361,Mattesia sp.,Protist,,,occurrence survey,,,,Turkey,2008,"Yaman and Radek, 2008","Yaman, M., & Radek, R. (2008). Pathogens and parasites of adults of the great spruce bark beetle, Dendroctonus micans (Kugelann)(Coleoptera: Curculionidae, Scolytinae) from Turkey. Journal of Pest Science, 81(2), 91-97.",https://doi.org/10.1007/s10340-007-0190-9,full text
3cd970ea-0cac-81d9-b1aa-ca0119b71843,981,Dendroctonus micans,3cd970ea-0cac-818b-bd09-d27467805361,Nematode,Nematode,,,occurrence survey,,,,Turkey,2008,"Yaman and Radek, 2008","Yaman, M., & Radek, R. (2008). Pathogens and parasites of adults of the great spruce bark beetle, Dendroctonus micans (Kugelann)(Coleoptera: Curculionidae, Scolytinae) from Turkey. Journal of Pest Science, 81(2), 91-97.",https://doi.org/10.1007/s10340-007-0190-9,full text
3cd970ea-0cac-8119-97d2-ca83c60cfdd1,982,Dendroctonus micans,3cd970ea-0cac-818b-bd09-d27467805361,Menzbieria chalcographi,Protist,evaluation of pathogen from beetles,,,,,,Turkey,2012,"Yaman and Radek, 2012","Yaman, M., & Radek, R. (2012). Menzbieria chalcographi, a new neogregarine pathogen of the great spruce bark beetle, Dendroctonus micans (Kugelann)(Curculionidae, Scolytinae). Acta parasitologica, 57(3), 216-220.",https://doi.org/10.2478/s11686-012-0033-6,full text
3cd970ea-0cac-8120-8ffe-e589f1c36754,983,Dendroctonus micans,3cd970ea-0cac-818b-bd09-d27467805361,Mattesia weiseri,Protist,evaluation of pathogen from beetles,,,,,,Turkey,2015,"Yaman and Radek, 2015","Yaman, M., & Radek, R. (2015). Mattesia weiseri sp. nov., a new neogregarine (Apicomplexa: Lipotrophidae) pathogen of the great spruce bark beetle, Dendroctonus micans (Coleoptera: Curculionidae, Scolytinae). Parasitology research, 114(8), 2951-2958.",https://doi.org/10.1007/s00436-015-4497-9,full text
3cd970ea-0cac-8108-89c4-eac4b317c708,984,Dendroctonus micans,3cd970ea-0cac-818b-bd09-d27467805361,Bacillus pumilus,Bacteria,isolated from beetle,,,,pathogenicity test,,Turkey,2010,"Yaman et al., 2010a","Yaman, M., Ertürk, Ö. & Aslan, İ. (2010) Isolation of some pathogenic bacteria from the great spruce bark beetle, Dendroctonus micans and its specific predator, Rhizophagus grandis . Folia Microbiol 55, 35–38",https://doi.org/10.1007/s12223-010-0006-9,full text
3cd970ea-0cac-81d5-af8d-f634fdb5f7dd,985,Dendroctonus micans,3cd970ea-0cac-818b-bd09-d27467805361,Enterobacter intermedius,Bacteria,isolated from beetle,,,,pathogenicity test,,Turkey,2010,"Yaman et al., 2010a","Yaman, M., Ertürk, Ö. & Aslan, İ. (2010) Isolation of some pathogenic bacteria from the great spruce bark beetle, Dendroctonus micans and its specific predator, Rhizophagus grandis . Folia Microbiol 55, 35–38",https://doi.org/10.1007/s12223-010-0006-9,full text
3cd970ea-0cac-817b-b7e9-ccec3c95554f,986,Dendroctonus micans,3cd970ea-0cac-818b-bd09-d27467805361,Citrobacter freundii,Bacteria,isolated from beetle,,,,pathogenicity test,,Turkey,2010,"Yaman et al., 2010a","Yaman, M., Ertürk, Ö. & Aslan, İ. (2010) Isolation of some pathogenic bacteria from the great spruce bark beetle, Dendroctonus micans and its specific predator, Rhizophagus grandis . Folia Microbiol 55, 35–38",https://doi.org/10.1007/s12223-010-0006-9,full text
3cd970ea-0cac-8137-936c-d41755e416bd,987,Dendroctonus micans,3cd970ea-0cac-818b-bd09-d27467805361,Cellulomonas flavigena,Bacteria,isolated from beetle,,,,pathogenicity test,,Turkey,2010,"Yaman et al., 2010a","Yaman, M., Ertürk, Ö. & Aslan, İ. (2010) Isolation of some pathogenic bacteria from the great spruce bark beetle, Dendroctonus micans and its specific predator, Rhizophagus grandis . Folia Microbiol 55, 35–38",https://doi.org/10.1007/s12223-010-0006-9,full text
3cd970ea-0cac-8128-9949-d315104571bd,988,Dendroctonus micans,3cd970ea-0cac-818b-bd09-d27467805361,Microbacterium liquefaciens,Bacteria,isolated from beetle,,,,pathogenicity test,,Turkey,2010,"Yaman et al., 2010a","Yaman, M., Ertürk, Ö. & Aslan, İ. (2010) Isolation of some pathogenic bacteria from the great spruce bark beetle, Dendroctonus micans and its specific predator, Rhizophagus grandis . Folia Microbiol 55, 35–38",https://doi.org/10.1007/s12223-010-0006-9,full text
3cd970ea-0cac-8149-9b73-f68ca1717a09,989,Dendroctonus micans,3cd970ea-0cac-818b-bd09-d27467805361,Enterobacter amnigenus,Bacteria,isolated from beetle,,,,pathogenicity test,,Turkey,2010,"Yaman et al., 2010a","Yaman, M., Ertürk, Ö. & Aslan, İ. (2010) Isolation of some pathogenic bacteria from the great spruce bark beetle, Dendroctonus micans and its specific predator, Rhizophagus grandis . Folia Microbiol 55, 35–38",https://doi.org/10.1007/s12223-010-0006-9,full text
3cd970ea-0cac-8100-bc13-df4d312fff19,990,Ips acuminatus,3cd970ea-0cac-81e3-9078-eb847964ce01,Mattesia sp.,Protist,evaluation of pathogen from beetles,,,morphological,,,Turkey,2016,"Yaman et al., 2016","Yaman, M., Algi, G., Unal, S., & Guner, B. G. (2016). Survey of pathogens and parasites of the engraver beetle Ips acuminatus (Gyllenhal, 1827)(Coleoptera: Curculionidae: Scolytinae) in Turkey. Acta zoologica bulgarica, 68(1), 127-130.",https://www.acta-zoologica-bulgarica.eu/downloads/acta-zoologica-bulgarica/2016/68-1-127-130.pdf,full text
3cd970ea-0cac-8128-8b27-f4b88724cc74,991,Ips acuminatus,3cd970ea-0cac-81e3-9078-eb847964ce01,Chytridiopsis cf. typographi,Microsporidia,evaluation of pathogen from beetles,,,morphological,,,Turkey,2016,"Yaman et al., 2016","Yaman, M., Algi, G., Unal, S., & Guner, B. G. (2016). Survey of pathogens and parasites of the engraver beetle Ips acuminatus (Gyllenhal, 1827)(Coleoptera: Curculionidae: Scolytinae) in Turkey. Acta zoologica bulgarica, 68(1), 127-130.",https://www.acta-zoologica-bulgarica.eu/downloads/acta-zoologica-bulgarica/2016/68-1-127-130.pdf,full text
3cd970ea-0cac-8188-82a7-f32e3a2d314e,992,Ips sexdentatus,3cd970ea-0cac-81b2-b8a3-d4a7253b9941,Gregarina typographi,Protist,evaluation of pathogen from beetles,,,,,,Turkey,2007,"Yaman, 2007","Yaman, M. (2007). Gregarina typographi Fuchs, a gregarine pathogen of the six-toothed pine bark beetle, Ips sexdentatus (Boerner)(Coleoptera: Curculionidae, Scolytinae) in Turkey. Turkish Journal of Zoology, 31(4), 359-363.",https://journals.tubitak.gov.tr/cgi/viewcontent.cgi?article=2294&context=zoology,full text
3cd970ea-0cac-81b4-8352-e61c638d3fce,993,Ips sexdentatus,3cd970ea-0cac-81b2-b8a3-d4a7253b9941,Gregarina phyllotretae,Protist,evaluation of pathogen from beetles,,,,,,Turkey,2007,"Yaman, 2007","Yaman, M. (2007). Gregarina typographi Fuchs, a gregarine pathogen of the six-toothed pine bark beetle, Ips sexdentatus (Boerner)(Coleoptera: Curculionidae, Scolytinae) in Turkey. Turkish Journal of Zoology, 31(4), 359-363.",https://journals.tubitak.gov.tr/cgi/viewcontent.cgi?article=2294&context=zoology,full text
3cd970ea-0cac-819a-93bf-c71e6ab38774,994,Ips sexdentatus,3cd970ea-0cac-81b2-b8a3-d4a7253b9941,Gregarina sp.,Protist,evaluation of pathogen from beetles,,,,,,Turkey,2007,"Yaman, 2007","Yaman, M. (2007). Gregarina typographi Fuchs, a gregarine pathogen of the six-toothed pine bark beetle, Ips sexdentatus (Boerner)(Coleoptera: Curculionidae, Scolytinae) in Turkey. Turkish Journal of Zoology, 31(4), 359-363.",https://journals.tubitak.gov.tr/cgi/viewcontent.cgi?article=2294&context=zoology,full text
3cd970ea-0cac-81fa-85e4-d348f48bdbd7,995,Dendroctonus valens,3cd970ea-0cac-815f-8d62-ff317aff923c,Beauveria bassiana,Fungi,isolated from cadaver,,,morphological and molecular,,,China,2012,"Yao et al., 2012","Yao, J., Zhang, L., Chen, X., & Li, Z. (2012). A population survey of Beauveria bassiana in the microhabitat of the red turpentine beetle, Dendroctonus valens, in Chinese pine forests. Biocontrol Science and Technology, 22(11), 1254-1267.",https://doi.org/10.1080/09583157.2012.724382,full text
3cd970ea-0cac-8154-8928-f882e2cc6486,996,Scolytus amygdali,3cd970ea-0cac-817f-a71a-cfac7dcd9152,Aspergillus sp.,Fungi,isolated from cadaver,cuticular contact,,,virulence test,laboratory,,2014,"Zeiri et al., 2014","Zeiri, A., Ayberk, H., Mejda, D., & Braham, M. (2014). Pathogenic fungus against the almond bark beetle Scolytus amygdali Geurin-Meneville (Coleoptera: Curculionidae: Scolytinae): Aspergillus sp. Egyptian Journal of Biological Pest Control, 24(1), 71.",https://www.researchgate.net/profile/Hamit-Ayberk/publication/268075071_Pathogenic_Fungus_against_the_Almond_Bark_Beetle_Scolytus_amygdali_Geurin-Meneville_Coleoptera_Curculionidae_Scolytinae_Aspergillus_sp/links/54903a680cf214269f2662af/Pathogenic-Fungus-against-the-Almond-Bark-Beetle-Scolytus-amygdali-Geurin-Meneville-Coleoptera-Curculionidae-Scolytinae-Aspergillus-sp.pdf,full text
3cd970ea-0cac-817b-9633-da16e3b26380,997,Dendroctonus valens,3cd970ea-0cac-815f-8d62-ff317aff923c,Beauveria bassiana,Fungi,culture collection,cuticular contact,,,pathogenicity test,laboratory,China,2011,"Zhang et al., 2011","Zhang, L. W., Liu, Y. J., Yao, J., Wang, B., Huang, B., Li, Z. Z., ... & Sun, J. H. (2011). Evaluation of Beauveria bassiana (Hyphomycetes) isolates as potential agents for control of Dendroctonus valens. Insect Science, 18(2), 209-216.",https://doi.org/10.1111/j.1744-7917.2010.01361.x,full text
3cd970ea-0cac-811c-abec-d53c002589d7,998,Hylurgus ligniperda,3cd970ea-0cac-8168-b077-f1c598e6fefd,Beauveria bassiana,Fungi,isolated from cadaver,cuticular contact,pathogen,morphological and molecular,virulence test,laboratory,China,2024,"Zhang et al., 2024",Scanning electron microscopy and pathogenicity of Beauveria bassiana infection with Hylurgus ligniperda,球孢白僵菌侵染长林小蠹的致病性及侵染显微观察,full text
3cd970ea-0cac-81fe-aecc-cb0763b5265c,999,Scolytidae sp.,3cd970ea-0cac-8137-bbc3-c4b8caee0230,Metarhizium anisopliae,Fungi,commercial strain,,,,pathogenicity test,,China,2006,"Zhi et al., 2006",Efficacy test of Metarhizium anisopliae for controlling bark beetles on grapes,绿僵菌防治葡萄小蠹虫药效试,full text
3cd970ea-0cac-8181-b947-d6881e60dd83,1000,Ips duplicatus,3cd970ea-0cac-8141-8c9c-eda2a1055c4c,Larssoniella duplicati,Microsporidia,,,occurrence survey,,,,Sweden,2019,"Zimová et al., 2019","Zimová, S., Resnerová, K., Vanická, H., Horák, J., Trombik, J., Kacprzyk, M., ... & Holuša, J. (2019). Infection Levels of the Microsporidium Larssoniella duplicati in populations of the invasive bark beetle Ips Duplicatus: from native to new outbreak areas. Forests, 10(2), 131.",https://doi.org/10.3390/f10020131,full text
3cd970ea-0cac-816d-923d-ce8f43c3f8b4,1001,Ips duplicatus,3cd970ea-0cac-8141-8c9c-eda2a1055c4c,Larssoniella duplicati,Microsporidia,,,occurrence survey,,,,Poland,2019,"Zimová et al., 2019","Zimová, S., Resnerová, K., Vanická, H., Horák, J., Trombik, J., Kacprzyk, M., ... & Holuša, J. (2019). Infection Levels of the Microsporidium Larssoniella duplicati in populations of the invasive bark beetle Ips Duplicatus: from native to new outbreak areas. Forests, 10(2), 131.",https://doi.org/10.3390/f10020131,full text
3cd970ea-0cac-8159-a98a-e945b8bbd6e4,1002,Ips duplicatus,3cd970ea-0cac-8141-8c9c-eda2a1055c4c,Larssoniella duplicati,Microsporidia,,,occurrence survey,,,,Czech Republic,2019,"Zimová et al., 2019","Zimová, S., Resnerová, K., Vanická, H., Horák, J., Trombik, J., Kacprzyk, M., ... & Holuša, J. (2019). Infection Levels of the Microsporidium Larssoniella duplicati in populations of the invasive bark beetle Ips Duplicatus: from native to new outbreak areas. Forests, 10(2), 131.",https://doi.org/10.3390/f10020131,full text
3cd970ea-0cac-8195-b2b2-dba72df3d36a,1003,Ips duplicatus,3cd970ea-0cac-8141-8c9c-eda2a1055c4c,Larssoniella duplicati,Microsporidia,,,occurrence survey,,,,Romania,2019,"Zimová et al., 2019","Zimová, S., Resnerová, K., Vanická, H., Horák, J., Trombik, J., Kacprzyk, M., ... & Holuša, J. (2019). Infection Levels of the Microsporidium Larssoniella duplicati in populations of the invasive bark beetle Ips Duplicatus: from native to new outbreak areas. Forests, 10(2), 131.",https://doi.org/10.3390/f10020131,full text
3cd970ea-0cac-81dd-9102-e86a154bcd33,1004,Ips duplicatus,3cd970ea-0cac-8141-8c9c-eda2a1055c4c,Chytridiopsis typographi,Microsporidia,,,occurrence survey,,,,Sweden,2019,"Zimová et al., 2019","Zimová, S., Resnerová, K., Vanická, H., Horák, J., Trombik, J., Kacprzyk, M., ... & Holuša, J. (2019). Infection Levels of the Microsporidium Larssoniella duplicati in populations of the invasive bark beetle Ips Duplicatus: from native to new outbreak areas. Forests, 10(2), 131.",https://doi.org/10.3390/f10020131,full text
3cd970ea-0cac-8103-8b4e-f314fd3ec16f,1005,Ips duplicatus,3cd970ea-0cac-8141-8c9c-eda2a1055c4c,Chytridiopsis typographi,Microsporidia,,,occurrence survey,,,,Czech Republic,2019,"Zimová et al., 2019","Zimová, S., Resnerová, K., Vanická, H., Horák, J., Trombik, J., Kacprzyk, M., ... & Holuša, J. (2019). Infection Levels of the Microsporidium Larssoniella duplicati in populations of the invasive bark beetle Ips Duplicatus: from native to new outbreak areas. Forests, 10(2), 131.",https://doi.org/10.3390/f10020131,full text
3cd970ea-0cac-8144-a3c4-d49b92fdda77,1006,Ips duplicatus,3cd970ea-0cac-8141-8c9c-eda2a1055c4c,intestinal nematodes,Nematode,,,occurrence survey,,,,Sweden,2019,"Zimová et al., 2019","Zimová, S., Resnerová, K., Vanická, H., Horák, J., Trombik, J., Kacprzyk, M., ... & Holuša, J. (2019). Infection Levels of the Microsporidium Larssoniella duplicati in populations of the invasive bark beetle Ips Duplicatus: from native to new outbreak areas. Forests, 10(2), 131.",https://doi.org/10.3390/f10020131,full text
3cd970ea-0cac-81c2-8a29-c8fdcde5afe1,1007,Ips duplicatus,3cd970ea-0cac-8141-8c9c-eda2a1055c4c,intestinal nematodes,Nematode,,,occurrence survey,,,,Poland,2019,"Zimová et al., 2019","Zimová, S., Resnerová, K., Vanická, H., Horák, J., Trombik, J., Kacprzyk, M., ... & Holuša, J. (2019). Infection Levels of the Microsporidium Larssoniella duplicati in populations of the invasive bark beetle Ips Duplicatus: from native to new outbreak areas. Forests, 10(2), 131.",https://doi.org/10.3390/f10020131,full text
3cd970ea-0cac-8130-af30-e8392ca2cdfc,1008,Ips duplicatus,3cd970ea-0cac-8141-8c9c-eda2a1055c4c,intestinal nematodes,Nematode,,,occurrence survey,,,,Czech Republic,2019,"Zimová et al., 2019","Zimová, S., Resnerová, K., Vanická, H., Horák, J., Trombik, J., Kacprzyk, M., ... & Holuša, J. (2019). Infection Levels of the Microsporidium Larssoniella duplicati in populations of the invasive bark beetle Ips Duplicatus: from native to new outbreak areas. Forests, 10(2), 131.",https://doi.org/10.3390/f10020131,full text
3cd970ea-0cac-810e-a4a0-fb7767700739,1009,Ips duplicatus,3cd970ea-0cac-8141-8c9c-eda2a1055c4c,intestinal nematodes,Nematode,,,occurrence survey,,,,Romania,2019,"Zimová et al., 2019","Zimová, S., Resnerová, K., Vanická, H., Horák, J., Trombik, J., Kacprzyk, M., ... & Holuša, J. (2019). Infection Levels of the Microsporidium Larssoniella duplicati in populations of the invasive bark beetle Ips Duplicatus: from native to new outbreak areas. Forests, 10(2), 131.",https://doi.org/10.3390/f10020131,full text
3cd970ea-0cac-8167-8564-f10a0ba320a5,1010,Ips duplicatus,3cd970ea-0cac-8141-8c9c-eda2a1055c4c,hemolymph nematodes,Nematode,,,occurrence survey,,,,Sweden,2019,"Zimová et al., 2019","Zimová, S., Resnerová, K., Vanická, H., Horák, J., Trombik, J., Kacprzyk, M., ... & Holuša, J. (2019). Infection Levels of the Microsporidium Larssoniella duplicati in populations of the invasive bark beetle Ips Duplicatus: from native to new outbreak areas. Forests, 10(2), 131.",https://doi.org/10.3390/f10020131,full text
3cd970ea-0cac-81d8-92b3-db1bbcfec445,1011,Ips duplicatus,3cd970ea-0cac-8141-8c9c-eda2a1055c4c,hemolymph nematodes,Nematode,,,occurrence survey,,,,Poland,2019,"Zimová et al., 2019","Zimová, S., Resnerová, K., Vanická, H., Horák, J., Trombik, J., Kacprzyk, M., ... & Holuša, J. (2019). Infection Levels of the Microsporidium Larssoniella duplicati in populations of the invasive bark beetle Ips Duplicatus: from native to new outbreak areas. Forests, 10(2), 131.",https://doi.org/10.3390/f10020131,full text
3cd970ea-0cac-81b6-84e6-ccf89187d7a7,1012,Ips duplicatus,3cd970ea-0cac-8141-8c9c-eda2a1055c4c,hemolymph nematodes,Nematode,,,occurrence survey,,,,Czech Republic,2019,"Zimová et al., 2019","Zimová, S., Resnerová, K., Vanická, H., Horák, J., Trombik, J., Kacprzyk, M., ... & Holuša, J. (2019). Infection Levels of the Microsporidium Larssoniella duplicati in populations of the invasive bark beetle Ips Duplicatus: from native to new outbreak areas. Forests, 10(2), 131.",https://doi.org/10.3390/f10020131,full text
3cd970ea-0cac-815f-aed6-e5c1cc36b999,1013,Ips duplicatus,3cd970ea-0cac-8141-8c9c-eda2a1055c4c,hemolymph nematodes,Nematode,,,occurrence survey,,,,Romania,2019,"Zimová et al., 2019","Zimová, S., Resnerová, K., Vanická, H., Horák, J., Trombik, J., Kacprzyk, M., ... & Holuša, J. (2019). Infection Levels of the Microsporidium Larssoniella duplicati in populations of the invasive bark beetle Ips Duplicatus: from native to new outbreak areas. Forests, 10(2), 131.",https://doi.org/10.3390/f10020131,full text
3cd970ea-0cac-8100-a5f0-df89e97a1b43,1014,Ips typographus,3cd970ea-0cac-81e7-bd37-c7209a5601d7,Mattesia sp.,Protist,,,,,,,Germany,1997,"Žižka et al., 1997","Žižka, Z., Weiser, J., & Wegensteiner, R. (1997). Ultrastructures of oocysts of Mattesia sp. in Ips typographus. J Eukaryot Microbiol, 44(98), 26A.",https://www.researchgate.net/publication/350324738_Ultrastructures_of_oocysts_of_Mattesia_sp_in_Ips_typographus,full text
3cd970ea-0cac-8176-ba2b-c02e487b1b46,1015,Ips typographus,3cd970ea-0cac-81e7-bd37-c7209a5601d7,ItEPV,Virus,,,,,,,,2001,"Žižka et al., 2001","Žižka, Z., Weiser, J., & Wegensteiner, R. (2001). Ultrastructure of the Entomopoxvirus Ab in the bark beetle Ips typographus. In 3rd Conference on Cell Biology, Kopp Publ., České Budějovice (pp. 214-215).",,non full text
