Record Block ID,Records ID,Beetle Host,Beetle Host IDs,pathogens,categories,organism source,infection site,ecological relationship,identification method,validation type,experimental conditions,country or region,year,source,title,doi or full text,full text
3cd970ea-0cac-8145-9975-e84062ad6bdb,2,Scolytus ventralis,3cd970ea-0cac-8188-8580-c20e1d961821,Sulphuretylenchus elongatus,Nematode,field collected natural observation,cuticle integument,parasite,not stated,,field natural observation,United States,1970,"Ashraf and Berryman, 1970","Ashraf, M., Berryman, A.A., 1970. Biology of Sulphuretylenchus elongatus (Nematoda: Spaerulariidae) and its effect on its host Scolytus ventralis (Coleoptera: Scolytidae). Can. Entomol. 102, 197–213.",https://doi.org/10.4039/Ent102197-2,full text
3cd970ea-0cac-816f-bec0-e7706bc5fd12,3,Scolytus ventralis,3cd970ea-0cac-8188-8580-c20e1d961821,Sulphuretylenchus elongatus,Nematode,field collected natural observation,cuticle integument,parasite,not stated,,field natural observation,,1968,"Ashraf, 1968","Ashraf, M., 1968. Biological studies of Scolytus ventralis Le Conte (Coleoptera: Scolytidae) with particular reference to nematode parasite Sulphuretylenchus elongatus Massey. Ph.D. thesis, Washington State University, Pullman.",https://www.cabidigitallibrary.org/doi/full/10.5555/19690601073,only English abstract
3cd970ea-0cac-8187-acbd-c820ec6687bd,5,Dendroctonus frontalis,3cd970ea-0cac-81b5-b18d-f10167e662e3,Contortylenchus brevicomi,Nematode,samples from traps,,parasite,,,,United States,1979,"Atkinson and Wilkinson, 1979","Atkinson, T.H., Wilkinson, R.C., 1979. Microsporidian and nematode incidence in live-trapped and reared southern pine beetle adults. Fla. Entomol. 62, 169–175.",https://doi.org/10.2307/3494054,full text
3cd970ea-0cac-817d-9d10-f5810ee40d74,30,Ips acuminatus,3cd970ea-0cac-81e3-9078-eb847964ce01,Contortylenchus acuminati,Nematode,,,associate,,,,Poland,1987,"Balazy et al., 1987","Bałazy, S., Michalski, J., Ratajczak, E., 1987. Contribution to the knowledge of natural enemies of Ips acuminatus Gyll. (Coleoptera; Scolytidae). Polskie Pismo Entomologiczne 57, 735–745.",https://www.cabidigitallibrary.org/doi/full/10.5555/19901181403,only English abstract
3cd970ea-0cac-819f-bb8e-e93549b42800,88,Ips typographus,3cd970ea-0cac-81e7-bd37-c7209a5601d7,Contortylenchus diplogaster,Nematode,isolated from living or slowly moving beetle,"gut, on the surface of body, and under elytra",parasite,morphological,,,Georgia,2009,"Burjanadze and Goginashvili, 2009","Burjanadze, M., Goginashvili, N., 2009. Occurrence of pathogens and nematodes in the spruce bark beetle, Ips typographus (Col., Scolytidae) in Borjomi Gorge. Bull. Georgian Natl. Acad. Sci. 3, 145–150.",https://d1wqtxts1xzle7.cloudfront.net/80541653/Burjanadze-libre.pdf?1644445505=&response-content-disposition=inline%3B+filename%3DOccurrence_of_Pathogens_and_Nematodes_in.pdf&Expires=1784062403&Signature=cdSHDP6W-8t-Wv6V2fd80Dx7L2pnVZ3Cqzz4wgHLlQZKRYSoFucylQupqtbonH0~cQzLh39I~SqkkIkoyPm~YziOXlW2CE4SGqYV~1-AqjxokDVVEozqaNmqCNInsj1PzA9psQ6duraJCjXekSlphhJeXYhWYS2PjIEYIkTutlo26YTaAgxhwuol6t-wB1odyvoijdxdlljOItvNwMNYqzZZn8vRs4qQIgsHi9~3R1ueSnMFD8TqpMJiJCv2UfzwGYRHbgT5C87uW5ESTPfPOoieaUqP6AjcUPrCjEBOh-mZDiNpqoHlRCUZG8sm~kGAHI1gdoIZ91jVWKXzj7AScw__&Key-Pair-Id=APKAJLOHF5GGSLRBV4ZA,full text
3cd970ea-0cac-8138-ac45-ed070489d01a,89,Ips typographus,3cd970ea-0cac-81e7-bd37-c7209a5601d7,Parasitorhabditis sp.,Nematode,isolated from living or slowly moving beetle,"gut, on the surface of body, and under elytra",parasite,morphological,,,Georgia,2009,"Burjanadze and Goginashvili, 2009","Burjanadze, M., Goginashvili, N., 2009. Occurrence of pathogens and nematodes in the spruce bark beetle, Ips typographus (Col., Scolytidae) in Borjomi Gorge. Bull. Georgian Natl. Acad. Sci. 3, 145–150.",https://d1wqtxts1xzle7.cloudfront.net/80541653/Burjanadze-libre.pdf?1644445505=&response-content-disposition=inline%3B+filename%3DOccurrence_of_Pathogens_and_Nematodes_in.pdf&Expires=1784062403&Signature=cdSHDP6W-8t-Wv6V2fd80Dx7L2pnVZ3Cqzz4wgHLlQZKRYSoFucylQupqtbonH0~cQzLh39I~SqkkIkoyPm~YziOXlW2CE4SGqYV~1-AqjxokDVVEozqaNmqCNInsj1PzA9psQ6duraJCjXekSlphhJeXYhWYS2PjIEYIkTutlo26YTaAgxhwuol6t-wB1odyvoijdxdlljOItvNwMNYqzZZn8vRs4qQIgsHi9~3R1ueSnMFD8TqpMJiJCv2UfzwGYRHbgT5C87uW5ESTPfPOoieaUqP6AjcUPrCjEBOh-mZDiNpqoHlRCUZG8sm~kGAHI1gdoIZ91jVWKXzj7AScw__&Key-Pair-Id=APKAJLOHF5GGSLRBV4ZA,full text
3cd970ea-0cac-81e1-b1a9-d7d38abe2946,90,Ips typographus,3cd970ea-0cac-81e7-bd37-c7209a5601d7,Bursaphelenchus sp.,Nematode,isolated from living or slowly moving beetle,"gut, on the surface of body, and under elytra",parasite,morphological,,,Georgia,2009,"Burjanadze and Goginashvili, 2009","Burjanadze, M., Goginashvili, N., 2009. Occurrence of pathogens and nematodes in the spruce bark beetle, Ips typographus (Col., Scolytidae) in Borjomi Gorge. Bull. Georgian Natl. Acad. Sci. 3, 145–150.",https://d1wqtxts1xzle7.cloudfront.net/80541653/Burjanadze-libre.pdf?1644445505=&response-content-disposition=inline%3B+filename%3DOccurrence_of_Pathogens_and_Nematodes_in.pdf&Expires=1784062403&Signature=cdSHDP6W-8t-Wv6V2fd80Dx7L2pnVZ3Cqzz4wgHLlQZKRYSoFucylQupqtbonH0~cQzLh39I~SqkkIkoyPm~YziOXlW2CE4SGqYV~1-AqjxokDVVEozqaNmqCNInsj1PzA9psQ6duraJCjXekSlphhJeXYhWYS2PjIEYIkTutlo26YTaAgxhwuol6t-wB1odyvoijdxdlljOItvNwMNYqzZZn8vRs4qQIgsHi9~3R1ueSnMFD8TqpMJiJCv2UfzwGYRHbgT5C87uW5ESTPfPOoieaUqP6AjcUPrCjEBOh-mZDiNpqoHlRCUZG8sm~kGAHI1gdoIZ91jVWKXzj7AScw__&Key-Pair-Id=APKAJLOHF5GGSLRBV4ZA,full text
3cd970ea-0cac-815f-8a22-f968b1d5a1be,97,Ips typographus,3cd970ea-0cac-81e7-bd37-c7209a5601d7,Contortylenchus diplogaster,Nematode,,,parasite,,,,Georgia,2011,"Burjanadze et al., 2011","Burjanadze, M., Lortkipanidze, M., Supatashvili, A., Gorgadze, O., 2011. Occurrence of pathogens and nematodes of bark beetles (Coleoptera, Scolytidae) from coniferous forests in different region of Georgia. IOBC/wprs Bull. 66, 351–354.",https://www.cabidigitallibrary.org/doi/full/10.5555/20113280364,only English abstract
3cd970ea-0cac-8111-ae55-cc3fdd7795ca,98,Ips sexdentatus,3cd970ea-0cac-81b2-b8a3-d4a7253b9941,Contortylenchus pseudodiplogaster,Nematode,,,parasite,,,,Georgia,2011,"Burjanadze et al., 2011","Burjanadze, M., Lortkipanidze, M., Supatashvili, A., Gorgadze, O., 2011. Occurrence of pathogens and nematodes of bark beetles (Coleoptera, Scolytidae) from coniferous forests in different region of Georgia. IOBC/wprs Bull. 66, 351–354.",https://www.cabidigitallibrary.org/doi/full/10.5555/20113280364,only English abstract
3cd970ea-0cac-816c-92bf-cb58dc920bec,99,Ips typographus,3cd970ea-0cac-81e7-bd37-c7209a5601d7,Bursaphelenchus teratospicularis,Nematode,,,,,,,Georgia,2012,"Burjanadze et al., 2012","Burjanadze, M., Lortkipanidze, M., Gorgadze, O., 2012. Influence of ecological factors on the formation of nematode fauna of bark beetles (Coleoptera Scolytidae). Bull. Georgian Natl. Acad. Sci 6, 133–136.",http://science.org.ge/old/moambe/6-1/Burjanadze.pdf,full text
3cd970ea-0cac-814d-b504-f19623944923,100,Ips typographus,3cd970ea-0cac-81e7-bd37-c7209a5601d7,Parasitorhabditis bicoloris,Nematode,,,,,,,Georgia,2012,"Burjanadze et al., 2012","Burjanadze, M., Lortkipanidze, M., Gorgadze, O., 2012. Influence of ecological factors on the formation of nematode fauna of bark beetles (Coleoptera Scolytidae). Bull. Georgian Natl. Acad. Sci 6, 133–136.",http://science.org.ge/old/moambe/6-1/Burjanadze.pdf,full text
3cd970ea-0cac-8112-8167-f07df3ed0527,101,Ips typographus,3cd970ea-0cac-81e7-bd37-c7209a5601d7,Parasitaphelenchus bicoloris,Nematode,,,,,,,Georgia,2012,"Burjanadze et al., 2012","Burjanadze, M., Lortkipanidze, M., Gorgadze, O., 2012. Influence of ecological factors on the formation of nematode fauna of bark beetles (Coleoptera Scolytidae). Bull. Georgian Natl. Acad. Sci 6, 133–136.",http://science.org.ge/old/moambe/6-1/Burjanadze.pdf,full text
3cd970ea-0cac-81d2-b3da-c4b7d1a8614f,102,Ips typographus,3cd970ea-0cac-81e7-bd37-c7209a5601d7,Cryptaphelenchus bicoloris,Nematode,,,,,,,Georgia,2012,"Burjanadze et al., 2012","Burjanadze, M., Lortkipanidze, M., Gorgadze, O., 2012. Influence of ecological factors on the formation of nematode fauna of bark beetles (Coleoptera Scolytidae). Bull. Georgian Natl. Acad. Sci 6, 133–136.",http://science.org.ge/old/moambe/6-1/Burjanadze.pdf,full text
3cd970ea-0cac-810f-afb8-ce94e1d6a260,103,Ips typographus,3cd970ea-0cac-81e7-bd37-c7209a5601d7,Panagrolaimus scheucherae,Nematode,,,,,,,Georgia,2012,"Burjanadze et al., 2012","Burjanadze, M., Lortkipanidze, M., Gorgadze, O., 2012. Influence of ecological factors on the formation of nematode fauna of bark beetles (Coleoptera Scolytidae). Bull. Georgian Natl. Acad. Sci 6, 133–136.",http://science.org.ge/old/moambe/6-1/Burjanadze.pdf,full text
3cd970ea-0cac-8146-af25-c0dd3c5fba78,104,Ips typographus,3cd970ea-0cac-81e7-bd37-c7209a5601d7,Parasitorhabditis obtusa,Nematode,,,,,,,Georgia,2012,"Burjanadze et al., 2012","Burjanadze, M., Lortkipanidze, M., Gorgadze, O., 2012. Influence of ecological factors on the formation of nematode fauna of bark beetles (Coleoptera Scolytidae). Bull. Georgian Natl. Acad. Sci 6, 133–136.",http://science.org.ge/old/moambe/6-1/Burjanadze.pdf,full text
3cd970ea-0cac-8188-8ee6-e91cdfe227ff,105,Ips typographus,3cd970ea-0cac-81e7-bd37-c7209a5601d7,Ektaphelenchus typographi,Nematode,,,,,,,Georgia,2012,"Burjanadze et al., 2012","Burjanadze, M., Lortkipanidze, M., Gorgadze, O., 2012. Influence of ecological factors on the formation of nematode fauna of bark beetles (Coleoptera Scolytidae). Bull. Georgian Natl. Acad. Sci 6, 133–136.",http://science.org.ge/old/moambe/6-1/Burjanadze.pdf,full text
3cd970ea-0cac-8199-adaa-e9031e54e99e,106,Ips typographus,3cd970ea-0cac-81e7-bd37-c7209a5601d7,Cryptaphelenchus macrogaster,Nematode,,,,,,,Georgia,2012,"Burjanadze et al., 2012","Burjanadze, M., Lortkipanidze, M., Gorgadze, O., 2012. Influence of ecological factors on the formation of nematode fauna of bark beetles (Coleoptera Scolytidae). Bull. Georgian Natl. Acad. Sci 6, 133–136.",http://science.org.ge/old/moambe/6-1/Burjanadze.pdf,full text
3cd970ea-0cac-8107-9634-f2aa364352c9,107,Ips typographus,3cd970ea-0cac-81e7-bd37-c7209a5601d7,Bursaphelenchus eidmani,Nematode,,,,,,,Georgia,2012,"Burjanadze et al., 2012","Burjanadze, M., Lortkipanidze, M., Gorgadze, O., 2012. Influence of ecological factors on the formation of nematode fauna of bark beetles (Coleoptera Scolytidae). Bull. Georgian Natl. Acad. Sci 6, 133–136.",http://science.org.ge/old/moambe/6-1/Burjanadze.pdf,full text
3cd970ea-0cac-815c-b35e-e4a4a6d5fc93,108,Ips typographus,3cd970ea-0cac-81e7-bd37-c7209a5601d7,Micoletzkya buetschlii,Nematode,,,,,,,Georgia,2012,"Burjanadze et al., 2012","Burjanadze, M., Lortkipanidze, M., Gorgadze, O., 2012. Influence of ecological factors on the formation of nematode fauna of bark beetles (Coleoptera Scolytidae). Bull. Georgian Natl. Acad. Sci 6, 133–136.",http://science.org.ge/old/moambe/6-1/Burjanadze.pdf,full text
3cd970ea-0cac-81b7-ac6c-fad820762bcf,133,Ips paraconfusus,3cd970ea-0cac-81c2-bcf5-c84972c89298,Parasitorhabditis sp.,Nematode,,gut,parasite,,,,United States,1987,"Choo et al., 1987","Choo, H.Y., Kaya, H.K., Shea, P., Noffsinger, E.M., 1987. Ecological study of nematode parasitism in Ips beetles from California and Idaho. J. Nematol. 19, 495–502.",https://pubmed.ncbi.nlm.nih.gov/19290176/,full text
3cd970ea-0cac-819d-90b6-c03e9b112ddc,134,Ips paraconfusus,3cd970ea-0cac-81c2-bcf5-c84972c89298,Parasitaphelenchus sp.,Nematode,,hemocoel,parasite,,,,United States,1987,"Choo et al., 1987","Choo, H.Y., Kaya, H.K., Shea, P., Noffsinger, E.M., 1987. Ecological study of nematode parasitism in Ips beetles from California and Idaho. J. Nematol. 19, 495–502.",https://pubmed.ncbi.nlm.nih.gov/19290176/,full text
3cd970ea-0cac-8171-9379-e4f22d174334,135,Ips paraconfusus,3cd970ea-0cac-81c2-bcf5-c84972c89298,Contortylenchus elongatus,Nematode,,hemocoel,parasite,,,,United States,1987,"Choo et al., 1987","Choo, H.Y., Kaya, H.K., Shea, P., Noffsinger, E.M., 1987. Ecological study of nematode parasitism in Ips beetles from California and Idaho. J. Nematol. 19, 495–502.",https://pubmed.ncbi.nlm.nih.gov/19290176/,full text
3cd970ea-0cac-811b-a048-df4f9a9c5d5b,136,Ips paraconfusus,3cd970ea-0cac-81c2-bcf5-c84972c89298,Contortylenchus reversus,Nematode,,hemocoel,parasite,,,,United States,1987,"Choo et al., 1987","Choo, H.Y., Kaya, H.K., Shea, P., Noffsinger, E.M., 1987. Ecological study of nematode parasitism in Ips beetles from California and Idaho. J. Nematol. 19, 495–502.",https://pubmed.ncbi.nlm.nih.gov/19290176/,full text
3cd970ea-0cac-81b0-9191-d90963f82d3d,137,Ips paraconfusus,3cd970ea-0cac-81c2-bcf5-c84972c89298,Contortylenchus brevicomi,Nematode,,hemocoel,parasite,,,,United States,1987,"Choo et al., 1987","Choo, H.Y., Kaya, H.K., Shea, P., Noffsinger, E.M., 1987. Ecological study of nematode parasitism in Ips beetles from California and Idaho. J. Nematol. 19, 495–502.",https://pubmed.ncbi.nlm.nih.gov/19290176/,full text
3cd970ea-0cac-81c8-98cc-ca1ab64ccce7,138,Ips pini,3cd970ea-0cac-81f0-9fd5-cb33623bff72,Parasitaphelenchus sp.,Nematode,,hemocoel,parasite,,,,United States,1987,"Choo et al., 1987","Choo, H.Y., Kaya, H.K., Shea, P., Noffsinger, E.M., 1987. Ecological study of nematode parasitism in Ips beetles from California and Idaho. J. Nematol. 19, 495–502.",https://pubmed.ncbi.nlm.nih.gov/19290176/,full text
3cd970ea-0cac-8144-bed9-f0c8440ee2ff,139,Ips pini,3cd970ea-0cac-81f0-9fd5-cb33623bff72,Contortylenchus reversus,Nematode,,hemocoel,parasite,,,,United States,1987,"Choo et al., 1987","Choo, H.Y., Kaya, H.K., Shea, P., Noffsinger, E.M., 1987. Ecological study of nematode parasitism in Ips beetles from California and Idaho. J. Nematol. 19, 495–502.",https://pubmed.ncbi.nlm.nih.gov/19290176/,full text
3cd970ea-0cac-81f6-b5ee-d1bace64639f,140,Ips pini,3cd970ea-0cac-81f0-9fd5-cb33623bff72,Contortylenchus sp1.,Nematode,,hemocoel,parasite,,,,United States,1987,"Choo et al., 1987","Choo, H.Y., Kaya, H.K., Shea, P., Noffsinger, E.M., 1987. Ecological study of nematode parasitism in Ips beetles from California and Idaho. J. Nematol. 19, 495–502.",https://pubmed.ncbi.nlm.nih.gov/19290176/,full text
3cd970ea-0cac-813c-bf35-e85cc8b47473,141,Ips pini,3cd970ea-0cac-81f0-9fd5-cb33623bff72,Contortylenchus sp2.,Nematode,,hemocoel,parasite,,,,United States,1987,"Choo et al., 1987","Choo, H.Y., Kaya, H.K., Shea, P., Noffsinger, E.M., 1987. Ecological study of nematode parasitism in Ips beetles from California and Idaho. J. Nematol. 19, 495–502.",https://pubmed.ncbi.nlm.nih.gov/19290176/,full text
3cd970ea-0cac-81bc-9bfa-c38e324d9c96,142,Ips pini,3cd970ea-0cac-81f0-9fd5-cb33623bff72,Parasitylenchus ovarius,Nematode,,hemocoel,parasite,,,,United States,1987,"Choo et al., 1987","Choo, H.Y., Kaya, H.K., Shea, P., Noffsinger, E.M., 1987. Ecological study of nematode parasitism in Ips beetles from California and Idaho. J. Nematol. 19, 495–502.",https://pubmed.ncbi.nlm.nih.gov/19290176/,full text
3cd970ea-0cac-81cb-9f0a-d2bed69f8a56,181,Ips curvidens,3cd970ea-0cac-81b3-8b05-ddcf26762825,Tylenchus dispar curvidentis,Nematode,,,,,,,Germany,1914,"Fuchs, 1914a","Fuchs, G., 1914a. Tylenchus dispar curvidentis m. und Tylenchus dispar cryphali m. Zool. Anz. 45, 195–207.",,
3cd970ea-0cac-8190-87bd-de1aa91c7b73,182,Cryphalus piceae,3cd970ea-0cac-8127-8699-fc85f19203f8,Tylenchus dispar cryphali,Nematode,,,,,,,Germany,1914,"Fuchs, 1914a","Fuchs, G., 1914a. Tylenchus dispar curvidentis m. und Tylenchus dispar cryphali m. Zool. Anz. 45, 195–207.",,
3cd970ea-0cac-81b5-8133-de1a4a4b9199,183,Ips typographus,3cd970ea-0cac-81e7-bd37-c7209a5601d7,Tylenchus dispar curvidentis,Nematode,,,parasite,,,,Germany,1915,"Fuchs, 1915","Fuchs G. 1915. Die Naturgeschichte der Nematoden und einiger anderer Parasiten 1. des Ips typographus L. 2. des Hylobius abietis L. Zoologische Jahrbücher, Abteilung für Systematik 38, 109-222.",,
3cd970ea-0cac-8190-90d5-f7c2d4388a1a,184,Ips typographus,3cd970ea-0cac-81e7-bd37-c7209a5601d7,Tylenchus contortus typographi,Nematode,,,parasite,,,,Germany,1915,"Fuchs, 1915","Fuchs G. 1915. Die Naturgeschichte der Nematoden und einiger anderer Parasiten 1. des Ips typographus L. 2. des Hylobius abietis L. Zoologische Jahrbücher, Abteilung für Systematik 38, 109-222.",,
3cd970ea-0cac-81ff-80f4-c6bfe9729153,185,Ips typographus,3cd970ea-0cac-81e7-bd37-c7209a5601d7,Rhabditis obtusa,Nematode,,,parasite,,,,Germany,1915,"Fuchs, 1915","Fuchs G. 1915. Die Naturgeschichte der Nematoden und einiger anderer Parasiten 1. des Ips typographus L. 2. des Hylobius abietis L. Zoologische Jahrbücher, Abteilung für Systematik 38, 109-222.",,
3cd970ea-0cac-819e-b7e9-cf578a1b0284,186,Ips typographus,3cd970ea-0cac-81e7-bd37-c7209a5601d7,Diplogaster hütchlii,Nematode,,,parasite,,,,Germany,1915,"Fuchs, 1915","Fuchs G. 1915. Die Naturgeschichte der Nematoden und einiger anderer Parasiten 1. des Ips typographus L. 2. des Hylobius abietis L. Zoologische Jahrbücher, Abteilung für Systematik 38, 109-222.",,
3cd970ea-0cac-81d0-9dce-c321ae42c915,187,Ips typographus,3cd970ea-0cac-81e7-bd37-c7209a5601d7,Tylenchus major,Nematode,,,parasite,,,,Germany,1915,"Fuchs, 1915","Fuchs G. 1915. Die Naturgeschichte der Nematoden und einiger anderer Parasiten 1. des Ips typographus L. 2. des Hylobius abietis L. Zoologische Jahrbücher, Abteilung für Systematik 38, 109-222.",,
3cd970ea-0cac-8121-84da-e5943d06cab9,188,Ips typographus,3cd970ea-0cac-81e7-bd37-c7209a5601d7,Tylenchus macrogaster,Nematode,,,parasite,,,,Germany,1915,"Fuchs, 1915","Fuchs G. 1915. Die Naturgeschichte der Nematoden und einiger anderer Parasiten 1. des Ips typographus L. 2. des Hylobius abietis L. Zoologische Jahrbücher, Abteilung für Systematik 38, 109-222.",,
3cd970ea-0cac-8152-b0d1-ece3630298a0,189,Ips typographus,3cd970ea-0cac-81e7-bd37-c7209a5601d7,Rhabditolaimus halleri,Nematode,,,parasite,,,,Germany,1915,"Fuchs, 1915","Fuchs G. 1915. Die Naturgeschichte der Nematoden und einiger anderer Parasiten 1. des Ips typographus L. 2. des Hylobius abietis L. Zoologische Jahrbücher, Abteilung für Systematik 38, 109-222.",,
3cd970ea-0cac-81c0-9feb-fa37f4d00e4b,265,Ips avulsus,3cd970ea-0cac-81c2-b4d1-f11ed6ee8189,Parasitylenchus avulsi,Nematode,,,parasite,,,,"Texas, United States",1976,"Hoffard and Coster, 1976","Hoffard, W.H., Coster, J.E., 1976. Endoparasitic nematodes of Ips Bark beetles in eastern Texas. Environ. Entomol. 5, 128–132.",https://doi.org/10.1093/ee/5.1.128,full text
3cd970ea-0cac-8161-8f8f-f029f23c39c7,266,Ips calligraphus,3cd970ea-0cac-8173-bd2a-d18690870555,Contortylenchus elongatus,Nematode,,,parasite,,,,"Texas, United States",1976,"Hoffard and Coster, 1976","Hoffard, W.H., Coster, J.E., 1976. Endoparasitic nematodes of Ips Bark beetles in eastern Texas. Environ. Entomol. 5, 128–132.",https://doi.org/10.1093/ee/5.1.128,full text
3cd970ea-0cac-81fa-9d02-e41ac80c97a4,267,Ips calligraphus,3cd970ea-0cac-8173-bd2a-d18690870555,Parasitaphelenchus sp.,Nematode,,,parasite,,,,"Texas, United States",1976,"Hoffard and Coster, 1976","Hoffard, W.H., Coster, J.E., 1976. Endoparasitic nematodes of Ips Bark beetles in eastern Texas. Environ. Entomol. 5, 128–132.",https://doi.org/10.1093/ee/5.1.128,full text
3cd970ea-0cac-81d0-b8a1-f040d7b59f9c,268,Ips grandicollis,3cd970ea-0cac-8100-b325-daf2aaa8c8b8,Contortylenchus grandicolli,Nematode,,,parasite,,,,"Texas, United States",1976,"Hoffard and Coster, 1976","Hoffard, W.H., Coster, J.E., 1976. Endoparasitic nematodes of Ips Bark beetles in eastern Texas. Environ. Entomol. 5, 128–132.",https://doi.org/10.1093/ee/5.1.128,full text
3cd970ea-0cac-8109-95d3-c9039d5a8de7,309,Orthotomicus erosus,3cd970ea-0cac-81d4-bd25-d278cfe41fda,gut nematodes,Nematode,,,,,,,Hungary,2017,"Holuša et al., 2017","Holuša, J., Lukášová, K., Hubáčková, J., Knížek, M., & Wegensteiner, R. (2017). Pathogens and nematodes associated to three bark beetle species of the genus Orthotomicus (Coleoptera Curculionidae) in central-south Europe. Bulletin of Insectology, 70(2), 291-297.",https://www.researchgate.net/profile/Karolina-Resnerova/publication/320854912_Pathogens_and_nematodes_associated_to_three_bark_beetle_species_of_the_genus_Orthotomicus_Coleoptera_Curculionidae_in_central-south_Europe/links/5a09553ba6fdcc65eab569b9/Pathogens-and-nematodes-associated-to-three-bark-beetle-species-of-the-genus-Orthotomicus-Coleoptera-Curculionidae-in-central-south-Europe.pdf,full text
3cd970ea-0cac-8175-986b-d0f4ccd504b0,310,Orthotomicus erosus,3cd970ea-0cac-81d4-bd25-d278cfe41fda,haemolyph nematodes,Nematode,,,,,,,Hungary,2017,"Holuša et al., 2017","Holuša, J., Lukášová, K., Hubáčková, J., Knížek, M., & Wegensteiner, R. (2017). Pathogens and nematodes associated to three bark beetle species of the genus Orthotomicus (Coleoptera Curculionidae) in central-south Europe. Bulletin of Insectology, 70(2), 291-297.",https://www.researchgate.net/profile/Karolina-Resnerova/publication/320854912_Pathogens_and_nematodes_associated_to_three_bark_beetle_species_of_the_genus_Orthotomicus_Coleoptera_Curculionidae_in_central-south_Europe/links/5a09553ba6fdcc65eab569b9/Pathogens-and-nematodes-associated-to-three-bark-beetle-species-of-the-genus-Orthotomicus-Coleoptera-Curculionidae-in-central-south-Europe.pdf,full text
3cd970ea-0cac-8160-9f5b-d2d5948fa895,314,Orthotomicus laricis,3cd970ea-0cac-815a-9fd8-cc7d9a98ef8b,Contortylenchus laricis,Nematode,,,,,,,Czech Republic,2017,"Holuša et al., 2017","Holuša, J., Lukášová, K., Hubáčková, J., Knížek, M., & Wegensteiner, R. (2017). Pathogens and nematodes associated to three bark beetle species of the genus Orthotomicus (Coleoptera Curculionidae) in central-south Europe. Bulletin of Insectology, 70(2), 291-297.",https://www.researchgate.net/profile/Karolina-Resnerova/publication/320854912_Pathogens_and_nematodes_associated_to_three_bark_beetle_species_of_the_genus_Orthotomicus_Coleoptera_Curculionidae_in_central-south_Europe/links/5a09553ba6fdcc65eab569b9/Pathogens-and-nematodes-associated-to-three-bark-beetle-species-of-the-genus-Orthotomicus-Coleoptera-Curculionidae-in-central-south-Europe.pdf,full text
3cd970ea-0cac-814c-ac48-dd4ddfe2c5e7,315,Orthotomicus laricis,3cd970ea-0cac-815a-9fd8-cc7d9a98ef8b,haemolyph nematodes,Nematode,,,,,,,Czech Republic,2017,"Holuša et al., 2017","Holuša, J., Lukášová, K., Hubáčková, J., Knížek, M., & Wegensteiner, R. (2017). Pathogens and nematodes associated to three bark beetle species of the genus Orthotomicus (Coleoptera Curculionidae) in central-south Europe. Bulletin of Insectology, 70(2), 291-297.",https://www.researchgate.net/profile/Karolina-Resnerova/publication/320854912_Pathogens_and_nematodes_associated_to_three_bark_beetle_species_of_the_genus_Orthotomicus_Coleoptera_Curculionidae_in_central-south_Europe/links/5a09553ba6fdcc65eab569b9/Pathogens-and-nematodes-associated-to-three-bark-beetle-species-of-the-genus-Orthotomicus-Coleoptera-Curculionidae-in-central-south-Europe.pdf,full text
3cd970ea-0cac-8102-84d0-dcf07290e471,317,Orthotomicus laricis,3cd970ea-0cac-815a-9fd8-cc7d9a98ef8b,gut nematodes,Nematode,,,,,,,Czech Republic,2017,"Holuša et al., 2017","Holuša, J., Lukášová, K., Hubáčková, J., Knížek, M., & Wegensteiner, R. (2017). Pathogens and nematodes associated to three bark beetle species of the genus Orthotomicus (Coleoptera Curculionidae) in central-south Europe. Bulletin of Insectology, 70(2), 291-297.",https://www.researchgate.net/profile/Karolina-Resnerova/publication/320854912_Pathogens_and_nematodes_associated_to_three_bark_beetle_species_of_the_genus_Orthotomicus_Coleoptera_Curculionidae_in_central-south_Europe/links/5a09553ba6fdcc65eab569b9/Pathogens-and-nematodes-associated-to-three-bark-beetle-species-of-the-genus-Orthotomicus-Coleoptera-Curculionidae-in-central-south-Europe.pdf,full text
3cd970ea-0cac-81ca-b61c-ccdf5fcfa5a8,318,Orthotomicus laricis,3cd970ea-0cac-815a-9fd8-cc7d9a98ef8b,Contortylenchus laricis,Nematode,,,,,,,Poland,2017,"Holuša et al., 2017","Holuša, J., Lukášová, K., Hubáčková, J., Knížek, M., & Wegensteiner, R. (2017). Pathogens and nematodes associated to three bark beetle species of the genus Orthotomicus (Coleoptera Curculionidae) in central-south Europe. Bulletin of Insectology, 70(2), 291-297.",https://www.researchgate.net/profile/Karolina-Resnerova/publication/320854912_Pathogens_and_nematodes_associated_to_three_bark_beetle_species_of_the_genus_Orthotomicus_Coleoptera_Curculionidae_in_central-south_Europe/links/5a09553ba6fdcc65eab569b9/Pathogens-and-nematodes-associated-to-three-bark-beetle-species-of-the-genus-Orthotomicus-Coleoptera-Curculionidae-in-central-south-Europe.pdf,full text
3cd970ea-0cac-8112-86b4-f7a9ff9b48be,319,Orthotomicus laricis,3cd970ea-0cac-815a-9fd8-cc7d9a98ef8b,haemolyph nematodes,Nematode,,,,,,,Poland,2017,"Holuša et al., 2017","Holuša, J., Lukášová, K., Hubáčková, J., Knížek, M., & Wegensteiner, R. (2017). Pathogens and nematodes associated to three bark beetle species of the genus Orthotomicus (Coleoptera Curculionidae) in central-south Europe. Bulletin of Insectology, 70(2), 291-297.",https://www.researchgate.net/profile/Karolina-Resnerova/publication/320854912_Pathogens_and_nematodes_associated_to_three_bark_beetle_species_of_the_genus_Orthotomicus_Coleoptera_Curculionidae_in_central-south_Europe/links/5a09553ba6fdcc65eab569b9/Pathogens-and-nematodes-associated-to-three-bark-beetle-species-of-the-genus-Orthotomicus-Coleoptera-Curculionidae-in-central-south-Europe.pdf,full text
3cd970ea-0cac-8147-ab78-cf98b6b57cef,321,Orthotomicus nobilis,3cd970ea-0cac-81f0-9ca9-e7109828cf4c,gut nematodes,Nematode,,,,,,,Spain,2017,"Holuša et al., 2017","Holuša, J., Lukášová, K., Hubáčková, J., Knížek, M., & Wegensteiner, R. (2017). Pathogens and nematodes associated to three bark beetle species of the genus Orthotomicus (Coleoptera Curculionidae) in central-south Europe. Bulletin of Insectology, 70(2), 291-297.",https://www.researchgate.net/profile/Karolina-Resnerova/publication/320854912_Pathogens_and_nematodes_associated_to_three_bark_beetle_species_of_the_genus_Orthotomicus_Coleoptera_Curculionidae_in_central-south_Europe/links/5a09553ba6fdcc65eab569b9/Pathogens-and-nematodes-associated-to-three-bark-beetle-species-of-the-genus-Orthotomicus-Coleoptera-Curculionidae-in-central-south-Europe.pdf,full text
3cd970ea-0cac-8114-8443-e0f89f6dad2c,322,Orthotomicus nobilis,3cd970ea-0cac-81f0-9ca9-e7109828cf4c,haemolyph nematodes,Nematode,,,,,,,Spain,2017,"Holuša et al., 2017","Holuša, J., Lukášová, K., Hubáčková, J., Knížek, M., & Wegensteiner, R. (2017). Pathogens and nematodes associated to three bark beetle species of the genus Orthotomicus (Coleoptera Curculionidae) in central-south Europe. Bulletin of Insectology, 70(2), 291-297.",https://www.researchgate.net/profile/Karolina-Resnerova/publication/320854912_Pathogens_and_nematodes_associated_to_three_bark_beetle_species_of_the_genus_Orthotomicus_Coleoptera_Curculionidae_in_central-south_Europe/links/5a09553ba6fdcc65eab569b9/Pathogens-and-nematodes-associated-to-three-bark-beetle-species-of-the-genus-Orthotomicus-Coleoptera-Curculionidae-in-central-south-Europe.pdf,full text
3cd970ea-0cac-8100-b2b9-c5a63d7dc667,331,Hylurgus ligniperda,3cd970ea-0cac-8168-b077-f1c598e6fefd,Steinernema feltiae,Nematode,,,,,pathogenicity test,laboratory,China,2004,"Hu et al., 2004",Study on the biological control of Steinernema feltiae against Hylurgus ligniperda on the entry log,斯氏线虫对进境原木上长林小蠹的防治试验,full text
3cd970ea-0cac-819d-9c39-d8717822aefe,356,Xylosandrus germanus,3cd970ea-0cac-8125-a3b0-e16e95c7e865,Steinernema feltiae,Nematode,culture collection,,,,pathogenicity test,laboratory,Turkey,2018,"Kepenekci et al., 2018","Kepenekci, I., Toksöz, S., Atay, T., & Saruhan, I. (2018). Efficacyof of entomopathogenic nematode isolates from Turkey and Kyrgyzstan against black timber bark beetle, Xylosandrus germanus (Blandford)(Coleoptera: Curculionidae: Scolytinae) adults. Pakistan Journal of Nematology, 36(1), 65-70.",https://d1wqtxts1xzle7.cloudfront.net/74557428/Efficacyof_of_entomopathogenic_nematode_isolates_from_Turkey_and_Kyrgyzstan_against_black_timber_bark_beetleFuullll-libre.pdf?1636702321=&response-content-disposition=inline%3B+filename%3DEfficacyof_of_entomopathogenic_nematode.pdf&Expires=1784840258&Signature=ex~uA4RC7xqpBBo4Rw7SGxZfxai-lFfXx-EcUrpeOB5R9jxVwFpCASODvwpJJJeRdDiPAA0LZgN-rwAXSj3MH~s-Zcl4HoaQzR9h01IP4eIFCMT2qrQA~OT25cxYGQfK9~Tfg7ixHB2gPNO3~RZ7PeTnPl~MibLrAu19-UoPpeYTza51Z7MWV2wj6HTdpFJIPWuImZHuxO7KxnJ0ithh~ED~E8RK6GVbc5M5-zmdNHgG978JW8Twh7TEiSsYJzuoVPh2cI3FdrsN9UpPyOrWOy0mNRgp0UmJ8wpZbePicfVYcGT0OlHgxIINZDo1wqCajt40CyruC7ypt2HnH7VY7Q__&Key-Pair-Id=APKAJLOHF5GGSLRBV4ZA,full text
3cd970ea-0cac-8187-a7cd-c266d01f3df2,357,Xylosandrus germanus,3cd970ea-0cac-8125-a3b0-e16e95c7e865,Steinernema carpocapsae,Nematode,culture collection,,,,pathogenicity test,laboratory,Turkey,2018,"Kepenekci et al., 2018","Kepenekci, I., Toksöz, S., Atay, T., & Saruhan, I. (2018). Efficacyof of entomopathogenic nematode isolates from Turkey and Kyrgyzstan against black timber bark beetle, Xylosandrus germanus (Blandford)(Coleoptera: Curculionidae: Scolytinae) adults. Pakistan Journal of Nematology, 36(1), 65-70.",https://d1wqtxts1xzle7.cloudfront.net/74557428/Efficacyof_of_entomopathogenic_nematode_isolates_from_Turkey_and_Kyrgyzstan_against_black_timber_bark_beetleFuullll-libre.pdf?1636702321=&response-content-disposition=inline%3B+filename%3DEfficacyof_of_entomopathogenic_nematode.pdf&Expires=1784840258&Signature=ex~uA4RC7xqpBBo4Rw7SGxZfxai-lFfXx-EcUrpeOB5R9jxVwFpCASODvwpJJJeRdDiPAA0LZgN-rwAXSj3MH~s-Zcl4HoaQzR9h01IP4eIFCMT2qrQA~OT25cxYGQfK9~Tfg7ixHB2gPNO3~RZ7PeTnPl~MibLrAu19-UoPpeYTza51Z7MWV2wj6HTdpFJIPWuImZHuxO7KxnJ0ithh~ED~E8RK6GVbc5M5-zmdNHgG978JW8Twh7TEiSsYJzuoVPh2cI3FdrsN9UpPyOrWOy0mNRgp0UmJ8wpZbePicfVYcGT0OlHgxIINZDo1wqCajt40CyruC7ypt2HnH7VY7Q__&Key-Pair-Id=APKAJLOHF5GGSLRBV4ZA,full text
3cd970ea-0cac-81f4-8c2d-d5203c04f8f9,358,Xylosandrus germanus,3cd970ea-0cac-8125-a3b0-e16e95c7e865,Heterorhabditis bacteriophora,Nematode,culture collection,,,,pathogenicity test,laboratory,Turkey,2018,"Kepenekci et al., 2018","Kepenekci, I., Toksöz, S., Atay, T., & Saruhan, I. (2018). Efficacyof of entomopathogenic nematode isolates from Turkey and Kyrgyzstan against black timber bark beetle, Xylosandrus germanus (Blandford)(Coleoptera: Curculionidae: Scolytinae) adults. Pakistan Journal of Nematology, 36(1), 65-70.",https://d1wqtxts1xzle7.cloudfront.net/74557428/Efficacyof_of_entomopathogenic_nematode_isolates_from_Turkey_and_Kyrgyzstan_against_black_timber_bark_beetleFuullll-libre.pdf?1636702321=&response-content-disposition=inline%3B+filename%3DEfficacyof_of_entomopathogenic_nematode.pdf&Expires=1784840258&Signature=ex~uA4RC7xqpBBo4Rw7SGxZfxai-lFfXx-EcUrpeOB5R9jxVwFpCASODvwpJJJeRdDiPAA0LZgN-rwAXSj3MH~s-Zcl4HoaQzR9h01IP4eIFCMT2qrQA~OT25cxYGQfK9~Tfg7ixHB2gPNO3~RZ7PeTnPl~MibLrAu19-UoPpeYTza51Z7MWV2wj6HTdpFJIPWuImZHuxO7KxnJ0ithh~ED~E8RK6GVbc5M5-zmdNHgG978JW8Twh7TEiSsYJzuoVPh2cI3FdrsN9UpPyOrWOy0mNRgp0UmJ8wpZbePicfVYcGT0OlHgxIINZDo1wqCajt40CyruC7ypt2HnH7VY7Q__&Key-Pair-Id=APKAJLOHF5GGSLRBV4ZA,full text
3cd970ea-0cac-8102-8c3a-e30c3eea5746,359,Xylosandrus germanus,3cd970ea-0cac-8125-a3b0-e16e95c7e865,Steinernema feltiae,Nematode,culture collection,,,,pathogenicity test,laboratory,Kyrgyzstan,2018,"Kepenekci et al., 2018","Kepenekci, I., Toksöz, S., Atay, T., & Saruhan, I. (2018). Efficacyof of entomopathogenic nematode isolates from Turkey and Kyrgyzstan against black timber bark beetle, Xylosandrus germanus (Blandford)(Coleoptera: Curculionidae: Scolytinae) adults. Pakistan Journal of Nematology, 36(1), 65-70.",https://d1wqtxts1xzle7.cloudfront.net/74557428/Efficacyof_of_entomopathogenic_nematode_isolates_from_Turkey_and_Kyrgyzstan_against_black_timber_bark_beetleFuullll-libre.pdf?1636702321=&response-content-disposition=inline%3B+filename%3DEfficacyof_of_entomopathogenic_nematode.pdf&Expires=1784840258&Signature=ex~uA4RC7xqpBBo4Rw7SGxZfxai-lFfXx-EcUrpeOB5R9jxVwFpCASODvwpJJJeRdDiPAA0LZgN-rwAXSj3MH~s-Zcl4HoaQzR9h01IP4eIFCMT2qrQA~OT25cxYGQfK9~Tfg7ixHB2gPNO3~RZ7PeTnPl~MibLrAu19-UoPpeYTza51Z7MWV2wj6HTdpFJIPWuImZHuxO7KxnJ0ithh~ED~E8RK6GVbc5M5-zmdNHgG978JW8Twh7TEiSsYJzuoVPh2cI3FdrsN9UpPyOrWOy0mNRgp0UmJ8wpZbePicfVYcGT0OlHgxIINZDo1wqCajt40CyruC7ypt2HnH7VY7Q__&Key-Pair-Id=APKAJLOHF5GGSLRBV4ZA,full text
3cd970ea-0cac-81ff-a4cc-ff93021f5741,360,Xylosandrus germanus,3cd970ea-0cac-8125-a3b0-e16e95c7e865,Steinernema carpocapsae,Nematode,culture collection,,,,pathogenicity test,laboratory,Kyrgyzstan,2018,"Kepenekci et al., 2018","Kepenekci, I., Toksöz, S., Atay, T., & Saruhan, I. (2018). Efficacyof of entomopathogenic nematode isolates from Turkey and Kyrgyzstan against black timber bark beetle, Xylosandrus germanus (Blandford)(Coleoptera: Curculionidae: Scolytinae) adults. Pakistan Journal of Nematology, 36(1), 65-70.",https://d1wqtxts1xzle7.cloudfront.net/74557428/Efficacyof_of_entomopathogenic_nematode_isolates_from_Turkey_and_Kyrgyzstan_against_black_timber_bark_beetleFuullll-libre.pdf?1636702321=&response-content-disposition=inline%3B+filename%3DEfficacyof_of_entomopathogenic_nematode.pdf&Expires=1784840258&Signature=ex~uA4RC7xqpBBo4Rw7SGxZfxai-lFfXx-EcUrpeOB5R9jxVwFpCASODvwpJJJeRdDiPAA0LZgN-rwAXSj3MH~s-Zcl4HoaQzR9h01IP4eIFCMT2qrQA~OT25cxYGQfK9~Tfg7ixHB2gPNO3~RZ7PeTnPl~MibLrAu19-UoPpeYTza51Z7MWV2wj6HTdpFJIPWuImZHuxO7KxnJ0ithh~ED~E8RK6GVbc5M5-zmdNHgG978JW8Twh7TEiSsYJzuoVPh2cI3FdrsN9UpPyOrWOy0mNRgp0UmJ8wpZbePicfVYcGT0OlHgxIINZDo1wqCajt40CyruC7ypt2HnH7VY7Q__&Key-Pair-Id=APKAJLOHF5GGSLRBV4ZA,full text
3cd970ea-0cac-8110-82b6-eb3828b9a8a4,366,Ips typographus,3cd970ea-0cac-81e7-bd37-c7209a5601d7,Contortylenchus diplogaster,Nematode,evaluation of pathogens from beetles,hemocoel,,,,,Georgia,2007,"Kereselidze and Wegensteiner, 2007","Kereselidze, M., & Wegensteiner, R. (2007). Occurrence of pathogens and parasites in Ips typographus L. from spruce stands (Picea orientalis L.) in Georgia. IOBC wprs Bulletin, 30(1), 207.",https://www.researchgate.net/profile/Milan-Pernek/publication/311344954_Occurence_of_Gregarina_typographi_Sporozoa_Gregarinidae_and_Metschnikowia_cf_typographi_Ascomycota_Metschnikowiacae_in_Ips_sexdentatus_Coleoptera_Scolytidae_from_Austria/links/5f16b54d92851cd5fa39b48c/Occurence-of-Gregarina-typographi-Sporozoa-Gregarinidae-and-Metschnikowia-cf-typographi-Ascomycota-Metschnikowiacae-in-Ips-sexdentatus-Coleoptera-Scolytidae-from-Austria.pdf#page=206,full text
3cd970ea-0cac-811f-97ea-f7995a8bf1e2,371,Ips typographus,3cd970ea-0cac-81e7-bd37-c7209a5601d7,Contortylenchus diplogaster,Nematode,,,,,,,Georgia,2010,"Kereselidze et al., 2010","Kereselidze, M., Wegensteiner, R., Goginashvili, N., Tvaradze, M., & Pilarska, D. (2010). Further studies on the occurrence of natural enemies of Ips typographus (Coleoptera: Curculionidae: Scolytinae) in Georgia. Acta zool. bulg, 62(2), 131-139.",https://acta-zoologica-bulgarica.eu/downloads/acta-zoologica-bulgarica/2010/62-2-131-140.pdf,full text
3cd970ea-0cac-8148-a802-d11f44b256e8,381,Dendroctonus frontalis,3cd970ea-0cac-81b5-b18d-f10167e662e3,Contortylenchus brevicomi,Nematode,,,parasite,,,,,1981,"Kinn and Stephen, 1981","Kinn, D. N., & Stephen, F. M. (1981). The incidence of endoparasitism of Dendroctonus frontalis Zimm.(Coleoptera: Scolytidae) by Contortylenchus brevicomi (Massey) Rühm (Nematoda: Sphaerulariidae) 1. Zeitschrift für Angewandte Entomologie, 91(1‐5), 452-458.",https://doi.org/10.1111/j.1439-0418.1981.tb04503.x,full text
3cd970ea-0cac-8160-964b-e2b560a510fa,409,Polygraphus poligraphus,3cd970ea-0cac-8198-96bc-d4687d039075,Anguillulina orta,Nematode,,,,,,,Germany,1944,"Kleine, 1944","Kleine, R. (1944). Die europäischen Borkenkäfer und die bei ihnen lebenden Räuber Parasiten und Commensalen.(Ipidae). Publications of famous biologists-a collection of prints.",https://rcin.org.pl/ibd/dlibra/publication/93088/edition/71275?language=en,full text
3cd970ea-0cac-8185-b94b-c09735190c82,410,Xyleborus dispar,3cd970ea-0cac-8194-8ff7-e26f1f5f57a2,Anguillonema pinguicauda,Nematode,,,,,,,Germany,1944,"Kleine, 1944","Kleine, R. (1944). Die europäischen Borkenkäfer und die bei ihnen lebenden Räuber Parasiten und Commensalen.(Ipidae). Publications of famous biologists-a collection of prints.",https://rcin.org.pl/ibd/dlibra/publication/93088/edition/71275?language=en,full text
3cd970ea-0cac-81b8-baa3-ffb13ddadec0,411,Polygraphus poligraphus,3cd970ea-0cac-8198-96bc-d4687d039075,Anguillonema pinguicauda,Nematode,,,,,,,Germany,1944,"Kleine, 1944","Kleine, R. (1944). Die europäischen Borkenkäfer und die bei ihnen lebenden Räuber Parasiten und Commensalen.(Ipidae). Publications of famous biologists-a collection of prints.",https://rcin.org.pl/ibd/dlibra/publication/93088/edition/71275?language=en,full text
3cd970ea-0cac-8148-b81c-c4ec863494e8,454,Ips typographus,3cd970ea-0cac-81e7-bd37-c7209a5601d7,nematodes,Nematode,,hemocoel,,,,,,1997,"Laucius and Zolubas, 1997","Laucius S. & P. Zolubas 1997. Spruce bark beetle (Ips typographus L.) dynamics in forest reserve in 1995-1996. Miskininkyste 1 (39), 84-92.",https://www.cabidigitallibrary.org/doi/full/10.5555/19980614602,only English abstract
3cd970ea-0cac-81a0-95e3-ee4114b2f28a,455,Ips typographus,3cd970ea-0cac-81e7-bd37-c7209a5601d7,nematodes,Nematode,,midgut,,,,,,1997,"Laucius and Zolubas, 1997","Laucius S. & P. Zolubas 1997. Spruce bark beetle (Ips typographus L.) dynamics in forest reserve in 1995-1996. Miskininkyste 1 (39), 84-92.",https://www.cabidigitallibrary.org/doi/full/10.5555/19980614602,only English abstract
3cd970ea-0cac-8174-9647-c1d39384c92f,465,Ips sexdentatus,3cd970ea-0cac-81b2-b8a3-d4a7253b9941,Parasitorhabditis ipsophila,Nematode,,,parasite,,,,,1978,"Lieutier and Laumond, 1978","Lieutier, F., & Laumond, C. (1978). Nématodes parasites et associés à Ips sexdentatus et Ips typographus (Coleoptera, Scolytidae) en région parisienne. Nematologica, 24(2), 184-200.",https://brill.com/view/journals/nema/24/2/article-p184_5.xml,full text
3cd970ea-0cac-81a1-bd98-e29815ff540e,466,Ips typographus,3cd970ea-0cac-81e7-bd37-c7209a5601d7,Parasitorhabditis bellifonti,Nematode,,,parasite,,,,,1978,"Lieutier and Laumond, 1978","Lieutier, F., & Laumond, C. (1978). Nématodes parasites et associés à Ips sexdentatus et Ips typographus (Coleoptera, Scolytidae) en région parisienne. Nematologica, 24(2), 184-200.",https://brill.com/view/journals/nema/24/2/article-p184_5.xml,full text
3cd970ea-0cac-8127-ba60-d761fa9f624a,467,Ips typographus,3cd970ea-0cac-81e7-bd37-c7209a5601d7,Parasitorhabditis subelongati,Nematode,,,parasite,,,,,1978,"Lieutier and Laumond, 1978","Lieutier, F., & Laumond, C. (1978). Nématodes parasites et associés à Ips sexdentatus et Ips typographus (Coleoptera, Scolytidae) en région parisienne. Nematologica, 24(2), 184-200.",https://brill.com/view/journals/nema/24/2/article-p184_5.xml,full text
3cd970ea-0cac-81aa-8dba-d293e0c42207,468,Ips sexdentatus,3cd970ea-0cac-81b2-b8a3-d4a7253b9941,Parasitorhabditis ipsophila,Nematode,,,parasite,,,,,1984,"Lieutier and Laumond, 1984","Lieutier, F. (1984). Observations sur le parasitisme d’Ips sexdenta tus (Insecta: Scolytidae) par Parasitorhabditis ipsophila (Nematoda: Rhabditidae). Annales de parasitologie humaine et comparée, 59(5), 507-520.",https://doi.org/10.1051/parasite/1984595507,full text
3cd970ea-0cac-81e7-8ada-cb0d33fe062d,469,Ips sexdentatus,3cd970ea-0cac-81b2-b8a3-d4a7253b9941,Parasitaphelenchus sp.,Nematode,,,parasite,,,,France,1982,"Lieutier et al., 1982","Lieutier, F., Jastrabsky, M., & Bonnafe, P. (1982). Les variations pondérales du tissu adipeux et des ovaires, et les variations de longueur des ovocytes, chez Ips sexdentatus Boern (Coleoptera: Scolytidae); relations avec le parasitisme par les nématodes. Annales de Parasitologie Humaine et Comparée, 57(4), 407-418.",https://doi.org/10.1051/parasite/1982574407,full text
3cd970ea-0cac-81b0-a9ad-e6869d379342,470,Ips sexdentatus,3cd970ea-0cac-81b2-b8a3-d4a7253b9941,Parasitaphelenchus sexdentati,Nematode,,,parasite,,,,France,1982,"Lieutier et al., 1982","Lieutier, F., Jastrabsky, M., & Bonnafe, P. (1982). Les variations pondérales du tissu adipeux et des ovaires, et les variations de longueur des ovocytes, chez Ips sexdentatus Boern (Coleoptera: Scolytidae); relations avec le parasitisme par les nématodes. Annales de Parasitologie Humaine et Comparée, 57(4), 407-418.",https://doi.org/10.1051/parasite/1982574407,full text
3cd970ea-0cac-8121-9d67-c21588f9da74,471,Ips sexdentatus,3cd970ea-0cac-81b2-b8a3-d4a7253b9941,Contortylenchus diplogaster,Nematode,,,parasite,,,,France,1982,"Lieutier et al., 1982","Lieutier, F., Jastrabsky, M., & Bonnafe, P. (1982). Les variations pondérales du tissu adipeux et des ovaires, et les variations de longueur des ovocytes, chez Ips sexdentatus Boern (Coleoptera: Scolytidae); relations avec le parasitisme par les nématodes. Annales de Parasitologie Humaine et Comparée, 57(4), 407-418.",https://doi.org/10.1051/parasite/1982574407,full text
3cd970ea-0cac-8165-b3b2-e1eee02f5679,472,Ips sexdentatus,3cd970ea-0cac-81b2-b8a3-d4a7253b9941,Parasitorhabditis ipsophila,Nematode,,,parasite,,,,France,1984,"Lieutier, 1984a","Lieutier, F. (1984). Les perturbations induites par Parasitorhabditis ipsophila (Nematoda: Rhabditidae) dans le tube digestif d’Ips sexdentatus (Insecta: Scolytidae). Annales de parasitologie humaine et comparée, 59(6), 597-605.",https://doi.org/10.1051/parasite/1984596597,full text
3cd970ea-0cac-81ff-9a7e-d308e7819311,473,Ips sexdentatus,3cd970ea-0cac-81b2-b8a3-d4a7253b9941,Parasitorhabditis ipsophila,Nematode,,,parasite,,,,France,1984,"Lieutier, 1984b","Lieutier, F. (1984). Observations on the parasitism of Ips sexdentatus (Insecta: Scolytidae) by Parasitorhabditis ipsophila (Nematoda: Rhabditidae). Annales de parasitologie humaine et comparée , 59 (5), 507-520.",https://doi.org/10.1051/parasite/1984595507,full text
3cd970ea-0cac-8129-9ff0-d778ad63a8ca,487,Ips typographus,3cd970ea-0cac-81e7-bd37-c7209a5601d7,gut nematodes,Nematode,evaluation of pathogen from beetles,,pathogen,,,,Czech Republic,2013,"Lukasova et al., 2013","Lukášová, K., Holuša, J., & Turčáni, M. (2013). Pathogens of Ips amitinus: new species and comparison with I ps typographus. Journal of Applied Entomology, 137(3), 188-196.",https://doi.org/10.1111/jen.12000,full text
3cd970ea-0cac-8114-8ee8-c0644961dad6,493,Ips amitinus,3cd970ea-0cac-815a-a757-ffcc6a0735b5,gut nematodes,Nematode,evaluation of pathogen from beetles,,pathogen,,,,Czech Republic,2013,"Lukasova et al., 2013","Lukášová, K., Holuša, J., & Turčáni, M. (2013). Pathogens of Ips amitinus: new species and comparison with I ps typographus. Journal of Applied Entomology, 137(3), 188-196.",https://doi.org/10.1111/jen.12000,full text
3cd970ea-0cac-8172-8e1b-e2b7f00af3ca,506,Dendroctonus frontalis,3cd970ea-0cac-81b5-b18d-f10167e662e3,Contortylenchus brevicomi,Nematode,evaluation of infection from beetles,,parasite,,,,"Florida, United States",1980,"MacGuidwin et al., 1980","MacGuidwin, A. E., Smart Jr, G. C., Wilkinson, R. C., & Allen, G. E. (1980). Effect of the nematode Contortylenchus brevicomi on gallery construction and fecundity of the southern pine beetle. Journal of nematology, 12(4), 278.",https://pubmed.ncbi.nlm.nih.gov/19300703/,full text
3cd970ea-0cac-813a-9b75-ecdec4ef4d15,514,Dendroctonus rufipennis,3cd970ea-0cac-8134-a2c9-c7fa5c20155e,Ektaphelenchus obtusus,Nematode,,,parasite,,,,,1956,"Massey, 1956","Massey, C. L. (1956). Nematode parasites and associates of the Engelmann spruce beetle (Dendroctonus engelmanni Hopk.).",https://www.cabidigitallibrary.org/doi/full/10.5555/19560801103,only English abstract
3cd970ea-0cac-81b9-82c5-e2747041e3aa,515,Dendroctonus rufipennis,3cd970ea-0cac-8134-a2c9-c7fa5c20155e,Sphaerularia dendroctoni,Nematode,,,parasite,,,,,1956,"Massey, 1956","Massey, C. L. (1956). Nematode parasites and associates of the Engelmann spruce beetle (Dendroctonus engelmanni Hopk.).",https://www.cabidigitallibrary.org/doi/full/10.5555/19560801103,only English abstract
3cd970ea-0cac-8165-9443-eae5832d0d3f,516,Dendroctonus barberi,3cd970ea-0cac-813c-9bab-da0ca998a960,Alphelenchulus barberus,Nematode,,,parasite,,,,United States,1957,"Massey, 1957","Massey, C. L. (1957). Four new species of Alphelenchulus (Nematoda) parasitic in bark beetles in the United States.",https://www.cabidigitallibrary.org/doi/full/10.5555/19576600725,only English abstract
3cd970ea-0cac-81ce-a47c-e841ee2d9ebf,517,Dendroctonus frontalis,3cd970ea-0cac-81b5-b18d-f10167e662e3,Alphelenchulus barberus,Nematode,,,parasite,,,,United States,1957,"Massey, 1957","Massey, C. L. (1957). Four new species of Alphelenchulus (Nematoda) parasitic in bark beetles in the United States.",https://www.cabidigitallibrary.org/doi/full/10.5555/19576600725,only English abstract
3cd970ea-0cac-81b7-9111-fcb9a7682fa8,518,Dendroctonus brevicomis,3cd970ea-0cac-81b8-bdb2-d0d58ae1dd6f,Alphelenchulus brevicomi,Nematode,,,parasite,,,,United States,1957,"Massey, 1957","Massey, C. L. (1957). Four new species of Alphelenchulus (Nematoda) parasitic in bark beetles in the United States.",https://www.cabidigitallibrary.org/doi/full/10.5555/19576600725,only English abstract
3cd970ea-0cac-812f-a64a-fb7347deac7a,519,Ips oregoni,3cd970ea-0cac-817f-bf7a-ea40459aee1f,Alphelenchulus spirus,Nematode,,,parasite,,,,United States,1957,"Massey, 1957","Massey, C. L. (1957). Four new species of Alphelenchulus (Nematoda) parasitic in bark beetles in the United States.",https://www.cabidigitallibrary.org/doi/full/10.5555/19576600725,only English abstract
3cd970ea-0cac-813c-8ae2-e72d548700f8,520,Ips grandicollis,3cd970ea-0cac-8100-b325-daf2aaa8c8b8,Alphelenchulus grandicolli,Nematode,,,parasite,,,,United States,1957,"Massey, 1957","Massey, C. L. (1957). Four new species of Alphelenchulus (Nematoda) parasitic in bark beetles in the United States.",https://www.cabidigitallibrary.org/doi/full/10.5555/19576600725,only English abstract
3cd970ea-0cac-814a-b2f5-ebac5a7150b1,521,Ips confusus,3cd970ea-0cac-81dc-bbc7-ee2c469f8ddf,Aphelenchulus elongatus,Nematode,,,parasite,,,,United States,1960,"Massey, 1960","Massey, C. L. (1960). Nematode parasites and associates of the California five-spined engraver, Ips confusus (Lec.).",https://www.cabidigitallibrary.org/doi/full/10.5555/19610800154,only English abstract
3cd970ea-0cac-81a1-a901-dc0e432b9009,522,Ips confusus,3cd970ea-0cac-81dc-bbc7-ee2c469f8ddf,Parasitaphelenchus sp.,Nematode,,,parasite; no harm to the host,,,,United States,1960,"Massey, 1960","Massey, C. L. (1960). Nematode parasites and associates of the California five-spined engraver, Ips confusus (Lec.).",https://www.cabidigitallibrary.org/doi/full/10.5555/19610800154,only English abstract
3cd970ea-0cac-8181-b48e-fba8895ffd9e,523,Ips confusus,3cd970ea-0cac-81dc-bbc7-ee2c469f8ddf,Parasitorhabditis obtusa,Nematode,,,parasite,,,,United States,1960,"Massey, 1960","Massey, C. L. (1960). Nematode parasites and associates of the California five-spined engraver, Ips confusus (Lec.).",https://www.cabidigitallibrary.org/doi/full/10.5555/19610800154,only English abstract
3cd970ea-0cac-8130-a232-e2d4448e2116,524,Ips confusus,3cd970ea-0cac-81dc-bbc7-ee2c469f8ddf,Diplogaster bandelieri,Nematode,,,,,,,United States,1960,"Massey, 1960","Massey, C. L. (1960). Nematode parasites and associates of the California five-spined engraver, Ips confusus (Lec.).",https://www.cabidigitallibrary.org/doi/full/10.5555/19610800154,only English abstract
3cd970ea-0cac-81e4-8749-fb95a53e89d3,525,Scolytus ventralis,3cd970ea-0cac-8188-8580-c20e1d961821,Parasitylenchus elongatus,Nematode,,,parasite,,,,"New Mexico, United States",1964,"Massey, 1964a","Massey, C.L., 1964a. The nematode parasites and associates of the fir engraver beetle, Scolytus ventralis Le Conte, in New Mexico. J. Insect Pathol. 6, 133–155.",https://www.cabidigitallibrary.org/doi/full/10.5555/19640501265,only English abstract
3cd970ea-0cac-815b-93c9-fe537823957b,526,Scolytus ventralis,3cd970ea-0cac-8188-8580-c20e1d961821,Parasitylenchus scrutillus,Nematode,,,parasite,,,,"New Mexico, United States",1964,"Massey, 1964a","Massey, C.L., 1964a. The nematode parasites and associates of the fir engraver beetle, Scolytus ventralis Le Conte, in New Mexico. J. Insect Pathol. 6, 133–155.",https://www.cabidigitallibrary.org/doi/full/10.5555/19640501265,only English abstract
3cd970ea-0cac-816a-b0be-c7a8417bf230,527,Scolytus ventralis,3cd970ea-0cac-8188-8580-c20e1d961821,Panagrolaimus judithae,Nematode,,,associate?,,,,"New Mexico, United States",1964,"Massey, 1964a","Massey, C.L., 1964a. The nematode parasites and associates of the fir engraver beetle, Scolytus ventralis Le Conte, in New Mexico. J. Insect Pathol. 6, 133–155.",https://www.cabidigitallibrary.org/doi/full/10.5555/19640501265,only English abstract
3cd970ea-0cac-81fd-a7c9-fc032197836c,528,Scolytus ventralis,3cd970ea-0cac-8188-8580-c20e1d961821,Panagrolaimus concolor,Nematode,,,associate?,,,,"New Mexico, United States",1964,"Massey, 1964a","Massey, C.L., 1964a. The nematode parasites and associates of the fir engraver beetle, Scolytus ventralis Le Conte, in New Mexico. J. Insect Pathol. 6, 133–155.",https://www.cabidigitallibrary.org/doi/full/10.5555/19640501265,only English abstract
3cd970ea-0cac-81b1-bd40-fc48d6037ce9,529,Scolytus ventralis,3cd970ea-0cac-8188-8580-c20e1d961821,Plectonchus wyganti,Nematode,,,associate?,,,,"New Mexico, United States",1964,"Massey, 1964a","Massey, C.L., 1964a. The nematode parasites and associates of the fir engraver beetle, Scolytus ventralis Le Conte, in New Mexico. J. Insect Pathol. 6, 133–155.",https://www.cabidigitallibrary.org/doi/full/10.5555/19640501265,only English abstract
3cd970ea-0cac-81fe-997b-ea4f4d79cd0b,530,Scolytus ventralis,3cd970ea-0cac-8188-8580-c20e1d961821,Panagrobelus scolyti,Nematode,,,associate?,,,,"New Mexico, United States",1964,"Massey, 1964a","Massey, C.L., 1964a. The nematode parasites and associates of the fir engraver beetle, Scolytus ventralis Le Conte, in New Mexico. J. Insect Pathol. 6, 133–155.",https://www.cabidigitallibrary.org/doi/full/10.5555/19640501265,only English abstract
3cd970ea-0cac-816b-8137-f52b0616df37,531,Scolytus ventralis,3cd970ea-0cac-8188-8580-c20e1d961821,Bunonema newmexicana,Nematode,,,associate?,,,,"New Mexico, United States",1964,"Massey, 1964a","Massey, C.L., 1964a. The nematode parasites and associates of the fir engraver beetle, Scolytus ventralis Le Conte, in New Mexico. J. Insect Pathol. 6, 133–155.",https://www.cabidigitallibrary.org/doi/full/10.5555/19640501265,only English abstract
3cd970ea-0cac-8163-97aa-d6adcce28963,532,Scolytus ventralis,3cd970ea-0cac-8188-8580-c20e1d961821,Ektaphelenchus sandiaensis,Nematode,,,associate?,,,,"New Mexico, United States",1964,"Massey, 1964a","Massey, C.L., 1964a. The nematode parasites and associates of the fir engraver beetle, Scolytus ventralis Le Conte, in New Mexico. J. Insect Pathol. 6, 133–155.",https://www.cabidigitallibrary.org/doi/full/10.5555/19640501265,only English abstract
3cd970ea-0cac-8104-a531-d5f1ce52daef,533,Scolytus ventralis,3cd970ea-0cac-8188-8580-c20e1d961821,Bursaphelenchus wilfordi,Nematode,,,associate?,,,,"New Mexico, United States",1964,"Massey, 1964a","Massey, C.L., 1964a. The nematode parasites and associates of the fir engraver beetle, Scolytus ventralis Le Conte, in New Mexico. J. Insect Pathol. 6, 133–155.",https://www.cabidigitallibrary.org/doi/full/10.5555/19640501265,only English abstract
3cd970ea-0cac-810a-8269-dde55ee937b4,534,Scolytus ventralis,3cd970ea-0cac-8188-8580-c20e1d961821,Plectus eurycerus,Nematode,,,associate?,,,,"New Mexico, United States",1964,"Massey, 1964a","Massey, C.L., 1964a. The nematode parasites and associates of the fir engraver beetle, Scolytus ventralis Le Conte, in New Mexico. J. Insect Pathol. 6, 133–155.",https://www.cabidigitallibrary.org/doi/full/10.5555/19640501265,only English abstract
3cd970ea-0cac-81cf-9232-d76a263a7480,535,Scolytus ventralis,3cd970ea-0cac-8188-8580-c20e1d961821,Plectus makrodemas,Nematode,,,associate?,,,,"New Mexico, United States",1964,"Massey, 1964a","Massey, C.L., 1964a. The nematode parasites and associates of the fir engraver beetle, Scolytus ventralis Le Conte, in New Mexico. J. Insect Pathol. 6, 133–155.",https://www.cabidigitallibrary.org/doi/full/10.5555/19640501265,only English abstract
3cd970ea-0cac-8137-a8af-c84b1fcedcc4,536,Scolytus ventralis,3cd970ea-0cac-8188-8580-c20e1d961821,Panagromacra margaretae,Nematode,,,associate?,,,,"New Mexico, United States",1964,"Massey, 1964a","Massey, C.L., 1964a. The nematode parasites and associates of the fir engraver beetle, Scolytus ventralis Le Conte, in New Mexico. J. Insect Pathol. 6, 133–155.",https://www.cabidigitallibrary.org/doi/full/10.5555/19640501265,only English abstract
3cd970ea-0cac-815f-808d-d446d231aed4,537,Dendroctonus rufipennis,3cd970ea-0cac-8134-a2c9-c7fa5c20155e,Ektaphelenchus riograndensis,Nematode,,,parasite,,,,United States,1964,"Massey, 1964b","Massey, C.L., 1964b. Two new species of the nematode genus Ektaphelenchus (Nematoda: Aphelenchoididae) parasites of bark beetles in the south-western United States. Proc. Helminthol. Soc. Wash. 31, 37–40.",https://www.cabidigitallibrary.org/doi/full/10.5555/19650800469,only English abstract
3cd970ea-0cac-8196-a150-e4051c4b6615,538,Dendroctonus barberi,3cd970ea-0cac-813c-9bab-da0ca998a960,Ektaphelenchus riograndensis,Nematode,,,parasite,,,,United States,1964,"Massey, 1964b","Massey, C.L., 1964b. Two new species of the nematode genus Ektaphelenchus (Nematoda: Aphelenchoididae) parasites of bark beetles in the south-western United States. Proc. Helminthol. Soc. Wash. 31, 37–40.",https://www.cabidigitallibrary.org/doi/full/10.5555/19650800469,only English abstract
3cd970ea-0cac-814c-87b7-e273998b9277,539,Ips integer,3cd970ea-0cac-8150-8570-d0e2a0293166,Ektaphelenchus riograndensis,Nematode,,,parasite,,,,United States,1964,"Massey, 1964b","Massey, C.L., 1964b. Two new species of the nematode genus Ektaphelenchus (Nematoda: Aphelenchoididae) parasites of bark beetles in the south-western United States. Proc. Helminthol. Soc. Wash. 31, 37–40.",https://www.cabidigitallibrary.org/doi/full/10.5555/19650800469,only English abstract
3cd970ea-0cac-8164-972e-c812b58a2fe9,540,Ips calligraphus,3cd970ea-0cac-8173-bd2a-d18690870555,Ektaphelenchus riograndensis,Nematode,,,parasite,,,,United States,1964,"Massey, 1964b","Massey, C.L., 1964b. Two new species of the nematode genus Ektaphelenchus (Nematoda: Aphelenchoididae) parasites of bark beetles in the south-western United States. Proc. Helminthol. Soc. Wash. 31, 37–40.",https://www.cabidigitallibrary.org/doi/full/10.5555/19650800469,only English abstract
3cd970ea-0cac-81a7-acca-f7a01fa75fb7,541,Ips lecontei,3cd970ea-0cac-811d-944d-f6a33c686871,Ektaphelenchus riograndensis,Nematode,,,parasite,,,,United States,1964,"Massey, 1964b","Massey, C.L., 1964b. Two new species of the nematode genus Ektaphelenchus (Nematoda: Aphelenchoididae) parasites of bark beetles in the south-western United States. Proc. Helminthol. Soc. Wash. 31, 37–40.",https://www.cabidigitallibrary.org/doi/full/10.5555/19650800469,only English abstract
3cd970ea-0cac-81d3-b56e-efc6fbfcd20b,542,Ips oregonis,3cd970ea-0cac-8192-974d-d9a06e7893c5,Ektaphelenchus riograndensis,Nematode,,,parasite,,,,United States,1964,"Massey, 1964b","Massey, C.L., 1964b. Two new species of the nematode genus Ektaphelenchus (Nematoda: Aphelenchoididae) parasites of bark beetles in the south-western United States. Proc. Helminthol. Soc. Wash. 31, 37–40.",https://www.cabidigitallibrary.org/doi/full/10.5555/19650800469,only English abstract
3cd970ea-0cac-81f0-b0f7-c3793dd74b5e,543,Dryocoetes confusus,3cd970ea-0cac-8181-aa46-cd00f7c990d9,Ektaphelenchus prolobos,Nematode,,,parasite,,,,United States,1964,"Massey, 1964b","Massey, C.L., 1964b. Two new species of the nematode genus Ektaphelenchus (Nematoda: Aphelenchoididae) parasites of bark beetles in the south-western United States. Proc. Helminthol. Soc. Wash. 31, 37–40.",https://www.cabidigitallibrary.org/doi/full/10.5555/19650800469,only English abstract
3cd970ea-0cac-815f-b195-da1dd12b23d0,544,Dendroctonus adjunctus,3cd970ea-0cac-81fa-a396-df87a2420c72,Parasitylenchus stipatus,Nematode,,,internal parasite,,,,"New Mexico, United States",1966,"Massey, 1966a","Massey, C. L. (1966). The nematode parasites and associates of Dendroctonus adjunctus (Coleoptera: Scolytidae) in New Mexico. Annals of the Entomological Society of America, 59(3), 424-440.",https://doi.org/10.1093/aesa/59.3.424,
3cd970ea-0cac-81ea-86ff-c5dbab97958c,545,Dendroctonus adjunctus,3cd970ea-0cac-81fa-a396-df87a2420c72,Parasitaphelenchus dendroctoni,Nematode,,,internal parasite,,,,"New Mexico, United States",1966,"Massey, 1966a","Massey, C. L. (1966). The nematode parasites and associates of Dendroctonus adjunctus (Coleoptera: Scolytidae) in New Mexico. Annals of the Entomological Society of America, 59(3), 424-440.",https://doi.org/10.1093/aesa/59.3.424,
3cd970ea-0cac-81ef-9066-e268b33c6c1e,546,Dendroctonus pseudotsugae,3cd970ea-0cac-818b-8879-fe03575b52dd,Neoditylenchus puniwopus,Nematode,,,associate,,,,United States,1969,"Massey, 1969","Massey, C.L., 1969. New species of tylenchs associated with bark beetles in New Mexico and Colorado. Proc. Helminthol. Soc. Wash. 64, 43–52.",,
3cd970ea-0cac-81a8-9a20-f3ceff856fa6,547,Dendroctonus rufipennis,3cd970ea-0cac-8134-a2c9-c7fa5c20155e,Neoditylenchus yasinskii,Nematode,,,associate,,,,United States,1969,"Massey, 1969","Massey, C.L., 1969. New species of tylenchs associated with bark beetles in New Mexico and Colorado. Proc. Helminthol. Soc. Wash. 64, 43–52.",,
3cd970ea-0cac-817a-a11f-f44f9a41cbf9,548,Scolytus multistriatus,3cd970ea-0cac-81d9-bda0-ca455fdf65b6,Sychnotylenchus scolyti,Nematode,,,associate,,,,United States,1969,"Massey, 1969","Massey, C.L., 1969. New species of tylenchs associated with bark beetles in New Mexico and Colorado. Proc. Helminthol. Soc. Wash. 64, 43–52.",,
3cd970ea-0cac-815c-8624-d92c9930616f,549,Phloeosinus sp.,3cd970ea-0cac-81cc-9af4-d3e0b9bed7ce,Sychnotylenchus phloeosini,Nematode,,,associate,,,,United States,1969,"Massey, 1969","Massey, C.L., 1969. New species of tylenchs associated with bark beetles in New Mexico and Colorado. Proc. Helminthol. Soc. Wash. 64, 43–52.",,
3cd970ea-0cac-8115-a91e-f033e0c26257,550,Dendroctonus rufipennis,3cd970ea-0cac-8134-a2c9-c7fa5c20155e,Aglenchus exignus,Nematode,,,associate,,,,United States,1969,"Massey, 1969","Massey, C.L., 1969. New species of tylenchs associated with bark beetles in New Mexico and Colorado. Proc. Helminthol. Soc. Wash. 64, 43–52.",,
3cd970ea-0cac-8101-96f0-dfdc460d1832,551,Dendroctonus rufipennis,3cd970ea-0cac-8134-a2c9-c7fa5c20155e,Neotylenchus nitidus,Nematode,,,associate,,,,United States,1969,"Massey, 1969","Massey, C.L., 1969. New species of tylenchs associated with bark beetles in New Mexico and Colorado. Proc. Helminthol. Soc. Wash. 64, 43–52.",,
3cd970ea-0cac-8170-aeef-f245fb13b603,552,Dendroctonus adjunctus,3cd970ea-0cac-81fa-a396-df87a2420c72,Parasitylenchus stipatus,Nematode,,,parasite,,,,United States,1974,"Massey, 1974","Massey, C. L. (1974). Biology and taxonomy of nematode parasites and associates of bark beetles in the United States (No. 446). Forest Service, US Department of Agriculture.",https://archive.org/details/biologytaxonomyo0000mass,full text
3cd970ea-0cac-81bf-9ed8-fffe88a2e147,553,Dendroctonus adjunctus,3cd970ea-0cac-81fa-a396-df87a2420c72,Parasitaphelenchus dendroctoni,Nematode,,,parasite,,,,United States,1974,"Massey, 1974","Massey, C. L. (1974). Biology and taxonomy of nematode parasites and associates of bark beetles in the United States (No. 446). Forest Service, US Department of Agriculture.",https://archive.org/details/biologytaxonomyo0000mass,full text
3cd970ea-0cac-810f-a3d3-eb61a80a0c59,554,Dendroctonus brevicomis,3cd970ea-0cac-81b8-bdb2-d0d58ae1dd6f,Contortylenchus brevicomi,Nematode,,,parasite,,,,United States,1974,"Massey, 1974","Massey, C. L. (1974). Biology and taxonomy of nematode parasites and associates of bark beetles in the United States (No. 446). Forest Service, US Department of Agriculture.",https://archive.org/details/biologytaxonomyo0000mass,full text
3cd970ea-0cac-81e5-9bb4-e088ed3012aa,555,Dendroctonus frontalis,3cd970ea-0cac-81b5-b18d-f10167e662e3,Contortylenchus brevicomi,Nematode,,,parasite,,,,United States,1974,"Massey, 1974","Massey, C. L. (1974). Biology and taxonomy of nematode parasites and associates of bark beetles in the United States (No. 446). Forest Service, US Department of Agriculture.",https://archive.org/details/biologytaxonomyo0000mass,full text
3cd970ea-0cac-8114-9d1c-c730f193ae33,556,Dendroctonus ponderosae,3cd970ea-0cac-8190-bc06-f7745f245114,Contortylenchus reversus,Nematode,,,parasite,,,,United States,1974,"Massey, 1974","Massey, C. L. (1974). Biology and taxonomy of nematode parasites and associates of bark beetles in the United States (No. 446). Forest Service, US Department of Agriculture.",https://archive.org/details/biologytaxonomyo0000mass,full text
3cd970ea-0cac-8149-a590-ce0b846ac539,557,Dendroctonus pseudotsugae,3cd970ea-0cac-818b-8879-fe03575b52dd,Contortylenchus reversus,Nematode,,,parasite,,,,United States,1974,"Massey, 1974","Massey, C. L. (1974). Biology and taxonomy of nematode parasites and associates of bark beetles in the United States (No. 446). Forest Service, US Department of Agriculture.",https://archive.org/details/biologytaxonomyo0000mass,full text
3cd970ea-0cac-814a-9e9d-fb8a9026de87,558,Dendroctonus pseudotsugae,3cd970ea-0cac-818b-8879-fe03575b52dd,Parasitylenchus beccus,Nematode,,,parasite,,,,United States,1974,"Massey, 1974","Massey, C. L. (1974). Biology and taxonomy of nematode parasites and associates of bark beetles in the United States (No. 446). Forest Service, US Department of Agriculture.",https://archive.org/details/biologytaxonomyo0000mass,full text
3cd970ea-0cac-811b-87a0-f29b496c8f96,559,Dendroctonus rufipennis,3cd970ea-0cac-8134-a2c9-c7fa5c20155e,Sphaerularia dendroctoni,Nematode,,,parasite,,,,United States,1974,"Massey, 1974","Massey, C. L. (1974). Biology and taxonomy of nematode parasites and associates of bark beetles in the United States (No. 446). Forest Service, US Department of Agriculture.",https://archive.org/details/biologytaxonomyo0000mass,full text
3cd970ea-0cac-81ce-addc-d34353ed78b3,560,Dendroctonus rufipennis,3cd970ea-0cac-8134-a2c9-c7fa5c20155e,Contortylenchus reversus,Nematode,,,parasite,,,,United States,1974,"Massey, 1974","Massey, C. L. (1974). Biology and taxonomy of nematode parasites and associates of bark beetles in the United States (No. 446). Forest Service, US Department of Agriculture.",https://archive.org/details/biologytaxonomyo0000mass,full text
3cd970ea-0cac-81fd-b9ff-d297aa76c803,561,Dendroctonus terebrans,3cd970ea-0cac-8159-abaa-d4cae3c8c14e,Contortylenchus terebranus,Nematode,,,parasite,,,,United States,1974,"Massey, 1974","Massey, C. L. (1974). Biology and taxonomy of nematode parasites and associates of bark beetles in the United States (No. 446). Forest Service, US Department of Agriculture.",https://archive.org/details/biologytaxonomyo0000mass,full text
3cd970ea-0cac-8194-ab80-fda6a4d5f81b,562,Dendroctonus valens,3cd970ea-0cac-815f-8d62-ff317aff923c,Contortylenchus sp.,Nematode,,,parasite,,,,United States,1974,"Massey, 1974","Massey, C. L. (1974). Biology and taxonomy of nematode parasites and associates of bark beetles in the United States (No. 446). Forest Service, US Department of Agriculture.",https://archive.org/details/biologytaxonomyo0000mass,full text
3cd970ea-0cac-81ca-a5a6-c29dd0f8a01f,563,Ips avulsus,3cd970ea-0cac-81c2-b4d1-f11ed6ee8189,Parasitylenchus avulsi,Nematode,,,parasite,,,,United States,1974,"Massey, 1974","Massey, C. L. (1974). Biology and taxonomy of nematode parasites and associates of bark beetles in the United States (No. 446). Forest Service, US Department of Agriculture.",https://archive.org/details/biologytaxonomyo0000mass,full text
3cd970ea-0cac-819b-9813-ee0e64f5185f,564,Ips calligraphus,3cd970ea-0cac-8173-bd2a-d18690870555,Contortylenchus grandicolli,Nematode,,,parasite,,,,United States,1974,"Massey, 1974","Massey, C. L. (1974). Biology and taxonomy of nematode parasites and associates of bark beetles in the United States (No. 446). Forest Service, US Department of Agriculture.",https://archive.org/details/biologytaxonomyo0000mass,full text
3cd970ea-0cac-81bf-9a28-ec5cd463471c,565,Ips confusus,3cd970ea-0cac-81dc-bbc7-ee2c469f8ddf,Contortylenchus elongatus,Nematode,,,parasite,,,,United States,1974,"Massey, 1974","Massey, C. L. (1974). Biology and taxonomy of nematode parasites and associates of bark beetles in the United States (No. 446). Forest Service, US Department of Agriculture.",https://archive.org/details/biologytaxonomyo0000mass,full text
3cd970ea-0cac-81b7-83e3-caa1bed3b2ad,566,Ips cribricollis,3cd970ea-0cac-81de-9495-db898682da04,Contortylenchus cribicolli,Nematode,,,parasite,,,,United States,1974,"Massey, 1974","Massey, C. L. (1974). Biology and taxonomy of nematode parasites and associates of bark beetles in the United States (No. 446). Forest Service, US Department of Agriculture.",https://archive.org/details/biologytaxonomyo0000mass,full text
3cd970ea-0cac-81da-a919-cca2ff0b50c8,567,Ips grandicollis,3cd970ea-0cac-8100-b325-daf2aaa8c8b8,Contortylenchus grandicolli,Nematode,,,parasite,,,,United States,1974,"Massey, 1974","Massey, C. L. (1974). Biology and taxonomy of nematode parasites and associates of bark beetles in the United States (No. 446). Forest Service, US Department of Agriculture.",https://archive.org/details/biologytaxonomyo0000mass,full text
3cd970ea-0cac-8119-a593-c31b9827ae80,568,Ips pilifrons,3cd970ea-0cac-81aa-ae2b-d637066a700f,Contortylenchus spirus,Nematode,,,parasite,,,,United States,1974,"Massey, 1974","Massey, C. L. (1974). Biology and taxonomy of nematode parasites and associates of bark beetles in the United States (No. 446). Forest Service, US Department of Agriculture.",https://archive.org/details/biologytaxonomyo0000mass,full text
3cd970ea-0cac-81eb-b172-f00b4363c020,569,Ips pini,3cd970ea-0cac-81f0-9fd5-cb33623bff72,Parasitylenchus ipinius,Nematode,,,parasite,,,,United States,1974,"Massey, 1974","Massey, C. L. (1974). Biology and taxonomy of nematode parasites and associates of bark beetles in the United States (No. 446). Forest Service, US Department of Agriculture.",https://archive.org/details/biologytaxonomyo0000mass,full text
3cd970ea-0cac-810b-a0bc-fdc8a1c1fef9,570,Ips pini,3cd970ea-0cac-81f0-9fd5-cb33623bff72,Parasitylenchus ovarius,Nematode,,,parasite,,,,United States,1974,"Massey, 1974","Massey, C. L. (1974). Biology and taxonomy of nematode parasites and associates of bark beetles in the United States (No. 446). Forest Service, US Department of Agriculture.",https://archive.org/details/biologytaxonomyo0000mass,full text
3cd970ea-0cac-81be-9077-fd6db515ce20,571,Ips pini,3cd970ea-0cac-81f0-9fd5-cb33623bff72,Contortylenchus spirus,Nematode,,,parasite,,,,United States,1974,"Massey, 1974","Massey, C. L. (1974). Biology and taxonomy of nematode parasites and associates of bark beetles in the United States (No. 446). Forest Service, US Department of Agriculture.",https://archive.org/details/biologytaxonomyo0000mass,full text
3cd970ea-0cac-81de-b164-e465981248b4,572,Hylurgops pinifex,3cd970ea-0cac-8119-93e9-c9a99ba03ca3,Parasitylenchus coronatus,Nematode,,,parasite,,,,United States,1974,"Massey, 1974","Massey, C. L. (1974). Biology and taxonomy of nematode parasites and associates of bark beetles in the United States (No. 446). Forest Service, US Department of Agriculture.",https://archive.org/details/biologytaxonomyo0000mass,full text
3cd970ea-0cac-81cd-8eb3-f62a379bf602,573,Hylurgops pinifex,3cd970ea-0cac-8119-93e9-c9a99ba03ca3,Contortylenchus sp.,Nematode,,,parasite,,,,United States,1974,"Massey, 1974","Massey, C. L. (1974). Biology and taxonomy of nematode parasites and associates of bark beetles in the United States (No. 446). Forest Service, US Department of Agriculture.",https://archive.org/details/biologytaxonomyo0000mass,full text
3cd970ea-0cac-81a1-9b57-e855f9f62f65,574,Hylesinus aculeatus,3cd970ea-0cac-81bc-886e-ed9b9d343391,Parasitylenchus lepersini,Nematode,,,parasite,,,,United States,1974,"Massey, 1974","Massey, C. L. (1974). Biology and taxonomy of nematode parasites and associates of bark beetles in the United States (No. 446). Forest Service, US Department of Agriculture.",https://archive.org/details/biologytaxonomyo0000mass,full text
3cd970ea-0cac-8101-8ae9-f58a25f378c0,575,Orthotomicus caelatus,3cd970ea-0cac-81b6-a356-f37efda65afd,Parasitylenchus oriundus,Nematode,,,parasite,,,,United States,1974,"Massey, 1974","Massey, C. L. (1974). Biology and taxonomy of nematode parasites and associates of bark beetles in the United States (No. 446). Forest Service, US Department of Agriculture.",https://archive.org/details/biologytaxonomyo0000mass,full text
3cd970ea-0cac-811c-b87f-c038d279fbae,576,Pityophthorus sp.,3cd970ea-0cac-813e-ad04-c07f365002ca,Contortylenchus pityophthori,Nematode,,,parasite,,,,United States,1974,"Massey, 1974","Massey, C. L. (1974). Biology and taxonomy of nematode parasites and associates of bark beetles in the United States (No. 446). Forest Service, US Department of Agriculture.",https://archive.org/details/biologytaxonomyo0000mass,full text
3cd970ea-0cac-8163-878f-f348f4578441,577,Pityophthorus sp.,3cd970ea-0cac-813e-ad04-c07f365002ca,Parasitaphelenchus sp.,Nematode,,,parasite,,,,United States,1974,"Massey, 1974","Massey, C. L. (1974). Biology and taxonomy of nematode parasites and associates of bark beetles in the United States (No. 446). Forest Service, US Department of Agriculture.",https://archive.org/details/biologytaxonomyo0000mass,full text
3cd970ea-0cac-81c6-a15c-e7265c24e860,578,Pityophthorus sp.,3cd970ea-0cac-813e-ad04-c07f365002ca,Parasitylenchus sp.,Nematode,,,parasite,,,,United States,1974,"Massey, 1974","Massey, C. L. (1974). Biology and taxonomy of nematode parasites and associates of bark beetles in the United States (No. 446). Forest Service, US Department of Agriculture.",https://archive.org/details/biologytaxonomyo0000mass,full text
3cd970ea-0cac-8114-91b4-fdca96b4b4d8,579,Polygraphus hoppingi,3cd970ea-0cac-8193-8064-d33a9fe2fb7f,Parasitylenchus parasitus,Nematode,,,parasite,,,,United States,1974,"Massey, 1974","Massey, C. L. (1974). Biology and taxonomy of nematode parasites and associates of bark beetles in the United States (No. 446). Forest Service, US Department of Agriculture.",https://archive.org/details/biologytaxonomyo0000mass,full text
3cd970ea-0cac-8148-bb38-d0747f36f015,580,Scolytus multistriatus,3cd970ea-0cac-81d9-bda0-ca455fdf65b6,Parasitaphelenchus sp.,Nematode,,,parasite,,,,United States,1974,"Massey, 1974","Massey, C. L. (1974). Biology and taxonomy of nematode parasites and associates of bark beetles in the United States (No. 446). Forest Service, US Department of Agriculture.",https://archive.org/details/biologytaxonomyo0000mass,full text
3cd970ea-0cac-811e-a603-e2a49c2e4b9b,581,Scolytus ventralis,3cd970ea-0cac-8188-8580-c20e1d961821,Parasitylenchus elongatus,Nematode,,,parasite,,,,United States,1974,"Massey, 1974","Massey, C. L. (1974). Biology and taxonomy of nematode parasites and associates of bark beetles in the United States (No. 446). Forest Service, US Department of Agriculture.",https://archive.org/details/biologytaxonomyo0000mass,full text
3cd970ea-0cac-81d9-8352-d3a5d76e7c95,586,Ips typographus,3cd970ea-0cac-81e7-bd37-c7209a5601d7,Neoparasitylenchus sp.,Nematode,evaluation of pathogen from beetles,,pathogen,,,,Slovakia,2012,"Michalková et al., 2012","Michalková, V., Krascsenitsová, E., & Kozánek, M. (2012). On the pathogens of the spruce bark beetle Ips typographus (Coleoptera: Scolytinae) in the Western Carpathians. Biologia, 67(1), 217-221.",https://doi.org/10.2478/s11756-011-0154-7,full text
3cd970ea-0cac-8196-923e-d9e87c87629b,587,Ips typographus,3cd970ea-0cac-81e7-bd37-c7209a5601d7,unidentified nematode species,Nematode,evaluation of pathogen from beetles,,pathogen,,,,Slovakia,2012,"Michalková et al., 2012","Michalková, V., Krascsenitsová, E., & Kozánek, M. (2012). On the pathogens of the spruce bark beetle Ips typographus (Coleoptera: Scolytinae) in the Western Carpathians. Biologia, 67(1), 217-221.",https://doi.org/10.2478/s11756-011-0154-7,full text
3cd970ea-0cac-81db-8f13-cede8bce3eb3,637,Ips confusus,3cd970ea-0cac-81dc-bbc7-ee2c469f8ddf,Contortylenchus elongatus,Nematode,,,parasite,,,,,1963,"Nickle, 1963","Nickle, W. R. (1963). Observations on the effect of nematodes on Ips confusus (LeConte) and other bark beetles.",https://www.cabidigitallibrary.org/doi/full/10.5555/19630602501,only English abstract
3cd970ea-0cac-8131-a94e-fec7e94cb2e1,638,Dendroctonus brevicomis,3cd970ea-0cac-81b8-bdb2-d0d58ae1dd6f,Contortylenchus brevicomi,Nematode,,,parasite,,,,,1963,"Nickle, 1963","Nickle, W. R. (1963). Observations on the effect of nematodes on Ips confusus (LeConte) and other bark beetles.",https://www.cabidigitallibrary.org/doi/full/10.5555/19630602501,only English abstract
3cd970ea-0cac-8127-b44b-fd6bbe46e219,639,Ips confusus,3cd970ea-0cac-81dc-bbc7-ee2c469f8ddf,Sulphurtylenchus sp.,Nematode,,,pathogen,,,,,1963,"Nickle, 1963","Nickle, W. R. (1963). Observations on the effect of nematodes on Ips confusus (LeConte) and other bark beetles.",https://www.cabidigitallibrary.org/doi/full/10.5555/19630602501,only English abstract
3cd970ea-0cac-819e-9cc5-e8ee4bc1a204,640,Scolytus rugulosus,3cd970ea-0cac-814e-8699-ee61886bc086,Neoparasitylenchus rugulosi,Nematode,,,parasite,,,,United States,1971,"Nickle, 1971","Nickle, W. R. (1971). Behavior of the shothole borer, Scolytus rugulosus, altered by the nematode parasite Neoparasitylenchus rugulosi. Annals of the Entomological Society of America, 64(3), 751-751.",https://doi.org/10.1093/aesa/64.3.751,full text
3cd970ea-0cac-8105-8c80-d78e8e745c47,737,Ips duplicatus,3cd970ea-0cac-8141-8c9c-eda2a1055c4c,Contortylenchus cylindricus,Nematode,,,parasite,,,,,1967,"Slankis, 1967","Slankis, A. (1967). Contortylenchus cylindricus n. sp. and Contortylenchus rarus n. sp.(Tylenchida: Contortylenchidae) parasitic in bark beetles and taxonomic notes on the genus Contortylenchus Ruhm 1956.",https://www.cabidigitallibrary.org/doi/full/10.5555/19690804857,only English abstract
3cd970ea-0cac-8111-8e66-c00db1a3341b,738,Hylurgops starki,3cd970ea-0cac-81a1-85d5-c577d71fc539,Contortylenchus rarus,Nematode,,,parasite,,,,,1967,"Slankis, 1967","Slankis, A. (1967). Contortylenchus cylindricus n. sp. and Contortylenchus rarus n. sp.(Tylenchida: Contortylenchidae) parasitic in bark beetles and taxonomic notes on the genus Contortylenchus Ruhm 1956.",https://www.cabidigitallibrary.org/doi/full/10.5555/19690804857,only English abstract
3cd970ea-0cac-811b-83c1-ed45d2c89bc2,739,Ips sexdentatus,3cd970ea-0cac-81b2-b8a3-d4a7253b9941,Contortylenchus pseudodiplogaster,Nematode,,,parasite,,,,Russia,1969,"Slankis, 1969","Slankis, A. (1969). A new species of endoparasitic nematode, Contortylenchus pseudodiplogaster n. sp. from the bark beetle, Ips sexdentatus.",,
3cd970ea-0cac-8129-a857-cc4829a53f38,753,Ips typographus,3cd970ea-0cac-81e7-bd37-c7209a5601d7,Contortylenchus diplogaster,Nematode,isolated from beetle,,pathogen,morphological,,,Bulgaria,2006,"Takov et al., 2006","Takov, D., Pilarska, D., & Wegensteiner, R. (2006). Entomopathogens in Ips typographus (Coleoptera: Scolytidae) from several spruce stands in Bulgaria. Acta zoologica bulgarica, 58(3), 409-420.",https://www.researchgate.net/profile/Danail-Takov/publication/340033504_Entomopathogens_in_Ips_typographus_Coleoptera_Scolytidae_from_Several_Spruce_Stands_in_Bulgaria/links/5e739f09458515350c88dbc5/Entomopathogens-in-Ips-typographus-Coleoptera-Scolytidae-from-Several-Spruce-Stands-in-Bulgaria.pdf,full text
3cd970ea-0cac-81fa-90d6-ff4da496f260,754,Ips typographus,3cd970ea-0cac-81e7-bd37-c7209a5601d7,Cryptaphelenchus macrogaster,Nematode,isolated from beetle,,pathogen,morphological,,,Bulgaria,2006,"Takov et al., 2006","Takov, D., Pilarska, D., & Wegensteiner, R. (2006). Entomopathogens in Ips typographus (Coleoptera: Scolytidae) from several spruce stands in Bulgaria. Acta zoologica bulgarica, 58(3), 409-420.",https://www.researchgate.net/profile/Danail-Takov/publication/340033504_Entomopathogens_in_Ips_typographus_Coleoptera_Scolytidae_from_Several_Spruce_Stands_in_Bulgaria/links/5e739f09458515350c88dbc5/Entomopathogens-in-Ips-typographus-Coleoptera-Scolytidae-from-Several-Spruce-Stands-in-Bulgaria.pdf,full text
3cd970ea-0cac-8192-aad7-c7892db876f3,784,Dryocoetes autographus,3cd970ea-0cac-81b6-87c6-e583eea30425,Nematodan,Nematode,,,pathogen; did not identify species,,,,Bulgaria,2011,"Takov et al., 2011","Takov, D., Doychev, D., Linde, A., Draganova, S., Pilarska, D., 2011. Pathogens of bark beetles (Coleoptera: Curculionidae) in Bulgarian forests. Phytoparasitica 39, 343–352.",https://doi.org/10.1007/s12600-011-0167-3,full text
3cd970ea-0cac-8155-92c7-cd9d1bb691aa,785,Hylurgops palliatus,3cd970ea-0cac-816f-b74a-dc5ef373dcda,Nematodan,Nematode,,,pathogen; did not identify species,,,,Bulgaria,2011,"Takov et al., 2011","Takov, D., Doychev, D., Linde, A., Draganova, S., Pilarska, D., 2011. Pathogens of bark beetles (Coleoptera: Curculionidae) in Bulgarian forests. Phytoparasitica 39, 343–352.",https://doi.org/10.1007/s12600-011-0167-3,full text
3cd970ea-0cac-81e8-9ecb-fd8df5481e43,786,Hylurgus ligniperda,3cd970ea-0cac-8168-b077-f1c598e6fefd,Nematodan,Nematode,,,pathogen; did not identify species,,,,Bulgaria,2011,"Takov et al., 2011","Takov, D., Doychev, D., Linde, A., Draganova, S., Pilarska, D., 2011. Pathogens of bark beetles (Coleoptera: Curculionidae) in Bulgarian forests. Phytoparasitica 39, 343–352.",https://doi.org/10.1007/s12600-011-0167-3,full text
3cd970ea-0cac-8107-9e0e-deefad95d1ae,787,Ips acuminatus,3cd970ea-0cac-81e3-9078-eb847964ce01,Nematodan,Nematode,,,pathogen; did not identify species,,,,Bulgaria,2011,"Takov et al., 2011","Takov, D., Doychev, D., Linde, A., Draganova, S., Pilarska, D., 2011. Pathogens of bark beetles (Coleoptera: Curculionidae) in Bulgarian forests. Phytoparasitica 39, 343–352.",https://doi.org/10.1007/s12600-011-0167-3,full text
3cd970ea-0cac-8183-9b67-fa016691c2fe,788,Ips sexdentatus,3cd970ea-0cac-81b2-b8a3-d4a7253b9941,Nematodan,Nematode,,,pathogen; did not identify species,,,,Bulgaria,2011,"Takov et al., 2011","Takov, D., Doychev, D., Linde, A., Draganova, S., Pilarska, D., 2011. Pathogens of bark beetles (Coleoptera: Curculionidae) in Bulgarian forests. Phytoparasitica 39, 343–352.",https://doi.org/10.1007/s12600-011-0167-3,full text
3cd970ea-0cac-81fe-a2df-ea5aec7af771,789,Ips typographus,3cd970ea-0cac-81e7-bd37-c7209a5601d7,Nematodan,Nematode,,,pathogen; did not identify species,,,,Bulgaria,2011,"Takov et al., 2011","Takov, D., Doychev, D., Linde, A., Draganova, S., Pilarska, D., 2011. Pathogens of bark beetles (Coleoptera: Curculionidae) in Bulgarian forests. Phytoparasitica 39, 343–352.",https://doi.org/10.1007/s12600-011-0167-3,full text
3cd970ea-0cac-8161-a4a5-f079c70cd848,790,Orthotomicus erosus,3cd970ea-0cac-81d4-bd25-d278cfe41fda,Nematodan,Nematode,,,pathogen; did not identify species,,,,Bulgaria,2011,"Takov et al., 2011","Takov, D., Doychev, D., Linde, A., Draganova, S., Pilarska, D., 2011. Pathogens of bark beetles (Coleoptera: Curculionidae) in Bulgarian forests. Phytoparasitica 39, 343–352.",https://doi.org/10.1007/s12600-011-0167-3,full text
3cd970ea-0cac-8157-a93d-d266109de113,791,Orthotomicus laricis,3cd970ea-0cac-815a-9fd8-cc7d9a98ef8b,Nematodan,Nematode,,,pathogen; did not identify species,,,,Bulgaria,2011,"Takov et al., 2011","Takov, D., Doychev, D., Linde, A., Draganova, S., Pilarska, D., 2011. Pathogens of bark beetles (Coleoptera: Curculionidae) in Bulgarian forests. Phytoparasitica 39, 343–352.",https://doi.org/10.1007/s12600-011-0167-3,full text
3cd970ea-0cac-8186-9c39-e6bf8fc12cfa,792,Orthotomicus longicollis,3cd970ea-0cac-819c-8ea1-e4b3fb0ecf1c,Nematodan,Nematode,,,pathogen; did not identify species,,,,Bulgaria,2011,"Takov et al., 2011","Takov, D., Doychev, D., Linde, A., Draganova, S., Pilarska, D., 2011. Pathogens of bark beetles (Coleoptera: Curculionidae) in Bulgarian forests. Phytoparasitica 39, 343–352.",https://doi.org/10.1007/s12600-011-0167-3,full text
3cd970ea-0cac-81b5-b7ba-e405d10b8830,793,Orthotomicus proximus,3cd970ea-0cac-8154-a60b-ddce71aa9d0d,Nematodan,Nematode,,,pathogen; did not identify species,,,,Bulgaria,2011,"Takov et al., 2011","Takov, D., Doychev, D., Linde, A., Draganova, S., Pilarska, D., 2011. Pathogens of bark beetles (Coleoptera: Curculionidae) in Bulgarian forests. Phytoparasitica 39, 343–352.",https://doi.org/10.1007/s12600-011-0167-3,full text
3cd970ea-0cac-81a6-a0c5-e7212957c361,794,Pityogenes bidentatus,3cd970ea-0cac-81b7-87c0-c10ed8aa9e9b,Nematodan,Nematode,,,pathogen; did not identify species,,,,Bulgaria,2011,"Takov et al., 2011","Takov, D., Doychev, D., Linde, A., Draganova, S., Pilarska, D., 2011. Pathogens of bark beetles (Coleoptera: Curculionidae) in Bulgarian forests. Phytoparasitica 39, 343–352.",https://doi.org/10.1007/s12600-011-0167-3,full text
3cd970ea-0cac-8124-bb10-da9465341e7e,795,Pityogenes bistridentatus,3cd970ea-0cac-813c-9776-cbeccb266260,Nematodan,Nematode,,,pathogen; did not identify species,,,,Bulgaria,2011,"Takov et al., 2011","Takov, D., Doychev, D., Linde, A., Draganova, S., Pilarska, D., 2011. Pathogens of bark beetles (Coleoptera: Curculionidae) in Bulgarian forests. Phytoparasitica 39, 343–352.",https://doi.org/10.1007/s12600-011-0167-3,full text
3cd970ea-0cac-814b-9180-e7cabee658ca,796,Pityogenes chalcographus,3cd970ea-0cac-81ae-b124-f43044691162,Nematodan,Nematode,,,pathogen; did not identify species,,,,Bulgaria,2011,"Takov et al., 2011","Takov, D., Doychev, D., Linde, A., Draganova, S., Pilarska, D., 2011. Pathogens of bark beetles (Coleoptera: Curculionidae) in Bulgarian forests. Phytoparasitica 39, 343–352.",https://doi.org/10.1007/s12600-011-0167-3,full text
3cd970ea-0cac-810f-8466-f0dd6fe84325,797,Pityogenes conjunctus,3cd970ea-0cac-819f-a858-d3ccf8a3d570,Nematodan,Nematode,,,pathogen; did not identify species,,,,Bulgaria,2011,"Takov et al., 2011","Takov, D., Doychev, D., Linde, A., Draganova, S., Pilarska, D., 2011. Pathogens of bark beetles (Coleoptera: Curculionidae) in Bulgarian forests. Phytoparasitica 39, 343–352.",https://doi.org/10.1007/s12600-011-0167-3,full text
3cd970ea-0cac-815b-b1f9-e208a0a5638f,798,Pityogenes quadridens,3cd970ea-0cac-815d-aae3-c51debcdb938,Nematodan,Nematode,,,pathogen; did not identify species,,,,Bulgaria,2011,"Takov et al., 2011","Takov, D., Doychev, D., Linde, A., Draganova, S., Pilarska, D., 2011. Pathogens of bark beetles (Coleoptera: Curculionidae) in Bulgarian forests. Phytoparasitica 39, 343–352.",https://doi.org/10.1007/s12600-011-0167-3,full text
3cd970ea-0cac-81ff-8dbf-c7fe0e374639,799,Taphrorychus villifrons,3cd970ea-0cac-81fe-bf65-c7f2d8493349,Nematodan,Nematode,,,pathogen; did not identify species,,,,Bulgaria,2011,"Takov et al., 2011","Takov, D., Doychev, D., Linde, A., Draganova, S., Pilarska, D., 2011. Pathogens of bark beetles (Coleoptera: Curculionidae) in Bulgarian forests. Phytoparasitica 39, 343–352.",https://doi.org/10.1007/s12600-011-0167-3,full text
3cd970ea-0cac-81ff-b5da-cd742d82aef7,800,Tomicus minor,3cd970ea-0cac-8166-a655-c3abab767baf,Nematodan,Nematode,,,pathogen; did not identify species,,,,Bulgaria,2011,"Takov et al., 2011","Takov, D., Doychev, D., Linde, A., Draganova, S., Pilarska, D., 2011. Pathogens of bark beetles (Coleoptera: Curculionidae) in Bulgarian forests. Phytoparasitica 39, 343–352.",https://doi.org/10.1007/s12600-011-0167-3,full text
3cd970ea-0cac-8188-b751-d358e9e8127b,801,Tomicus piniperda,3cd970ea-0cac-8130-bbd3-e29afac9abf6,Nematodan,Nematode,,,pathogen; did not identify species,,,,Bulgaria,2011,"Takov et al., 2011","Takov, D., Doychev, D., Linde, A., Draganova, S., Pilarska, D., 2011. Pathogens of bark beetles (Coleoptera: Curculionidae) in Bulgarian forests. Phytoparasitica 39, 343–352.",https://doi.org/10.1007/s12600-011-0167-3,full text
3cd970ea-0cac-8197-aec9-d384f7bbbaea,802,Xyleborinus saxesenii,3cd970ea-0cac-81b7-b512-e9576c08933b,Nematodan,Nematode,,,pathogen; did not identify species,,,,Bulgaria,2011,"Takov et al., 2011","Takov, D., Doychev, D., Linde, A., Draganova, S., Pilarska, D., 2011. Pathogens of bark beetles (Coleoptera: Curculionidae) in Bulgarian forests. Phytoparasitica 39, 343–352.",https://doi.org/10.1007/s12600-011-0167-3,full text
3cd970ea-0cac-813a-90cc-ed7db835c85c,826,Dendroctonus brevicomis,3cd970ea-0cac-81b8-bdb2-d0d58ae1dd6f,Contortylenchus brevicomi,Nematode,,hemocoel,,,,,British Columbia,1972,"Thong and Webster, 1972","Thong, C. H., & Webster, J. M. (1972). A Redescription of the bark beetle nematode Contortylenchus brevicomi: Synonym Contortylenchus barberus (Nematoda: Sphaerulariidae). Journal of nematology, 4(3), 213.",https://pubmed.ncbi.nlm.nih.gov/19319269/,full text
3cd970ea-0cac-8136-89c7-faec421002a1,827,Dendroctonus pseudotsugae,3cd970ea-0cac-818b-8879-fe03575b52dd,Contortylenchus reversus,Nematode,evaluation of nematodes from beetles,,parasite,,,,Canada,1975,"Thong and Webster, 1975","Thong, C. H., & Webster, J. M. (1975). Effects of the bark beetle nematode, Contortylenchus reversus, on gallery construction, fecundity, and egg viability of the Douglas fir beetle, Dendroctonus pseudotsugae (Coleoptera: Scolytidae). Journal of Invertebrate Pathology, 26(2), 235-238.",https://doi.org/10.1016/0022-2011(75)90054-3,full text
3cd970ea-0cac-8141-8298-dd26a4b6d467,828,Dendroctonus pseudotsugae,3cd970ea-0cac-818b-8879-fe03575b52dd,Bursaphelenchus varicauda n.sp.,Nematode,evaluation of nematodes from beetles,,parasite,,,,British Columbia,1983,"Thong and Webster, 1983","Thong, C. H., & Webster, J. M. (1983). Nematode parasites and associates of Dendroctonus spp. and Trypodendron lineatum (Coleoptera: Scolytidae), with a description of Bursaphelenchus varicauda n. sp. Journal of Nematology, 15(2), 312.",https://pubmed.ncbi.nlm.nih.gov/19295808/,full text
3cd970ea-0cac-81d7-9336-d2251a9d3c11,829,Dendroctonus pseudotsugae,3cd970ea-0cac-818b-8879-fe03575b52dd,Ektaphelenchus macrostylus,Nematode,evaluation of nematodes from beetles,,parasite,,,,British Columbia,1983,"Thong and Webster, 1983","Thong, C. H., & Webster, J. M. (1983). Nematode parasites and associates of Dendroctonus spp. and Trypodendron lineatum (Coleoptera: Scolytidae), with a description of Bursaphelenchus varicauda n. sp. Journal of Nematology, 15(2), 312.",https://pubmed.ncbi.nlm.nih.gov/19295808/,full text
3cd970ea-0cac-8160-983e-e7d54f047cf5,830,Dendroctonus pseudotsugae,3cd970ea-0cac-818b-8879-fe03575b52dd,Panagrolaimus dentatus,Nematode,evaluation of nematodes from beetles,,parasite,,,,British Columbia,1983,"Thong and Webster, 1983","Thong, C. H., & Webster, J. M. (1983). Nematode parasites and associates of Dendroctonus spp. and Trypodendron lineatum (Coleoptera: Scolytidae), with a description of Bursaphelenchus varicauda n. sp. Journal of Nematology, 15(2), 312.",https://pubmed.ncbi.nlm.nih.gov/19295808/,full text
3cd970ea-0cac-817d-af41-c69f0af7b83c,831,Dendroctonus pseudotsugae,3cd970ea-0cac-818b-8879-fe03575b52dd,Cryptaphelenchus latus,Nematode,evaluation of nematodes from beetles,,parasite,,,,British Columbia,1983,"Thong and Webster, 1983","Thong, C. H., & Webster, J. M. (1983). Nematode parasites and associates of Dendroctonus spp. and Trypodendron lineatum (Coleoptera: Scolytidae), with a description of Bursaphelenchus varicauda n. sp. Journal of Nematology, 15(2), 312.",https://pubmed.ncbi.nlm.nih.gov/19295808/,full text
3cd970ea-0cac-812c-a101-e6affa361a1b,832,Dendroctonus pseudotsugae,3cd970ea-0cac-818b-8879-fe03575b52dd,Parasitorhabditis obtusa,Nematode,evaluation of nematodes from beetles,gut,,,,,British Columbia,1983,"Thong and Webster, 1983","Thong, C. H., & Webster, J. M. (1983). Nematode parasites and associates of Dendroctonus spp. and Trypodendron lineatum (Coleoptera: Scolytidae), with a description of Bursaphelenchus varicauda n. sp. Journal of Nematology, 15(2), 312.",https://pubmed.ncbi.nlm.nih.gov/19295808/,full text
3cd970ea-0cac-81b0-bb14-fb8d481a4922,833,Dendroctonus pseudotsugae,3cd970ea-0cac-818b-8879-fe03575b52dd,Contortylenchus reversus,Nematode,evaluation of nematodes from beetles,hemocoel,,,,,British Columbia,1983,"Thong and Webster, 1983","Thong, C. H., & Webster, J. M. (1983). Nematode parasites and associates of Dendroctonus spp. and Trypodendron lineatum (Coleoptera: Scolytidae), with a description of Bursaphelenchus varicauda n. sp. Journal of Nematology, 15(2), 312.",https://pubmed.ncbi.nlm.nih.gov/19295808/,full text
3cd970ea-0cac-8146-91ba-e5f26477800c,834,Dendroctonus rufipennis,3cd970ea-0cac-8134-a2c9-c7fa5c20155e,Parasitorhabditis obtusa,Nematode,evaluation of nematodes from beetles,gut,,,,,British Columbia,1983,"Thong and Webster, 1983","Thong, C. H., & Webster, J. M. (1983). Nematode parasites and associates of Dendroctonus spp. and Trypodendron lineatum (Coleoptera: Scolytidae), with a description of Bursaphelenchus varicauda n. sp. Journal of Nematology, 15(2), 312.",https://pubmed.ncbi.nlm.nih.gov/19295808/,full text
3cd970ea-0cac-8177-8da8-ff86f0e88963,835,Dendroctonus rufipennis,3cd970ea-0cac-8134-a2c9-c7fa5c20155e,Contortylenchus reversus,Nematode,evaluation of nematodes from beetles,hemocoel,,,,,British Columbia,1983,"Thong and Webster, 1983","Thong, C. H., & Webster, J. M. (1983). Nematode parasites and associates of Dendroctonus spp. and Trypodendron lineatum (Coleoptera: Scolytidae), with a description of Bursaphelenchus varicauda n. sp. Journal of Nematology, 15(2), 312.",https://pubmed.ncbi.nlm.nih.gov/19295808/,full text
3cd970ea-0cac-8160-9107-c44acf90502e,836,Dendroctonus rufipennis,3cd970ea-0cac-8134-a2c9-c7fa5c20155e,Sphaerulariopsis dendroetoni,Nematode,evaluation of nematodes from beetles,hemocoel,,,,,British Columbia,1983,"Thong and Webster, 1983","Thong, C. H., & Webster, J. M. (1983). Nematode parasites and associates of Dendroctonus spp. and Trypodendron lineatum (Coleoptera: Scolytidae), with a description of Bursaphelenchus varicauda n. sp. Journal of Nematology, 15(2), 312.",https://pubmed.ncbi.nlm.nih.gov/19295808/,full text
3cd970ea-0cac-8198-8d9a-f6b59209c234,837,Dendroctonus brevicomis,3cd970ea-0cac-81b8-bdb2-d0d58ae1dd6f,Contortylenchus brevicomi,Nematode,evaluation of nematodes from beetles,hemocoel,,,,,British Columbia,1983,"Thong and Webster, 1983","Thong, C. H., & Webster, J. M. (1983). Nematode parasites and associates of Dendroctonus spp. and Trypodendron lineatum (Coleoptera: Scolytidae), with a description of Bursaphelenchus varicauda n. sp. Journal of Nematology, 15(2), 312.",https://pubmed.ncbi.nlm.nih.gov/19295808/,full text
3cd970ea-0cac-8160-be00-e2fd974ac8c8,838,Trypodendron lineatum,3cd970ea-0cac-81f6-9fae-dff5cefc9112,tylenchid larva parasitizing,Nematode,evaluation of nematodes from beetles,hemocoel,,,,,British Columbia,1983,"Thong and Webster, 1983","Thong, C. H., & Webster, J. M. (1983). Nematode parasites and associates of Dendroctonus spp. and Trypodendron lineatum (Coleoptera: Scolytidae), with a description of Bursaphelenchus varicauda n. sp. Journal of Nematology, 15(2), 312.",https://pubmed.ncbi.nlm.nih.gov/19295808/,full text
3cd970ea-0cac-8180-9255-cc4e66eb992e,839,Dendroctonus ponderosae,3cd970ea-0cac-8190-bc06-f7745f245114,Aphelenchulus reversus,Nematode,,,parasite,,,,"Utah, United States",1935,"Thorne, 1935","Thorne, G. (1935). Nemic parasites and associates of the mountain pine beetle (Dendroctonus monticolae) in Utah. J. Agric. Res. 51, 131–144.",,
3cd970ea-0cac-817a-9e90-ef80f8e400f3,840,Dendroctonus ponderosae,3cd970ea-0cac-8190-bc06-f7745f245114,Anguillulina pinophila,Nematode,,,,,,,"Utah, United States",1935,"Thorne, 1935","Thorne, G. (1935). Nemic parasites and associates of the mountain pine beetle (Dendroctonus monticolae) in Utah. J. Agric. Res. 51, 131–144.",,
3cd970ea-0cac-81c2-83c8-d9538b9d0e4f,841,Dendroctonus ponderosae,3cd970ea-0cac-8190-bc06-f7745f245114,Anguillulina magnicauda,Nematode,,,,,,,"Utah, United States",1935,"Thorne, 1935","Thorne, G. (1935). Nemic parasites and associates of the mountain pine beetle (Dendroctonus monticolae) in Utah. J. Agric. Res. 51, 131–144.",,
3cd970ea-0cac-81bc-9753-c915c1443990,842,Dendroctonus ponderosae,3cd970ea-0cac-8190-bc06-f7745f245114,Aphelenchoides brachycephalus,Nematode,,,,,,,"Utah, United States",1935,"Thorne, 1935","Thorne, G. (1935). Nemic parasites and associates of the mountain pine beetle (Dendroctonus monticolae) in Utah. J. Agric. Res. 51, 131–144.",,
3cd970ea-0cac-8101-b8cb-f340969980f5,843,Dendroctonus ponderosae,3cd970ea-0cac-8190-bc06-f7745f245114,Aphelenchoides talonus,Nematode,,,,,,,"Utah, United States",1935,"Thorne, 1935","Thorne, G. (1935). Nemic parasites and associates of the mountain pine beetle (Dendroctonus monticolae) in Utah. J. Agric. Res. 51, 131–144.",,
3cd970ea-0cac-81a5-add4-c11ee1fc2434,844,Dendroctonus ponderosae,3cd970ea-0cac-8190-bc06-f7745f245114,Aphelenchoides tenuidens,Nematode,,,,,,,"Utah, United States",1935,"Thorne, 1935","Thorne, G. (1935). Nemic parasites and associates of the mountain pine beetle (Dendroctonus monticolae) in Utah. J. Agric. Res. 51, 131–144.",,
3cd970ea-0cac-81e3-a806-cce9cbff3a0a,845,Dendroctonus ponderosae,3cd970ea-0cac-8190-bc06-f7745f245114,Aphelenchoides latus,Nematode,,,,,,,"Utah, United States",1935,"Thorne, 1935","Thorne, G. (1935). Nemic parasites and associates of the mountain pine beetle (Dendroctonus monticolae) in Utah. J. Agric. Res. 51, 131–144.",,
3cd970ea-0cac-81ac-8c29-f6890f85de5e,846,Dendroctonus ponderosae,3cd970ea-0cac-8190-bc06-f7745f245114,Panagrodontus dentatus,Nematode,,,,,,,"Utah, United States",1935,"Thorne, 1935","Thorne, G. (1935). Nemic parasites and associates of the mountain pine beetle (Dendroctonus monticolae) in Utah. J. Agric. Res. 51, 131–144.",,
3cd970ea-0cac-813b-8c99-f805d65a9ca4,847,Dendroctonus ponderosae,3cd970ea-0cac-8190-bc06-f7745f245114,Diplogaster pinicola,Nematode,,,,,,,"Utah, United States",1935,"Thorne, 1935","Thorne, G. (1935). Nemic parasites and associates of the mountain pine beetle (Dendroctonus monticolae) in Utah. J. Agric. Res. 51, 131–144.",,
3cd970ea-0cac-81b0-9d43-fcf8a90b49ed,848,Dendroctonus ponderosae,3cd970ea-0cac-8190-bc06-f7745f245114,Rhabditis obtusa,Nematode,,,,,,,"Utah, United States",1935,"Thorne, 1935","Thorne, G. (1935). Nemic parasites and associates of the mountain pine beetle (Dendroctonus monticolae) in Utah. J. Agric. Res. 51, 131–144.",,
3cd970ea-0cac-8105-8c56-ce0a80d558f9,851,Hylurgopinus rufipes,3cd970ea-0cac-8126-bcd3-db91d266547f,Parasitaphelenchus oldhami,Nematode,,,parasite,,,,Canada,1988,Tomalak et al. 1988,"Tomalak M., H.E. Welch & T.D. Galloway 1988. Interaction of Parasitic Nematode Parasitaphelenchus oldhami (Nematoda: Aphelenchoididae) and a Bacterium in Dutch Elm Disease Vector, Hylurgopinus rufipes (Coleoptera: Scolytidae). Journal of Invertebrate Pathology 52, 301-08.",https://doi.org/10.1016/0022-2011(88)90139-5,full text
3cd970ea-0cac-8199-b72b-fa971a2571f6,857,Ips typographus,3cd970ea-0cac-81e7-bd37-c7209a5601d7,Polymorphotylenchus typographi,Nematode,isolated from infected beetle,,,,infection test,,,2007,Tonka et al. 2007,"Tonka, T., Pultar, O., & Weiser, J. (2007). Survival of the spruce bark beetle, Ips typographus, infected with pathogens or parasites. IOBC WPRS BULLETIN, 30(1), 211-215.",https://www.researchgate.net/profile/Milan-Pernek/publication/311344954_Occurence_of_Gregarina_typographi_Sporozoa_Gregarinidae_and_Metschnikowia_cf_typographi_Ascomycota_Metschnikowiacae_in_Ips_sexdentatus_Coleoptera_Scolytidae_from_Austria/links/5f16b54d92851cd5fa39b48c/Occurence-of-Gregarina-typographi-Sporozoa-Gregarinidae-and-Metschnikowia-cf-typographi-Ascomycota-Metschnikowiacae-in-Ips-sexdentatus-Coleoptera-Scolytidae-from-Austria.pdf#page=140,full text
3cd970ea-0cac-8138-afcf-dcb3d2e7c7ce,870,Ips typographus,3cd970ea-0cac-81e7-bd37-c7209a5601d7,Contortylenchus diphogaster,Nematode,,,parasite,,,,Germany,1996,"Wegensteiner and Weiser, 1996a","Wegensteiner R. & J. Weiser 1996a. Untersuchungen zum Auftreten von Pathogenen bei Ips typographus (Coleoptera, Scolytidae) aus einem Naturschutzgebiet im Schwarzwald (Baden-Württemberg). Anzeiger für Schädlingskunde, Pflanzenschutz, Umweltschutz 69, 162-67.",https://doi.org/10.1007/BF01906808,full text
3cd970ea-0cac-8125-a78b-c6af89393f65,871,Ips typographus,3cd970ea-0cac-81e7-bd37-c7209a5601d7,Cryptaphelenchus macrogaster macrogaster,Nematode,,,parasite,,,,Germany,1996,"Wegensteiner and Weiser, 1996a","Wegensteiner R. & J. Weiser 1996a. Untersuchungen zum Auftreten von Pathogenen bei Ips typographus (Coleoptera, Scolytidae) aus einem Naturschutzgebiet im Schwarzwald (Baden-Württemberg). Anzeiger für Schädlingskunde, Pflanzenschutz, Umweltschutz 69, 162-67.",https://doi.org/10.1007/BF01906808,full text
3cd970ea-0cac-8112-acba-c199f420138c,926,Trypodendron laeve,3cd970ea-0cac-81cd-8a34-df358113d159,Nematodes,Nematode,,,parasite; association report,,,,Czech Republic,2016,"Wegensteiner et al., 2016","Wegensteiner, R., Lukášová, K., Vanická, H., Zimová, S., Kacprzyk, M., & Holuša, J. (2016). Extremely low infection levels of pathogens and nematodes in Trypodendron spp.(Coleoptera: Curculionidae). Central European Forestry Journal, 62(4), 202-206.",https://reference-global.com/download/article/10.1515/forj-2016-0025.pdf,full text
3cd970ea-0cac-812b-a6cc-f42c19938a49,927,Trypodendron domesticum,3cd970ea-0cac-8190-8717-c8fec4caa117,Nematodes,Nematode,,,parasite; association report,,,,Poland,2016,"Wegensteiner et al., 2016","Wegensteiner, R., Lukášová, K., Vanická, H., Zimová, S., Kacprzyk, M., & Holuša, J. (2016). Extremely low infection levels of pathogens and nematodes in Trypodendron spp.(Coleoptera: Curculionidae). Central European Forestry Journal, 62(4), 202-206.",https://reference-global.com/download/article/10.1515/forj-2016-0025.pdf,full text
3cd970ea-0cac-81f8-b8eb-cfe0b5c06a05,928,Trypodendron lineatum,3cd970ea-0cac-81f6-9fae-dff5cefc9112,Nematodes,Nematode,,,parasite; association report,,,,Czech Republic,2016,"Wegensteiner et al., 2016","Wegensteiner, R., Lukášová, K., Vanická, H., Zimová, S., Kacprzyk, M., & Holuša, J. (2016). Extremely low infection levels of pathogens and nematodes in Trypodendron spp.(Coleoptera: Curculionidae). Central European Forestry Journal, 62(4), 202-206.",https://reference-global.com/download/article/10.1515/forj-2016-0025.pdf,full text
3cd970ea-0cac-81ac-8951-d94df515791b,929,Trypodendron lineatum,3cd970ea-0cac-81f6-9fae-dff5cefc9112,Nematodes,Nematode,,,parasite; association report,,,,Poland,2016,"Wegensteiner et al., 2016","Wegensteiner, R., Lukášová, K., Vanická, H., Zimová, S., Kacprzyk, M., & Holuša, J. (2016). Extremely low infection levels of pathogens and nematodes in Trypodendron spp.(Coleoptera: Curculionidae). Central European Forestry Journal, 62(4), 202-206.",https://reference-global.com/download/article/10.1515/forj-2016-0025.pdf,full text
3cd970ea-0cac-817d-aad0-e7e4fa09cf29,949,Ips typographus,3cd970ea-0cac-81e7-bd37-c7209a5601d7,Contortylenchus dispar,Nematode,evaluation of pathogen from beetles,,occurrence survey,,,,Czech Republic,2006,"Weiser et al., 2006","Weiser, J., Holuša, J., & Žižka, Z. (2006). Larssoniella duplicati n. sp.(Microsporidia, Unikaryonidae), a newly described pathogen infecting the double-spined spruce bark beetle, Ips duplicatus (Coleoptera, Scolytidae) in the Czech Republic. Journal of Pest Science, 79(3), 127-135.",https://doi.org/10.1007/s10340-006-0124-y,full text
3cd970ea-0cac-8117-9975-f0978d497409,950,Ips typographus,3cd970ea-0cac-81e7-bd37-c7209a5601d7,Polymorphotylenchus typographi,Nematode,evaluation of pathogen from beetles,,occurrence survey,,,,Czech Republic,2006,"Weiser et al., 2006","Weiser, J., Holuša, J., & Žižka, Z. (2006). Larssoniella duplicati n. sp.(Microsporidia, Unikaryonidae), a newly described pathogen infecting the double-spined spruce bark beetle, Ips duplicatus (Coleoptera, Scolytidae) in the Czech Republic. Journal of Pest Science, 79(3), 127-135.",https://doi.org/10.1007/s10340-006-0124-y,full text
3cd970ea-0cac-81fa-ae1e-dff1f389bb19,957,Ips duplicatus,3cd970ea-0cac-8141-8c9c-eda2a1055c4c,Contortylenchus amitini,Nematode,evaluation of pathogen from beetles,,occurrence survey,,,,Czech Republic,2006,"Weiser et al., 2006","Weiser, J., Holuša, J., & Žižka, Z. (2006). Larssoniella duplicati n. sp.(Microsporidia, Unikaryonidae), a newly described pathogen infecting the double-spined spruce bark beetle, Ips duplicatus (Coleoptera, Scolytidae) in the Czech Republic. Journal of Pest Science, 79(3), 127-135.",https://doi.org/10.1007/s10340-006-0124-y,full text
3cd970ea-0cac-817f-a1ff-ec41cb91ce0a,967,Pityophthorus juglandis,3cd970ea-0cac-8111-9407-c5f2c0f947a5,Bursaphlenhus juglandis,Nematode,,,association report,,,,Russia,2023,"Williams and Ginzel, 2023","Williams, G. M., & Ginzel, M. D. (2023). Functional roles of nematodes associated with the walnut twig beetle and eastern black walnut in the inland northwest. Forest Pathology, 53(1), e12791.",https://doi.org/10.1111/efp.12791,full text
3cd970ea-0cac-81ba-9905-c449aab39821,968,Pityophthorus juglandis,3cd970ea-0cac-8111-9407-c5f2c0f947a5,Panagrolaimus sp.,Nematode,,,association report,,,,Russia,2023,"Williams and Ginzel, 2023","Williams, G. M., & Ginzel, M. D. (2023). Functional roles of nematodes associated with the walnut twig beetle and eastern black walnut in the inland northwest. Forest Pathology, 53(1), e12791.",https://doi.org/10.1111/efp.12791,full text
3cd970ea-0cac-81e9-bed3-eaa83df6db89,969,Pityophthorus juglandis,3cd970ea-0cac-8111-9407-c5f2c0f947a5,Panagrolaimus multidentatus,Nematode,,,association report,,,,Russia,2023,"Williams and Ginzel, 2023","Williams, G. M., & Ginzel, M. D. (2023). Functional roles of nematodes associated with the walnut twig beetle and eastern black walnut in the inland northwest. Forest Pathology, 53(1), e12791.",https://doi.org/10.1111/efp.12791,full text
3cd970ea-0cac-81d9-b1aa-ca0119b71843,981,Dendroctonus micans,3cd970ea-0cac-818b-bd09-d27467805361,Nematode,Nematode,,,occurrence survey,,,,Turkey,2008,"Yaman and Radek, 2008","Yaman, M., & Radek, R. (2008). Pathogens and parasites of adults of the great spruce bark beetle, Dendroctonus micans (Kugelann)(Coleoptera: Curculionidae, Scolytinae) from Turkey. Journal of Pest Science, 81(2), 91-97.",https://doi.org/10.1007/s10340-007-0190-9,full text
3cd970ea-0cac-8144-a3c4-d49b92fdda77,1006,Ips duplicatus,3cd970ea-0cac-8141-8c9c-eda2a1055c4c,intestinal nematodes,Nematode,,,occurrence survey,,,,Sweden,2019,"Zimová et al., 2019","Zimová, S., Resnerová, K., Vanická, H., Horák, J., Trombik, J., Kacprzyk, M., ... & Holuša, J. (2019). Infection Levels of the Microsporidium Larssoniella duplicati in populations of the invasive bark beetle Ips Duplicatus: from native to new outbreak areas. Forests, 10(2), 131.",https://doi.org/10.3390/f10020131,full text
3cd970ea-0cac-81c2-8a29-c8fdcde5afe1,1007,Ips duplicatus,3cd970ea-0cac-8141-8c9c-eda2a1055c4c,intestinal nematodes,Nematode,,,occurrence survey,,,,Poland,2019,"Zimová et al., 2019","Zimová, S., Resnerová, K., Vanická, H., Horák, J., Trombik, J., Kacprzyk, M., ... & Holuša, J. (2019). Infection Levels of the Microsporidium Larssoniella duplicati in populations of the invasive bark beetle Ips Duplicatus: from native to new outbreak areas. Forests, 10(2), 131.",https://doi.org/10.3390/f10020131,full text
3cd970ea-0cac-8130-af30-e8392ca2cdfc,1008,Ips duplicatus,3cd970ea-0cac-8141-8c9c-eda2a1055c4c,intestinal nematodes,Nematode,,,occurrence survey,,,,Czech Republic,2019,"Zimová et al., 2019","Zimová, S., Resnerová, K., Vanická, H., Horák, J., Trombik, J., Kacprzyk, M., ... & Holuša, J. (2019). Infection Levels of the Microsporidium Larssoniella duplicati in populations of the invasive bark beetle Ips Duplicatus: from native to new outbreak areas. Forests, 10(2), 131.",https://doi.org/10.3390/f10020131,full text
3cd970ea-0cac-810e-a4a0-fb7767700739,1009,Ips duplicatus,3cd970ea-0cac-8141-8c9c-eda2a1055c4c,intestinal nematodes,Nematode,,,occurrence survey,,,,Romania,2019,"Zimová et al., 2019","Zimová, S., Resnerová, K., Vanická, H., Horák, J., Trombik, J., Kacprzyk, M., ... & Holuša, J. (2019). Infection Levels of the Microsporidium Larssoniella duplicati in populations of the invasive bark beetle Ips Duplicatus: from native to new outbreak areas. Forests, 10(2), 131.",https://doi.org/10.3390/f10020131,full text
3cd970ea-0cac-8167-8564-f10a0ba320a5,1010,Ips duplicatus,3cd970ea-0cac-8141-8c9c-eda2a1055c4c,hemolymph nematodes,Nematode,,,occurrence survey,,,,Sweden,2019,"Zimová et al., 2019","Zimová, S., Resnerová, K., Vanická, H., Horák, J., Trombik, J., Kacprzyk, M., ... & Holuša, J. (2019). Infection Levels of the Microsporidium Larssoniella duplicati in populations of the invasive bark beetle Ips Duplicatus: from native to new outbreak areas. Forests, 10(2), 131.",https://doi.org/10.3390/f10020131,full text
3cd970ea-0cac-81d8-92b3-db1bbcfec445,1011,Ips duplicatus,3cd970ea-0cac-8141-8c9c-eda2a1055c4c,hemolymph nematodes,Nematode,,,occurrence survey,,,,Poland,2019,"Zimová et al., 2019","Zimová, S., Resnerová, K., Vanická, H., Horák, J., Trombik, J., Kacprzyk, M., ... & Holuša, J. (2019). Infection Levels of the Microsporidium Larssoniella duplicati in populations of the invasive bark beetle Ips Duplicatus: from native to new outbreak areas. Forests, 10(2), 131.",https://doi.org/10.3390/f10020131,full text
3cd970ea-0cac-81b6-84e6-ccf89187d7a7,1012,Ips duplicatus,3cd970ea-0cac-8141-8c9c-eda2a1055c4c,hemolymph nematodes,Nematode,,,occurrence survey,,,,Czech Republic,2019,"Zimová et al., 2019","Zimová, S., Resnerová, K., Vanická, H., Horák, J., Trombik, J., Kacprzyk, M., ... & Holuša, J. (2019). Infection Levels of the Microsporidium Larssoniella duplicati in populations of the invasive bark beetle Ips Duplicatus: from native to new outbreak areas. Forests, 10(2), 131.",https://doi.org/10.3390/f10020131,full text
3cd970ea-0cac-815f-aed6-e5c1cc36b999,1013,Ips duplicatus,3cd970ea-0cac-8141-8c9c-eda2a1055c4c,hemolymph nematodes,Nematode,,,occurrence survey,,,,Romania,2019,"Zimová et al., 2019","Zimová, S., Resnerová, K., Vanická, H., Horák, J., Trombik, J., Kacprzyk, M., ... & Holuša, J. (2019). Infection Levels of the Microsporidium Larssoniella duplicati in populations of the invasive bark beetle Ips Duplicatus: from native to new outbreak areas. Forests, 10(2), 131.",https://doi.org/10.3390/f10020131,full text
